"last_name, first_name",player_id,bat_side,year,ab,pa,hit,single,double,triple,home_run,strikeout,walk,k_percent,bb_percent,batting_avg,slg_percent,on_base_percent,on_base_plus_slg,isolated_power,xba,xslg,woba,xwoba,xobp,xiso,exit_velocity_avg,launch_angle_avg,sweet_spot_percent,barrel_batted_rate,hard_hit_percent,avg_best_speed,whiff_percent,swing_percent,pull_percent,opposite_percent,groundballs_percent,flyballs_percent,linedrives_percent
"Meidroth, Chase",805367,R,2026,566,643,156,109,31,0,16,141,61,21.9,9.5,.276,.415,.350,0.765,0.139,.239,.348,.339,.301,.320,.109,87.2,8.5,34.1,4.6,34.6,97.389329665,19.7,42,41,24.4,49.5,21.7,24.4
"Bohm, Alec",664761,R,2026,565,625,141,96,29,1,15,88,46,14.1,7.4,.250,.384,.314,0.698,0.134,.265,.413,.308,.327,.329,.148,90.6,8.6,33.8,6,43.8,100.312855851,16.5,46.1,28.8,25.9,47.3,23.2,24.9
"Stott, Bryson",681082,L,2026,533,604,134,84,34,6,10,100,61,16.6,10.1,.251,.394,.330,0.724,0.143,.266,.400,.321,.329,.343,.134,89.3,14.2,35,5.9,37.3,98.654084725,18.8,41.8,36.1,21.6,42,27,24.8
"Abreu, Wilyer",677800,L,2026,594,677,148,82,38,4,24,140,70,20.7,10.3,.249,.448,.328,0.776,0.199,.253,.470,.336,.347,.331,.217,89.8,19,36.1,12.6,43.5,100.876206783,24.6,47.5,35.7,28.8,33.1,35.9,22.3
"Olson, Matt",621566,L,2026,623,696,157,82,34,0,41,170,64,24.4,9.2,.252,.504,.322,0.826,0.252,.247,.503,.352,.351,.315,.256,92.5,18,32,14.2,51.9,103.620535721,25.4,46.8,37.9,26.4,37,35.3,20
"Trout, Mike",545361,R,2026,513,634,124,76,26,0,22,165,107,26,16.9,.242,.421,.382,0.803,0.179,.255,.487,.354,.381,.384,.232,90.1,17.4,38,16,46.3,102.780727771,25.6,39.8,36,24.9,36.3,31.4,25.1
"Turang, Brice",668930,L,2026,578,676,155,94,37,3,21,171,90,25.3,13.3,.268,.452,.367,0.819,0.184,.254,.428,.359,.344,.353,.174,90.2,8.9,38.6,7.8,41.5,100.318934925,23.3,43.2,29,30.4,46.6,22.7,28.7
"McNeil, Jeff",643446,L,2026,474,516,126,94,23,0,9,59,31,11.4,6,.266,.371,.315,0.686,0.105,.271,.359,.304,.300,.318,.088,86.3,14.1,37.9,1.7,29.8,96.226013828,15.8,59.1,41.2,25.5,41.9,21.9,29
"Rodríguez, Julio",677594,R,2026,591,649,147,99,26,0,22,144,47,22.2,7.2,.249,.404,.310,0.714,0.155,.266,.442,.313,.336,.324,.177,90.3,12.7,31.7,8.9,44.1,102.3967876,26.5,51.9,39.2,23.7,42.8,25.5,24.8
"Busch, Michael",683737,L,2026,597,707,145,96,27,2,20,165,92,23.3,13,.243,.395,.354,0.749,0.152,.233,.402,.334,.332,.343,.170,88.4,15.7,34.3,9.2,39.8,98.881320459,25.6,43.8,39.6,26.3,39.6,34.6,21.3
"Bleday, JJ",668709,L,2026,462,541,99,57,16,2,24,120,72,22.2,13.3,.214,.413,.322,0.735,0.199,.239,.420,.325,.339,.344,.182,88.4,23.2,39.1,9.6,40.1,99.817016959,26.5,46.2,46.7,20,28.7,33.6,27.2
"Dubón, Mauricio",643289,R,2026,568,615,156,114,28,3,11,73,35,11.9,5.7,.275,.393,.320,0.713,0.118,.267,.373,.314,.303,.314,.105,86.4,15.9,36.4,3.8,29.3,96.506413563,15.4,53.6,31.2,29.6,40.6,25.6,25.8
"Stewart, Sal",701398,R,2026,619,696,164,107,25,0,32,155,63,22.3,9.1,.265,.460,.332,0.792,0.195,.257,.467,.341,.344,.325,.210,90.4,12.7,35.4,12.3,41.6,100.825005129,27.1,49.4,32.1,28.3,45.1,27.8,22.8
"Rocchio, Brayan",677587,S,2026,534,592,135,93,25,2,15,85,38,14.4,6.4,.253,.391,.313,0.704,0.138,.246,.350,.312,.294,.309,.104,87,13.8,34.9,2.9,30,96.81810991,22.1,50,43.2,20.3,41.5,25.5,25.5
"Wetherholt, JJ",802139,L,2026,537,619,130,98,15,0,17,104,64,16.8,10.3,.242,.365,.339,0.704,0.123,.255,.435,.318,.347,.350,.180,89.7,11.5,34.9,7.4,44.9,99.375158009,20.2,42,36.3,23.7,45.3,29.2,22.1
"Canzone, Dominic",686527,L,2026,473,528,125,70,28,4,23,110,47,20.8,8.9,.264,.486,.335,0.821,0.222,.274,.492,.354,.359,.342,.219,91.1,10.7,35.8,12.3,44.8,102.358481585,26.8,47.3,39.3,19.9,44.3,27.6,22.7
"Walker, Jordan",691023,R,2026,605,663,164,102,33,0,29,173,50,26.1,7.5,.271,.469,.329,0.798,0.198,.263,.463,.346,.340,.322,.199,92.7,11.7,32.3,13.3,50,104.865571697,32.3,52.1,38.8,21.8,42.9,24.3,24.5
"Bazzana, Travis",683953,L,2026,445,513,110,70,22,3,15,107,56,20.9,10.9,.247,.411,.337,0.748,0.164,.226,.350,.330,.301,.319,.124,87.8,15.2,30,5.2,36.7,98.375730765,23.5,45.7,39.1,22.2,41.1,28.6,20.7
"Schwarber, Kyle",656941,L,2026,577,696,133,68,19,1,45,219,104,31.5,14.9,.231,.501,.353,0.854,0.270,.235,.486,.367,.363,.351,.251,92.3,20.2,37.4,15.4,49.2,103.355917692,33.2,44.3,53.8,17,31,32.1,26.4
"Antonacci, Sam",803011,L,2026,477,553,131,95,24,4,8,82,43,14.8,7.8,.275,.392,.367,0.759,0.117,.282,.397,.342,.346,.375,.115,87.5,9.8,37.5,5,33.6,97.511373636,14.7,42.5,32,25.5,50,21.8,25
"Aranda, Jonathan",666018,L,2026,578,666,158,110,26,0,22,162,69,24.3,10.4,.273,.433,.357,0.790,0.160,.254,.438,.347,.343,.341,.184,91,14.4,38.9,9.9,45.9,100.537695708,22.5,46.7,30,30.4,37,31.4,27.6
"Burger, Jake",669394,R,2026,552,616,127,76,23,0,28,165,56,26.8,9.1,.230,.424,.304,0.728,0.194,.228,.422,.318,.316,.303,.194,90.1,13.9,29.2,12.3,45.5,102.450399026,34.1,49.7,44,19.2,43.5,29.2,18.9
"Young, Cole",702284,L,2026,575,634,141,101,19,4,17,109,42,17.2,6.6,.245,.381,.310,0.691,0.136,.259,.391,.306,.315,.323,.132,88.3,13.6,33,5.1,37.7,99.083510598,19.7,48.2,41.9,22.6,42.6,26.4,22.1
"Giménez, Andrés",665926,L,2026,466,505,114,79,25,1,9,94,17,18.6,3.4,.245,.361,.290,0.651,0.116,.237,.333,.286,.275,.284,.096,85.4,13,30.1,3.4,24.8,95.843330652,24.3,58,39.8,27.4,45.4,23.2,22.2
"Betts, Mookie",605141,R,2026,476,526,123,75,25,0,23,56,47,10.6,8.9,.258,.456,.327,0.783,0.198,.279,.437,.340,.341,.342,.157,90.2,17.9,40.4,7.8,38,98.722352796,12.3,41.2,40.1,20.2,32.8,32.8,27.8
"Keaschall, Luke",807712,R,2026,526,615,149,107,28,4,10,87,57,14.1,9.3,.283,.409,.372,0.781,0.126,.251,.369,.347,.320,.344,.118,85.4,17.9,35.2,3.8,29.2,96.610734706,17,42.8,39,28.3,37,29.6,24.5
"Murakami, Munetaka",808959,L,2026,450,549,93,42,15,1,35,195,92,35.5,16.8,.207,.478,.348,0.826,0.271,.202,.465,.356,.349,.335,.263,93.9,16,30.1,20.3,56.6,104.446589606,42.3,40.5,46.5,19.5,41.4,38.3,15.6
"Altuve, Jose",514888,R,2026,519,568,130,88,24,2,16,113,41,19.9,7.2,.250,.397,.307,0.704,0.147,.224,.325,.309,.271,.283,.102,85.7,10.9,32.1,4.2,31.6,96.9114455,22,49.2,42.8,16.1,46.5,21.9,23.6
"Rafaela, Ceddanne",678882,R,2026,539,574,152,101,32,3,16,116,22,20.2,3.8,.282,.442,.318,0.760,0.160,.249,.362,.330,.284,.287,.113,86.4,12,34.3,5.4,32,96.938008578,24.7,57.7,34.3,32.2,43.9,25.9,25
"Marte, Ketel",606466,S,2026,558,620,139,83,31,3,22,86,51,13.9,8.2,.249,.434,.316,0.750,0.185,.276,.455,.324,.345,.337,.179,90.1,13.7,31.4,9.3,42.6,101.741103051,19.8,48.5,48.8,18,41.7,27.9,22.9
"Stowers, Kyle",669065,L,2026,447,512,107,55,27,4,21,161,52,31.4,10.2,.239,.459,.331,0.790,0.220,.227,.437,.341,.329,.314,.210,92.5,18.1,33.2,12.8,56.4,103.41265375,35.6,53,46,18.3,37,33.2,22.1
"Walker, Christian",572233,R,2026,568,630,127,72,26,1,28,147,49,23.3,7.8,.224,.421,.295,0.716,0.197,.227,.394,.312,.303,.296,.168,89.1,14.7,31.8,9.4,40.8,101.073666934,29.1,50.5,41.3,26.4,42.7,28.1,21.5
"Herrera, Iván",671056,R,2026,602,713,146,100,26,1,19,137,75,19.2,10.5,.243,.384,.353,0.737,0.141,.248,.386,.330,.334,.355,.139,89.4,9.3,31.3,6,40.5,100.66316515,20.7,44.3,37.9,22.3,48.7,20,22.6
"Henderson, Gunnar",683002,L,2026,623,702,141,84,27,6,24,156,67,22.2,9.5,.226,.404,.311,0.715,0.178,.246,.401,.314,.322,.326,.155,89.2,12.2,32.6,7.7,43.3,100.503316128,23.3,47.5,42.6,22,44.1,26,23.2
"Bellinger, Cody",641355,L,2026,496,562,131,86,25,3,17,89,59,15.8,10.5,.264,.429,.338,0.767,0.165,.271,.411,.336,.335,.347,.140,89.2,17.6,38.2,6.6,37.8,98.486220194,20,47.1,45.2,18.6,36.2,30.2,24.9
"Ohtani, Shohei",660271,L,2026,520,615,143,83,26,4,30,152,81,24.7,13.2,.275,.513,.377,0.890,0.238,.286,.552,.377,.397,.372,.267,93.3,12.4,38.3,16.4,52,103.740457135,31.8,46.5,47.7,21.7,42.4,30.6,23.9
"Alvarez, Yordan",670541,L,2026,562,686,178,101,34,1,42,118,109,17.2,15.9,.317,.605,.433,1.038,0.288,.319,.640,.430,.443,.408,.320,94.4,18.9,40.3,16.1,53.9,104.915906161,19.8,43.5,41.4,25.2,30.3,37.6,26.9
"Perez, Salvador",521692,R,2026,577,624,132,86,24,1,21,119,25,19.1,4,.229,.383,.273,0.656,0.154,.249,.437,.285,.315,.291,.188,89.2,15.3,35.3,10.5,42.6,100.382629185,25.1,56.3,40.2,25.2,38.5,30.1,25.2
"Vargas, Miguel",678246,R,2026,588,704,147,82,31,1,33,126,101,17.9,14.3,.250,.474,.363,0.837,0.224,.263,.496,.363,.378,.371,.233,90.1,20.5,39.4,13,43.8,100.367790769,21,43.9,46.7,21.1,30.1,35.4,23.9
"McGonigle, Kevin",805808,L,2026,602,704,166,116,28,5,17,99,95,14.1,13.5,.276,.424,.375,0.799,0.148,.264,.444,.355,.355,.364,.180,87.8,19.5,36.5,7.1,37.5,98.445477154,16.2,42.8,37.3,26.8,33.7,35.5,22.9
"Riley, Austin",663586,R,2026,563,626,124,82,21,2,19,200,47,31.9,7.5,.220,.366,.291,0.657,0.146,.214,.398,.291,.300,.286,.184,91.3,18.5,34.5,12.5,44.3,102.116084783,32.1,48.8,39.4,25,36.7,29.9,24.2
"Muncy, Max",571970,L,2026,485,556,121,65,26,1,29,140,63,25.2,11.3,.249,.487,.344,0.831,0.238,.240,.464,.359,.345,.331,.223,89.9,17.5,35.5,12.7,45.7,100.975024971,29.3,45,50.9,17.9,37.9,32.7,22.3
"Marsee, Jakob",805300,L,2026,516,616,119,82,19,7,11,126,78,20.5,12.7,.231,.359,.348,0.707,0.128,.233,.334,.321,.314,.349,.101,87.3,18.1,33.5,3.8,34.5,97.82960178,18,40.9,40.3,25.9,37,22.7,28.7
"Bichette, Bo",666182,R,2026,633,691,165,120,25,2,18,126,49,18.2,7.1,.261,.392,.313,0.705,0.131,.281,.425,.310,.332,.333,.143,89.6,8,37.5,6.4,41.8,100.778102179,19.5,53,26.3,37,46.5,23.9,27.2
"Adell, Jo",666176,R,2026,600,656,143,94,26,1,22,157,33,23.9,5,.238,.395,.296,0.691,0.157,.255,.438,.303,.325,.312,.183,90.3,16.3,32.1,8.8,44.5,102.428170811,28.2,53.3,40.8,25.2,40.6,26.6,23.4
"Rumfield, TJ",681198,L,2026,547,631,164,115,30,3,16,86,72,13.6,11.4,.300,.453,.390,0.843,0.153,.261,.386,.373,.333,.357,.125,84.3,15.7,37.4,5,27.9,96.180816261,18.8,48.3,40.8,25.1,39.5,28.7,25.7
"Burleson, Alec",676475,L,2026,605,670,169,105,37,1,26,121,55,18.1,8.2,.279,.473,.343,0.816,0.194,.289,.522,.353,.374,.349,.234,92,13,34.6,11.3,50,102.344379671,22.5,53.6,48.6,22.5,44.7,26.6,22.5
"Guerrero Jr., Vladimir",665489,R,2026,542,609,141,107,25,0,9,81,56,13.3,9.2,.260,.356,.332,0.688,0.096,.280,.400,.306,.331,.346,.121,90.3,8.3,28.7,6.9,44.3,102.693695855,20.1,47.2,35.1,26.3,48.6,19.3,25.3
"Edwards, Xavier",669364,S,2026,518,595,145,116,17,6,6,83,68,13.9,11.4,.280,.371,.360,0.731,0.091,.258,.356,.325,.311,.337,.098,86.8,9.4,36.3,3.2,28.4,96.430260463,17.6,43.8,28.6,32.9,48.2,22.7,24.8
"Díaz, Yandy",650490,R,2026,614,686,180,131,26,1,22,98,56,14.3,8.2,.293,.446,.359,0.805,0.153,.281,.439,.351,.346,.346,.157,90.9,6,29.7,7.1,48.1,102.454762731,14.8,47.5,22.8,30.3,50.8,19.5,24.1
"Reynolds, Bryan",668804,S,2026,594,697,155,95,40,3,17,161,88,23.1,12.6,.261,.424,.365,0.789,0.163,.255,.444,.349,.355,.359,.189,90.8,8.3,38.5,11.2,47.9,101.857125046,28.2,46.7,38.8,25.2,45.9,26.8,24.3
"Lee, Brooks",686797,S,2026,582,627,147,95,25,3,24,102,37,16.3,5.9,.253,.430,.300,0.730,0.177,.231,.352,.317,.278,.279,.121,88.1,16.1,32,4.3,33.9,97.46075834,20.8,53.4,42.4,22.3,39.5,30.2,23.1
"Baldwin, Drake",686948,L,2026,549,615,156,110,21,0,25,132,55,21.5,8.9,.284,.459,.358,0.817,0.175,.279,.505,.358,.370,.352,.226,91.5,11,37.5,12.9,50.6,102.266130048,24.4,51.2,30.8,26.5,44.2,26.3,24.8
"Bell, Josh",605137,S,2026,566,627,144,95,28,1,20,123,51,19.6,8.1,.254,.413,.318,0.731,0.159,.256,.442,.321,.333,.321,.186,89.9,13.2,32.8,9.4,42,100.346946964,22.9,48.8,40.6,22.8,42.2,26.3,23.4
"Caglianone, Jac",695506,L,2026,508,549,146,90,31,2,23,143,33,26,6,.287,.492,.339,0.831,0.205,.282,.499,.359,.357,.330,.217,93.2,7.6,34.2,13.1,54.4,105.481907432,29.3,54.5,46.2,19.1,46.2,22.7,28.4
"Naylor, Josh",647304,L,2026,593,646,155,123,22,0,10,79,45,12.2,7,.261,.349,.318,0.667,0.088,.270,.383,.297,.312,.323,.112,87.1,11,35.5,4.5,35.9,98.429174824,17,51.9,40.7,24.4,45.2,21.1,24.6
"Torkelson, Spencer",679529,R,2026,525,610,121,66,28,1,26,193,71,31.6,11.6,.230,.436,.330,0.766,0.206,.211,.393,.337,.314,.314,.182,89.5,20,40.8,12.2,42,100.004777083,32.4,42.3,47.9,22.9,31.5,36,25.3
"Benge, Carson",701807,L,2026,590,649,165,120,22,3,20,140,50,21.6,7.7,.280,.429,.344,0.773,0.149,.278,.437,.340,.341,.342,.159,88.8,12.1,37.9,7.4,38.8,99.524777758,21.4,45.6,32.8,28.4,42.8,27.7,26.4
"Durbin, Caleb",702332,R,2026,504,582,125,86,25,1,13,79,51,13.6,8.8,.248,.379,.333,0.712,0.131,.236,.318,.318,.293,.323,.082,83.1,12.3,29.6,2.8,25.2,95.172815,16.5,46.1,41.3,21.1,48.6,19.3,21.6
"Arozarena, Randy",668227,R,2026,569,666,160,99,33,2,26,144,68,21.6,10.2,.281,.483,.380,0.863,0.202,.258,.419,.378,.348,.362,.162,90.9,10,35.9,8.2,43.5,100.59672528,26.4,45.8,35.9,25.9,48.5,23.8,23.3
"Lowe, Brandon",664040,L,2026,583,655,152,87,29,1,35,188,62,28.7,9.5,.261,.494,.331,0.825,0.233,.240,.445,.355,.331,.315,.205,91,15.8,35.1,12.4,45.8,101.348135373,35.4,50.6,46.3,20.4,36.1,33.6,23.4
"McCarthy, Jake",664983,L,2026,544,592,159,101,30,13,15,95,30,16,5.1,.292,.478,.336,0.814,0.186,.273,.410,.351,.321,.320,.137,85.3,11.9,37.3,5.5,28.4,97.138250185,21.2,57.2,38.2,23.6,45.6,21.2,27.3
"Varsho, Daulton",662139,L,2026,484,526,107,69,23,3,12,107,39,20.3,7.4,.221,.355,.281,0.636,0.134,.228,.354,.281,.283,.285,.126,86.7,16.2,32,6.9,36.5,98.36044754,21.9,53.1,38.1,22.5,39.4,28.8,22
"Kwan, Steven",680757,L,2026,539,637,152,125,21,3,3,62,85,9.7,13.3,.282,.349,.382,0.731,0.067,.278,.343,.334,.329,.377,.066,83.9,12.8,40.6,0.4,10.5,92.155845128,8.2,35.7,27,33.2,41.9,22.3,30.9
"Devers, Rafael",646240,L,2026,558,633,144,70,36,1,37,161,69,25.4,10.9,.258,.525,.340,0.865,0.267,.238,.473,.367,.342,.316,.235,93,15,30.7,12.5,51.6,103.03671575,29,47.3,34.2,24.2,40.6,35.2,18.2
"Caminero, Junior",691406,R,2026,614,700,170,102,25,1,42,128,79,18.3,11.3,.277,.526,.361,0.887,0.249,.273,.500,.377,.364,.345,.227,92.7,10.4,27.2,13.1,49.6,105.143721347,24,44.3,45.2,19,48.9,22.3,20
"Happ, Ian",664023,S,2026,541,631,119,64,28,3,24,186,81,29.5,12.8,.220,.416,.329,0.745,0.196,.208,.392,.328,.314,.314,.184,89.3,14.4,31.9,11.2,42.1,100.455877247,30.2,43.4,45.9,17.9,41.2,31.4,21
"Springer, George",543807,R,2026,460,515,114,75,22,2,15,94,47,18.3,9.1,.248,.402,.320,0.722,0.154,.238,.380,.319,.306,.311,.143,88.6,12.4,30.2,6.5,38.6,99.592071522,23.4,48.2,42.4,22.3,45.1,25.8,22.3
"Dingler, Dillon",693307,R,2026,551,607,134,78,27,2,27,139,34,22.9,5.6,.243,.446,.302,0.748,0.203,.266,.468,.325,.344,.325,.202,88.8,17.6,39.1,10.1,43.4,100.44813399,22.4,48.2,42.2,20.6,37.2,29,24.7
"Smith, Cam",701358,R,2026,506,563,105,61,17,6,21,147,43,26.1,7.6,.208,.389,.276,0.665,0.181,.234,.419,.291,.316,.302,.186,88.6,12.4,31.2,11.3,43.3,101.627030442,29.3,48.5,38.6,24.1,44.7,26.3,21.6
"Duran, Jarren",680776,L,2026,549,606,114,74,15,5,20,165,41,27.2,6.8,.208,.362,.267,0.629,0.154,.237,.389,.275,.301,.294,.152,89.6,12.5,31.7,9.2,39.8,101.406402552,33.5,50.9,38.8,23.1,45.7,22.8,21.3
"Collins, Isaac",686555,S,2026,439,515,93,60,24,3,6,120,63,23.3,12.2,.212,.321,.318,0.639,0.109,.218,.302,.293,.292,.326,.084,88,16.1,29.5,4.9,39.1,99.66231325,21.8,40.2,38.8,28.9,40.9,25.5,23.1
"Montgomery, Colson",695657,L,2026,564,634,112,57,24,0,31,225,54,35.5,8.5,.199,.406,.284,0.690,0.207,.200,.390,.302,.296,.281,.190,88.6,23.7,33.1,12.1,41.2,101.199300412,37.2,51.4,49.6,17.6,31.1,34.3,20.2
"Tucker, Kyle",663656,L,2026,535,622,125,81,23,4,17,105,78,16.9,12.5,.234,.387,.331,0.718,0.153,.255,.393,.319,.332,.350,.138,88.5,17.8,34.4,6.4,36.5,98.299319724,20.9,48.4,42.2,25.7,36.7,34.9,21.8
"Abrams, CJ",682928,L,2026,575,650,150,84,30,3,33,158,57,24.3,8.8,.261,.496,.337,0.833,0.235,.247,.435,.357,.332,.323,.188,89.6,17.7,34.3,10.4,40.7,99.997933128,29.7,51.3,44.9,22.7,36.6,28.6,23.4
"García Jr., Luis",671277,L,2026,516,543,143,82,26,5,30,97,25,17.9,4.6,.277,.521,.309,0.830,0.244,.276,.486,.355,.341,.309,.210,91.4,11.5,33,12.2,46.1,102.267913349,20.8,52.6,41.8,20.7,43.7,23.5,25.4
"Machado, Manny",592518,R,2026,587,675,127,75,22,0,30,143,76,21.2,11.3,.216,.407,.303,0.710,0.191,.242,.420,.310,.327,.326,.178,90.1,14.5,32.5,9.7,43.5,101.060899912,25.2,47.9,40,26.4,39.3,28.6,24
"Goodman, Hunter",696100,R,2026,515,570,127,64,20,2,41,174,45,30.5,7.9,.247,.532,.311,0.843,0.285,.229,.458,.357,.322,.292,.229,89.7,18.7,32.4,14.5,44.2,102.213328372,34,54.6,48,20.2,34.4,34.7,22
"Tatis Jr., Fernando",665487,R,2026,626,704,181,121,32,3,25,130,64,18.5,9.1,.289,.470,.358,0.828,0.181,.296,.500,.358,.379,.365,.204,92.9,5.3,32.2,12.7,53.9,104.706101084,25.9,46.1,33.4,26.4,51.3,21.1,23.5
"Bogaerts, Xander",593428,R,2026,520,606,120,88,18,1,13,109,77,18,12.7,.231,.344,.332,0.676,0.113,.248,.376,.306,.325,.347,.127,89.6,6.7,27.9,5.5,42.3,100.312911827,23.1,41.5,44,19,52.2,23.3,20.4
"Raleigh, Cal",663728,S,2026,446,525,79,41,15,0,23,163,72,31,13.7,.177,.365,.293,0.658,0.188,.188,.393,.295,.310,.303,.205,90.1,25.5,33.4,14.3,39.5,100.460624167,31.8,50.4,52.3,20.2,26.1,43.6,17.4
"Chisholm Jr., Jazz",665862,L,2026,471,532,109,71,16,3,19,157,56,29.5,10.5,.231,.399,.312,0.711,0.168,.216,.366,.312,.294,.296,.150,90.4,16.3,29.9,8.2,42.8,100.204570455,30.9,45.8,50.9,17.9,42.1,28.9,20.1
"Lile, Daylen",695734,L,2026,598,651,148,90,28,8,22,126,40,19.4,6.1,.247,.431,.298,0.729,0.184,.257,.445,.314,.326,.306,.188,88.6,19,38,9.6,38.1,99.061166778,23.7,55.7,40.7,28.6,32.6,38,23.2
"Moreno, Gabriel",672515,R,2026,473,549,147,97,33,1,16,80,61,14.6,11.1,.311,.486,.388,0.874,0.175,.289,.451,.380,.363,.372,.162,89.3,12.9,36.2,7.7,42.2,99.899212438,15.5,41.1,35.2,34.7,41.9,25.3,26.6
"Hicks, Liam",689414,L,2026,475,550,134,101,14,1,18,55,56,10,10.2,.282,.429,.366,0.795,0.147,.261,.358,.350,.319,.347,.097,84.6,14.5,30.6,3.7,27.1,96.121024292,11.4,41.6,42.8,21.7,43.5,24.5,22.4
"Lopez, Otto",672640,R,2026,627,687,191,139,32,9,11,89,40,13,5.8,.305,.437,.349,0.786,0.132,.281,.417,.342,.327,.329,.136,89.1,8.4,30.4,6,40.8,100.262247259,19.5,46.3,34.1,26.4,51.4,22.6,21.9
"Contreras, Willson",575929,R,2026,446,533,123,72,21,3,27,134,59,25.1,11.1,.276,.518,.387,0.905,0.242,.256,.486,.393,.377,.371,.230,89.8,18,32.3,13.4,44,102.418738599,30.6,48.8,49.7,19,38,28.5,22.5
"Neto, Zach",687263,R,2026,616,699,148,85,31,5,27,213,68,30.5,9.7,.240,.438,.329,0.767,0.198,.216,.411,.337,.317,.307,.195,89.9,22.8,38.1,11.7,41.4,99.862864677,32.9,50.5,49,21.5,30.7,35.4,23.5
"Nimmo, Brandon",607043,L,2026,589,651,153,99,36,4,14,149,51,22.9,7.8,.260,.406,.324,0.730,0.146,.268,.444,.321,.340,.333,.175,92,10.3,34.5,9,50.5,101.770894414,23.9,51.3,32.9,23.4,41.9,26.4,28.2
"Butler, Lawrence",671732,L,2026,469,536,110,72,19,2,17,139,61,25.9,11.4,.235,.392,.324,0.716,0.157,.245,.399,.318,.327,.334,.155,89.8,7.5,30.5,8.7,45,101.779790182,26.9,45.7,36.5,27.5,52.1,21.6,21.6
"Merrill, Jackson",701538,L,2026,613,664,156,99,26,5,26,160,41,24.1,6.2,.254,.440,.303,0.743,0.186,.270,.491,.321,.347,.315,.221,91.5,14.3,39.8,12.4,48.7,101.402458194,27.6,56.1,38,26.5,37,29.8,27.8
"Greene, Riley",682985,L,2026,507,588,143,88,32,2,21,154,71,26.2,12.1,.282,.477,.372,0.849,0.195,.263,.501,.369,.372,.355,.237,89.9,17.7,39.7,14.8,46.1,102.310241788,29.8,46.1,38.8,24.3,35.5,34.1,26
"Hernández, Heriberto",681715,R,2026,444,501,100,58,16,2,24,133,52,26.5,10.4,.225,.432,.311,0.743,0.207,.240,.467,.326,.344,.325,.226,91.4,13.1,31.4,12.5,47.8,101.785849423,32.4,45.2,46.2,14.7,40.4,31.4,20.5
"Hoerner, Nico",663538,R,2026,626,687,165,127,29,1,8,58,43,8.4,6.3,.264,.351,.317,0.668,0.087,.298,.376,.298,.323,.351,.078,86,12,36.8,1.4,29.2,96.146831608,11.8,47.6,31.6,30.2,43.4,20.8,28.3
"Jensen, Carter",695600,L,2026,527,603,126,62,35,2,27,170,65,28.2,10.8,.239,.467,.323,0.790,0.228,.217,.423,.341,.318,.304,.206,91.5,20.6,33,12.7,44.8,102.069247033,29.7,44.7,41.8,26.9,32.7,38.7,19.5
"Harris II, Michael",671739,L,2026,591,621,174,111,36,1,26,119,23,19.2,3.7,.294,.491,.321,0.812,0.197,.290,.477,.350,.342,.317,.187,90.5,10,31.9,10.3,47.6,103.130943957,24.6,56.4,35.6,25.2,44.9,22.9,26.4
"Clement, Ernie",676391,R,2026,587,618,153,110,33,1,9,58,22,9.4,3.6,.261,.366,.286,0.652,0.105,.241,.318,.286,.258,.269,.077,84.3,17.4,31.7,2.1,20.7,93.97856406,15.2,57.3,40.1,20.3,38.2,28.2,23.3
"Turner, Trea",607208,R,2026,640,695,154,105,29,1,19,146,48,21,6.9,.241,.378,.296,0.674,0.137,.241,.362,.297,.292,.298,.121,88.4,11.1,31.8,6,39,98.867028306,27.6,50.4,34,27.4,45.5,25.4,21.1
"Carroll, Corbin",682998,L,2026,579,668,138,67,32,17,22,151,73,22.6,10.9,.238,.466,.328,0.794,0.228,.250,.447,.341,.342,.336,.197,91.8,15.5,30,12.3,47.9,101.921570694,27.3,45.5,42.7,22.9,40.8,29.4,20.9
"Okamoto, Kazuma",672960,R,2026,566,633,132,73,26,0,33,181,58,28.6,9.2,.233,.454,.310,0.764,0.221,.225,.447,.332,.328,.305,.222,90.6,19.4,35.1,13.1,44.1,101.291152371,32.8,47.1,50.8,18.8,35.8,33.8,20.6
"Tovar, Ezequiel",678662,R,2026,462,503,101,65,23,0,13,129,29,25.6,5.8,.219,.353,.263,0.616,0.134,.226,.371,.270,.280,.272,.145,87.3,17.7,35.6,7,33.2,98.528304639,29.2,61.1,36.4,24.5,37.9,31.8,21.9
"Gonzales, Nick",693304,R,2026,547,604,165,131,27,1,6,99,43,16.4,7.1,.302,.388,.366,0.754,0.086,.280,.384,.338,.325,.347,.104,86.4,7.7,34.5,3.1,33.9,97.593345202,22.8,52.6,36.3,27.6,51.9,21.4,23.8
"Albies, Ozzie",645277,S,2026,613,681,146,96,27,1,22,104,46,15.3,6.8,.238,.393,.294,0.687,0.155,.222,.338,.299,.274,.280,.116,87.1,17.9,32.3,3.9,27.7,96.564201731,21.1,56.1,45.9,21.6,35.4,32.9,23.3
"Freeman, Freddie",518692,L,2026,576,654,167,118,32,1,16,115,66,17.6,10.1,.290,.432,.364,0.796,0.142,.291,.464,.349,.364,.365,.173,89.5,12.2,38.9,8.1,41.2,99.878228197,23.1,50.1,33.3,29.9,43.2,25.9,27.8
"Contreras, William",661388,R,2026,566,640,153,107,27,1,18,94,61,14.7,9.5,.270,.417,.341,0.758,0.147,.261,.441,.330,.334,.328,.181,90.3,13.2,33.3,8.5,44.1,101.24009195,20.7,47.2,36.4,23.3,40.5,25.6,25.2
"Witt Jr., Bobby",677951,R,2026,554,628,157,105,33,1,18,108,67,17.2,10.7,.283,.444,.361,0.805,0.161,.304,.507,.348,.380,.370,.203,92.3,16.3,37.6,11.5,50.7,103.231204529,24.9,48.6,30.9,28.7,36,26.4,28.4
"Harper, Bryce",547180,L,2026,572,688,154,91,32,3,28,147,107,21.4,15.6,.269,.483,.381,0.864,0.214,.271,.480,.375,.380,.384,.209,89.9,12.6,37.6,10.2,43,101.124989256,30.9,49.9,39.5,23.3,43.6,26.1,25.9
"Mitchell, Garrett",669003,L,2026,458,527,120,75,30,4,11,167,59,31.7,11.2,.262,.417,.353,0.770,0.155,.267,.444,.340,.351,.354,.178,93.2,2.1,31.2,11.5,52.5,104.792469041,35.9,43.9,32.9,27.5,56.3,15.3,26.1
"Crow-Armstrong, Pete",691718,L,2026,625,725,174,90,31,8,45,187,83,25.8,11.4,.278,.570,.372,0.942,0.292,.263,.508,.399,.374,.354,.245,90.6,22.1,38.1,13.3,48.5,102.33625445,26.4,50,51.2,18.7,31.2,33.6,23.5
"Suzuki, Seiya",673548,R,2026,545,634,147,89,31,1,26,155,81,24.4,12.8,.270,.473,.368,0.841,0.203,.246,.427,.366,.340,.344,.181,88.6,17.5,36.9,10.7,38.9,100.235200558,23.5,40.2,41,24.2,35.9,30.8,24.9
"Perdomo, Geraldo",672695,S,2026,559,676,146,108,20,9,9,86,95,12.7,14.1,.261,.377,.369,0.746,0.116,.259,.354,.336,.332,.371,.095,87.6,14.6,36.3,3.1,31.9,96.769079149,11.9,38.8,42.7,22.9,41.8,25.1,28.4
"DeLauter, Chase",800050,L,2026,495,559,142,93,30,3,16,82,60,14.7,10.7,.287,.457,.363,0.820,0.170,.277,.427,.359,.346,.357,.149,91.4,11.8,35.1,6.3,46.3,101.342521401,15,42.3,37.7,26.7,43.8,19.5,27.4
"Paredes, Isaac",670623,R,2026,559,655,147,94,27,1,25,88,70,13.4,10.7,.263,.449,.360,0.809,0.186,.246,.374,.356,.323,.346,.128,86.1,24.3,38.5,4.8,29.5,96.593307029,14.8,43.4,49.4,23.4,27,30.8,27.8
"Lewis, Royce",668904,R,2026,459,505,103,64,24,1,14,129,38,25.5,7.5,.224,.373,.285,0.658,0.149,.236,.390,.289,.303,.296,.154,89.7,20.9,33.1,10.5,39.7,100.442555629,32.8,50.7,46.9,19.4,32.8,29.3,23.9
"Duran, Ezequiel",677649,R,2026,535,593,140,92,27,4,17,140,46,23.6,7.8,.262,.422,.323,0.745,0.160,.244,.370,.326,.301,.308,.127,88.9,11.7,34.3,6,38.6,99.541154694,26.2,51.8,37.3,26.6,47,22.9,23.4
"Bregman, Alex",608324,R,2026,604,697,157,97,32,2,26,102,75,14.6,10.8,.260,.449,.350,0.799,0.189,.249,.382,.350,.322,.340,.133,88.1,17.7,32.5,6.1,37.4,97.932358189,15.7,41.6,48,18.7,37.6,27.6,23.2
"De La Cruz, Elly",682829,S,2026,555,632,157,92,30,5,30,173,72,27.4,11.4,.283,.517,.366,0.883,0.234,.281,.507,.381,.377,.364,.225,94.7,10,36.1,16.4,53.5,105.391663333,28.1,40.2,34.3,23.4,47.3,26.5,24.2
"Alonso, Pete",624413,R,2026,602,700,161,94,24,0,43,169,81,24.1,11.6,.267,.522,.363,0.885,0.255,.285,.563,.379,.402,.375,.279,93.9,14.9,36.8,15.3,56.2,104.058997078,26.8,45,36.8,23.3,41.6,31.3,22.4
"Bauers, Jake",641343,L,2026,473,574,126,76,22,2,26,155,94,27,16.4,.266,.486,.390,0.876,0.220,.251,.465,.382,.370,.376,.214,92.1,12.1,38.3,13.8,52,103.230030189,29.9,40.5,41.4,26.8,41.1,30.2,25.2
"Lee, Jung Hoo",808982,L,2026,539,579,149,104,31,4,10,57,29,9.8,5,.276,.404,.320,0.724,0.128,.288,.382,.317,.315,.330,.095,87.5,11.3,36,2.3,31.5,96.907185726,12.5,47.7,37.7,23.9,43.6,22.6,29
"Wood, James",695578,L,2026,510,619,136,75,30,1,30,177,101,28.6,16.3,.267,.506,.389,0.895,0.239,.271,.550,.385,.404,.386,.279,95.4,8.6,36.8,18.7,58.8,106.421978631,29.9,37.6,33.8,31.2,47.5,24.6,26.1
"Adames, Willy",642715,R,2026,465,505,107,60,25,1,21,139,37,27.5,7.3,.230,.424,.289,0.713,0.194,.222,.391,.311,.296,.282,.170,87.4,22.8,36.7,8.9,38.8,98.797280736,28.9,48.1,49.5,20.8,33.3,33.3,20.8
"Simpson, Chandler",802415,L,2026,571,612,175,153,16,6,0,48,26,7.8,4.2,.306,.356,.333,0.689,0.050,.261,.297,.305,.263,.292,.037,83.6,1.2,25.7,0,13.4,92.6114076,10.8,48.5,29.2,31.8,61.5,14.1,21.6
"Ward, Taylor",621493,R,2026,498,607,112,84,20,1,7,130,99,21.4,16.3,.225,.311,.359,0.670,0.086,.241,.360,.312,.334,.371,.120,88.7,14.8,35.3,5.1,38.3,98.776249027,19.5,34.4,32.9,27,38.8,26.7,27
"Winn, Masyn",691026,R,2026,470,532,109,81,21,2,5,116,48,21.8,9,.232,.317,.308,0.625,0.085,.245,.329,.283,.297,.324,.084,88.3,11.5,33,3.3,34.9,98.548306592,23.7,41.2,29.9,29.6,44,21.1,26.6
"Ramírez, José",608070,S,2026,473,544,111,72,27,0,12,69,60,12.7,11,.235,.368,.320,0.688,0.133,.266,.391,.301,.325,.340,.125,88.6,19,35.3,4.1,38.8,99.346632184,15.3,45.4,49.9,15.8,33.8,27,27
"Arraez, Luis",650333,L,2026,596,655,185,139,33,7,6,28,34,4.3,5.2,.310,.419,.345,0.764,0.109,.289,.377,.331,.307,.323,.088,86.4,16.2,39.3,1.2,19.4,94.068574724,7.1,48.6,31,32.1,37.6,30.8,26.9
"Arenado, Nolan",571448,R,2026,530,596,135,80,24,1,30,120,52,20.1,8.7,.255,.474,.331,0.805,0.219,.230,.365,.349,.299,.307,.136,85.1,18.7,33.7,7,31.1,96.908678454,24.3,46.3,49.4,16.5,37.5,27.6,21.3
"Clemens, Kody",665019,L,2026,527,579,126,70,22,7,27,127,39,21.9,6.7,.239,.461,.299,0.760,0.222,.253,.453,.327,.333,.312,.200,91.9,15.4,33.3,11.1,46.1,101.0475656,24.4,49.9,47.3,21.9,39.4,32.8,21.7
"Rice, Ben",700250,L,2026,573,667,151,82,24,4,41,162,85,24.3,12.7,.264,.534,.363,0.897,0.270,.267,.511,.384,.378,.364,.243,91.9,14.5,38.4,14.3,48.6,101.739325556,25.4,43.2,44.9,20.5,40.3,32.1,23.4
"Marsh, Brandon",669016,L,2026,522,564,136,96,20,2,18,142,34,25.2,6,.261,.410,.306,0.716,0.149,.251,.402,.310,.302,.292,.151,89.2,13,41.2,8.1,42.7,99.774267382,25,52,38.6,27.2,42,26.9,26.9
"Chourio, Jackson",694192,R,2026,518,569,149,97,27,0,25,134,47,23.6,8.3,.288,.485,.348,0.833,0.197,.263,.474,.359,.343,.320,.211,91.6,11.9,33.4,12.5,47,102.245813782,25.3,47.7,30.1,24.4,44.8,31.1,19.7
"Semien, Marcus",543760,R,2026,490,543,105,75,14,1,15,103,45,19,8.3,.214,.339,.280,0.619,0.125,.241,.376,.276,.300,.305,.135,86.7,18.8,33.6,5.9,33.6,96.986506154,23.1,49.3,47.1,18.8,36.9,32.6,22.4
"Pages, Andy",681624,R,2026,508,569,139,89,26,2,22,112,48,19.7,8.4,.274,.463,.343,0.806,0.189,.273,.438,.350,.342,.342,.165,88.8,15.7,37.2,7.7,42.1,99.824365771,21.9,47.3,37.4,27.4,37.7,27.2,26.9
