"last_name, first_name","player_id","year","ab","pa","hit","single","double","triple","home_run","strikeout","walk","k_percent","bb_percent","batting_avg","slg_percent","on_base_percent","on_base_plus_slg","isolated_power","xba","xslg","woba","xwoba","xobp","xiso","exit_velocity_avg","launch_angle_avg","sweet_spot_percent","barrel_batted_rate","hard_hit_percent","avg_best_speed","whiff_percent","swing_percent","pull_percent","opposite_percent","groundballs_percent","flyballs_percent","linedrives_percent"
"Gurriel Jr., Lourdes",666971,2026,40,42,8,6,2,0,0,7,2,16.7,4.8,".200",".250",".238","0.488","0.050",".234",".313",".224",".259",".271",".079","85.1","11.2",27.3,6.1,24.2,"95.438254706",26.7,52.4,45.5,18.2,45.5,24.2,18.2
"Fortes, Nick",663743,2026,81,86,21,15,5,0,1,11,2,12.8,2.3,".259",".358",".302","0.660","0.099",".268",".350",".298",".295",".311",".082","87.5","6.2",27.1,1.4,41.4,"100.382895429",15.3,51.7,47.1,12.9,55.7,17.1,18.6
"Call, Alex",669743,2026,30,38,9,7,2,0,0,4,7,10.5,18.4,".300",".367",".447","0.814","0.067",".272",".324",".384",".353",".425",".052","85","11.4",26.9,0,19.2,"93.150027692",4.8,35.8,46.2,19.2,46.2,19.2,19.2
"Sosa, Lenyn",672820,2026,70,72,18,11,6,0,1,15,0,20.8,0,".257",".386",".254","0.640","0.129",".248",".398",".277",".273",".246",".149","89.2","24.8",40.4,7,38.6,"99.758710357",22.8,56.4,38.6,28.1,33.3,28.1,26.3
"Matthews, Brice",694728,2026,65,72,15,8,4,0,3,28,6,38.9,8.3,".231",".431",".296","0.727","0.200",".197",".366",".321",".278",".265",".169","87.4","5.6",39.5,10.5,34.2,"100.370134444",39.2,44.8,52.6,13.2,52.6,18.4,26.3
"Suzuki, Seiya",673548,2026,73,87,22,16,1,0,5,20,11,23,12.6,".301",".521",".402","0.923","0.220",".284",".476",".403",".374",".387",".192","90","20.2",44.4,9.3,44.4,"101.068594444",23.8,41.2,37,29.6,29.6,33.3,29.6
"Heim, Jonah",641680,2026,35,40,7,4,3,0,0,5,5,12.5,12.5,".200",".286",".300","0.586","0.086",".187",".278",".275",".264",".289",".091","85","17",26.7,3.3,26.7,"95.721404667",19.4,43.4,46.7,30,40,23.3,23.3
"Massey, Michael",686681,2026,58,63,12,6,5,0,1,16,3,25.4,4.8,".207",".345",".238","0.583","0.138",".183",".325",".254",".247",".224",".142","89.5","18.3",27.3,6.8,40.9,"98.553117727",29.8,49.6,47.7,18.2,31.8,43.2,20.5
"Kwan, Steven",680757,2026,121,141,28,22,5,0,1,17,16,12.1,11.3,".231",".298",".329","0.627","0.067",".241",".303",".291",".294",".340",".061","82.2","13.7",33,0.9,11.4,"91.86986549",7.8,37.1,31.1,31.1,48.1,19.8,21.7
"Soderstrom, Tyler",691016,2026,118,134,24,9,11,1,3,27,15,20.1,11.2,".203",".390",".291","0.681","0.187",".236",".433",".300",".326",".319",".198","90.3","14.4",28.3,13,48.9,"102.379798696",24,48.4,35.9,21.7,41.3,32.6,18.5
"Castellanos, Nick",592206,2026,59,63,9,5,3,0,1,17,4,27,6.3,".153",".254",".206","0.460","0.101",".231",".357",".202",".274",".279",".127","88.3","15.7",42.9,7.1,35.7,"98.348613333",29.2,56.8,61.9,9.5,31,35.7,31
"Ritter, Ryan",690022,2026,7,7,1,1,0,0,0,3,0,42.9,0,".143",".143",".143","0.286","0.000",".167",".214",".129",".166",".167",".047","90.6","29.6",50,0,25,"93.35686",33.3,72,0,25,0,50,50
"Wallner, Matt",670242,2026,99,113,16,11,2,0,3,42,10,37.2,8.8,".162",".273",".265","0.538","0.111",".203",".318",".254",".284",".301",".115","88.6","6.3",26.3,8.8,42.1,"101.254373448",42.6,50.3,47.4,12.3,52.6,19.3,24.6
"Peters, Tristan",671976,2026,70,79,20,18,1,1,0,19,6,24.1,7.6,".286",".329",".351","0.680","0.043",".240",".340",".313",".292",".309",".099","89.3","19.7",32.1,3.8,24.5,"97.875798636",26.5,55.3,49.1,13.2,41.5,26.4,26.4
"Donovan, Brendan",680977,2026,56,71,17,11,3,0,3,12,9,16.9,12.7,".304",".518",".437","0.955","0.214",".238",".344",".423",".339",".385",".106","83.8","13",37.8,4.4,26.7,"95.267793043",24.5,39.1,46.7,22.2,44.4,20,22.2
"DeLauter, Chase",800050,2026,108,126,32,18,8,1,5,13,17,10.3,13.5,".296",".528",".389","0.917","0.232",".291",".474",".401",".378",".387",".183","89.6","15.8",39.6,8.3,38.9,"100.055963542",16.4,40.5,43.8,27.1,33.3,20.8,30.2
"Garcia, Aramis",605244,2026,3,3,1,1,0,0,0,1,0,33.3,0,".333",".333",".333","0.666","0.000",".330",".374",".301",".308",".330",".044","84.8","34.6",50,0,0,"87.29146",40,55.6,0,0,0,50,50
"Grichuk, Randal",545341,2026,31,33,6,2,4,0,0,10,1,30.3,3,".194",".323",".212","0.535","0.129",".244",".470",".231",".314",".264",".226","89.7","18.9",50,18.2,54.5,"101.846607273",28.1,47.5,40.9,22.7,40.9,36.4,18.2
"France, Ty",664034,2026,49,52,13,7,2,1,3,4,2,7.7,3.8,".265",".531",".308","0.839","0.266",".317",".615",".363",".415",".357",".298","91.8","8.5",31.1,15.6,51.1,"102.619488182",20,55.9,42.2,20,51.1,24.4,20
"Naylor, Bo",666310,2026,73,78,10,7,2,0,1,19,5,24.4,6.4,".137",".205",".192","0.397","0.068",".211",".380",".186",".281",".262",".169","89.2","18.1",33.3,9.3,38.5,"99.6798",15.6,46,37,18.5,35.2,31.5,22.2
"McKinstry, Zach",656716,2026,43,46,9,6,2,0,1,10,3,21.7,6.5,".209",".326",".261","0.587","0.117",".209",".294",".265",".249",".261",".085","85.8","13",33.3,3,24.2,"94.389285882",15.5,50.8,51.5,27.3,48.5,24.2,21.2
"Stewart, Sal",701398,2026,123,143,32,17,6,0,9,26,18,18.2,12.6,".260",".528",".350","0.878","0.268",".278",".544",".378",".393",".371",".266","91.2","14.7",39.4,19.2,43.4,"101.940440417",25.1,49.6,30.3,38.4,42.4,33.3,19.2
"Mitchell, Garrett",669003,2026,88,110,21,13,6,1,1,40,20,36.4,18.2,".239",".364",".385","0.749","0.125",".213",".388",".345",".339",".364",".175","90.4","6",32.7,14.3,46.9,"104.128380417",40.1,40.2,30.6,28.6,53.1,16.3,22.4
"Steer, Spencer",668715,2026,103,117,25,14,6,0,5,30,10,25.6,8.5,".243",".447",".325","0.772","0.204",".259",".523",".342",".375",".345",".264","90.3","18.8",41.9,17.6,40.5,"100.50866",24.5,43.5,48.6,17.6,36.5,39.2,18.9
"Cronenworth, Jake",630105,2026,92,108,14,11,2,0,1,22,14,20.4,13,".152",".207",".278","0.485","0.055",".226",".337",".240",".312",".341",".112","88","6.4",28.6,5.7,34.3,"98.579119706",23.6,44.1,32.9,21.4,57.1,15.7,18.6
"Raley, Luke",670042,2026,89,96,22,12,4,1,5,36,5,37.5,5.2,".247",".483",".302","0.785","0.236",".273",".551",".343",".375",".326",".278","92.9","17.1",45.3,18.9,50.9,"103.525921154",47.5,54.9,50.9,22.6,39.6,30.2,26.4
"Alvarez, Francisco",682626,2026,93,107,21,14,3,0,4,23,9,21.5,8.4,".226",".387",".305","0.692","0.161",".230",".451",".311",".331",".310",".221","89.5","9.3",25.4,14.1,40.8,"100.9915475",27.7,45.1,45.1,14.1,50.7,26.8,15.5
"Jackson, Jeremiah",669236,2026,104,108,27,18,3,0,6,24,2,22.2,1.9,".260",".462",".278","0.740","0.202",".257",".426",".321",".305",".279",".169","88.6","4.9",32.1,8.6,34.6,"99.82799725",29.3,61.6,43.2,24.7,53.1,23.5,18.5
"Pérez, Wenceel",672761,2026,53,58,9,6,1,0,2,6,5,10.3,8.6,".170",".302",".241","0.543","0.132",".225",".441",".248",".318",".292",".217","89.6","15.4",27.7,10.6,42.6,"98.499092083",14.9,46.5,46.8,21.3,42.6,34,12.8
"Kim, Hyeseong",808975,2026,58,66,17,13,3,0,1,13,7,19.7,10.6,".293",".397",".364","0.761","0.104",".290",".395",".342",".342",".369",".104","85.3","10.8",50,4.3,21.7,"95.644566522",22.7,45.4,23.9,30.4,41.3,21.7,34.8
"Ibáñez, Andy",628451,2026,19,21,2,2,0,0,0,3,1,14.3,4.8,".105",".105",".143","0.248","0.000",".163",".225",".120",".185",".195",".062","87.9","15.3",29.4,0,23.5,"96.019374444",19.5,64.1,47.1,17.6,29.4,52.9,17.6
"Harper, Bryce",547180,2026,121,140,31,17,7,1,6,25,18,17.9,12.9,".256",".479",".350","0.829","0.223",".263",".528",".363",".383",".359",".265","88.3","13.9",35.1,13.4,39.2,"100.647766122",28.2,52.3,33,25.8,43.3,29.9,20.6
"House, Brady",691781,2026,117,127,26,18,4,0,4,40,10,31.5,7.9,".222",".359",".283","0.642","0.137",".230",".391",".289",".300",".290",".161","89.7","3.7",27.3,11.7,41.6,"101.393764872",34.4,49.3,29.9,23.4,55.8,24.7,18.2
"Varsho, Daulton",662139,2026,108,119,25,15,6,0,4,20,9,16.8,7.6,".231",".398",".303","0.701","0.167",".248",".370",".311",".303",".318",".122","85.1","15.6",33,5.7,34.1,"97.578900909",20.1,56.4,40.9,23.9,37.5,23.9,29.5
"Arias, Gabriel",672356,2026,30,32,6,3,1,0,2,12,2,37.5,6.3,".200",".433",".250","0.683","0.233",".209",".414",".299",".293",".260",".205","94.6","4.9",22.2,16.7,50,"103.781052222",40.4,44.5,50,27.8,61.1,16.7,16.7
"Pham, Tommy",502054,2026,13,14,0,0,0,0,0,7,1,50,7.1,".000",".000",".071","0.071","0.000",".099",".117",".051",".138",".163",".018","91.7","10.5",16.7,0,33.3,"100.563033333",37,45,33.3,50,50,33.3,16.7
"Yastrzemski, Mike",573262,2026,97,106,19,14,4,1,0,27,8,25.5,7.5,".196",".258",".264","0.522","0.062",".215",".280",".243",".257",".282",".066","90","11.6",28.6,2.9,38.6,"98.69572",25.7,44.5,48.6,24.3,50,24.3,21.4
"Robles, Victor",645302,2026,13,13,3,2,1,0,0,3,0,23.1,0,".231",".308",".231","0.539","0.077",".232",".366",".237",".256",".232",".134","82.6","18",30,10,20,"92.310672",25.9,50.9,40,50,40,20,20
"Loperfido, Joey",694388,2026,58,66,16,11,5,0,0,19,6,28.8,9.1,".276",".362",".348","0.710","0.086",".232",".302",".323",".280",".310",".069","90","7.6",35,5,40,"98.904521",35.9,48.5,32.5,22.5,65,15,17.5
"Hedges, Austin",595978,2026,40,44,13,8,4,0,1,9,3,20.5,6.8,".325",".500",".364","0.864","0.175",".288",".347",".376",".300",".331",".059","86.5","2.4",31.3,0,40.6,"98.970874375",24.7,46.8,46.9,25,53.1,15.6,28.1
"Tawa, Tim",694374,2026,45,53,7,4,2,0,1,11,6,20.8,11.3,".156",".267",".250","0.517","0.111",".214",".285",".240",".270",".303",".071","86.6","10.5",27.8,2.8,27.8,"96.707485882",27,48.5,36.1,16.7,52.8,16.7,22.2
"Tovar, Ezequiel",678662,2026,119,128,23,14,8,0,1,37,7,28.9,5.5,".193",".286",".250","0.536","0.093",".230",".369",".245",".288",".284",".139","87.2","15.3",42.7,8.5,36.6,"98.881284878",30.2,61.6,36.6,22,36.6,28,29.3
"Heineman, Tyler",623168,2026,48,54,9,9,0,0,0,14,1,25.9,1.9,".188",".188",".235","0.423","0.000",".204",".232",".202",".223",".252",".027","81.8","8.8",18.9,0,13.5,"91.40059",24.8,58,54.1,16.2,59.5,16.2,16.2
"Haggerty, Sam",664059,2026,26,28,5,5,0,0,0,12,1,42.9,3.6,".192",".192",".250","0.442","0.000",".143",".166",".213",".176",".204",".023","85.9","25.2",35.7,0,7.1,"93.699856667",38.2,52.4,35.7,14.3,50,21.4,14.3
"Sanoja, Javier",691594,2026,66,73,20,17,3,0,0,9,7,12.3,9.6,".303",".348",".370","0.718","0.045",".227",".272",".331",".264",".301",".045","87.3","12.1",26.3,1.8,33.3,"97.983262759",15,46.7,43.9,21.1,49.1,17.5,21.1
"Walker, Christian",572233,2026,123,140,38,21,9,0,8,24,14,17.1,10,".309",".577",".386","0.963","0.268",".281",".524",".415",".379",".361",".244","90.8","12.7",33,14,50,"102.7484764",27.1,49.8,39,27,44,25,23
"Keaschall, Luke",807712,2026,126,139,27,21,5,0,1,23,10,16.5,7.2,".214",".278",".273","0.551","0.064",".222",".325",".254",".272",".283",".103","84.5","17.8",29.5,3.8,23.8,"95.619950385",13.4,41.1,34.3,26.7,41,29.5,19
"Kelly, Carson",608348,2026,79,92,25,19,4,0,2,15,12,16.3,13,".316",".443",".413","0.856","0.127",".269",".442",".388",".361",".373",".173","91.3","14.6",28.1,10.9,50,"101.276250313",20.4,43.1,39.1,23.4,45.3,21.9,21.9
"Smith, Josh",669701,2026,89,104,18,16,2,0,0,20,13,19.2,12.5,".202",".225",".308","0.533","0.023",".219",".326",".255",".295",".324",".107","87.8","17.4",35.7,5.7,35.7,"98.608932941",22.6,48,34.3,34.3,34.3,32.9,22.9
"Ozuna, Marcell",542303,2026,108,118,20,13,4,0,3,32,9,27.1,7.6,".185",".306",".254","0.560","0.121",".228",".415",".256",".311",".295",".187","88.7","24.2",36.8,9.2,38.2,"100.077735405",28.1,43.6,39.5,26.3,30.3,27.6,23.7
"Muncy, Max",571970,2026,107,123,32,18,5,0,9,29,16,23.6,13,".299",".598",".390","0.988","0.299",".305",".613",".426",".427",".395",".308","92.6","12.7",35.9,17.9,56.4,"102.837582564",27.9,44.2,48.7,17.9,41,34.6,21.8
"Tolbert, Tyler",686475,2026,5,5,1,1,0,0,0,1,0,20,0,".200",".200",".200","0.400","0.000",".241",".264",".181",".224",".241",".023","80.7","-26.5",0,0,50,"100.612955",22.2,64.3,50,0,100,0,0
"Rosario, Amed",642708,2026,60,67,16,10,1,1,4,13,5,19.4,7.5,".267",".517",".313","0.830","0.250",".271",".557",".355",".378",".327",".286","91","12.6",32.7,12.2,40.8,"101.8720044",25.6,55.6,36.7,18.4,42.9,26.5,22.4
"Young, Jacob",696285,2026,108,115,26,19,5,0,2,21,5,18.3,4.3,".241",".343",".281","0.624","0.102",".280",".385",".280",".309",".318",".104","88.9","9.2",40.9,4.5,33,"97.72034907",22.6,45.5,36.4,27.3,40.9,20.5,31.8
"Freeman, Tyler",671289,2026,58,69,17,15,1,0,1,7,3,10.1,4.3,".293",".362",".379","0.741","0.069",".297",".392",".344",".350",".383",".095","87.7","10.7",31.5,0,31.5,"97.98735",12.8,49.2,35.2,24.1,55.6,18.5,24.1
"Caglianone, Jac",695506,2026,95,106,25,16,5,1,3,34,9,32.1,8.5,".263",".432",".340","0.772","0.169",".254",".430",".345",".335",".331",".176","94.6","4.6",36.1,16.4,54.1,"106.801469032",33.7,46.5,32.8,19.7,45.9,23,29.5
"Del Castillo, Adrian",680728,2026,62,65,13,8,3,0,2,21,3,32.3,4.6,".210",".355",".246","0.601","0.145",".201",".346",".267",".255",".238",".145","87.5","13.1",34.1,7.3,36.6,"98.102621",29.4,49.5,26.8,26.8,41.5,29.3,22
"Schmitt, Casey",669477,2026,100,109,30,17,8,1,4,21,4,19.3,3.7,".300",".520",".349","0.869","0.220",".280",".527",".379",".368",".331",".247","89.5","22.6",40,15,45,"100.85398625",22.1,49.5,50,20,32.5,37.5,18.8
"Garver, Mitch",641598,2026,40,49,8,7,1,0,0,15,9,30.6,18.4,".200",".225",".347","0.572","0.025",".177",".313",".285",".300",".328",".136","91.5","13",16,8,56,"102.5516",34.4,42.1,48,12,44,32,16
"Giménez, Andrés",665926,2026,109,115,28,18,6,1,3,18,4,15.7,3.5,".257",".413",".281","0.694","0.156",".223",".310",".303",".251",".255",".087","86","11.9",25.8,3.2,26.9,"96.00490087",21.6,58.6,36.6,31.2,48.4,25.8,18.3
"Fermín, José",665877,2026,29,34,8,5,2,0,1,7,3,20.6,8.8,".276",".448",".333","0.781","0.172",".219",".301",".342",".272",".292",".082","87.2","24.3",17.4,0,47.8,"97.843985",15.1,35.3,52.2,21.7,34.8,26.1,21.7
"Harris II, Michael",671739,2026,106,113,34,23,4,0,7,20,6,17.7,5.3,".321",".557",".354","0.911","0.236",".343",".656",".395",".443",".379",".313","95.2","7.1",29.9,18.4,57.5,"106.058655581",26.1,54.5,39.1,12.6,50.6,21.8,24.1
"Beavers, Dylan",687637,2026,83,95,18,13,3,0,2,22,10,23.2,10.5,".217",".325",".298","0.623","0.108",".228",".374",".285",".302",".308",".146","87.3","16.1",31.7,6.3,39.7,"99.107803548",24.6,44.3,39.7,25.4,46,25.4,19
"Vientos, Mark",668901,2026,80,87,19,13,4,0,2,21,6,24.1,6.9,".237",".362",".287","0.649","0.125",".237",".376",".290",".289",".287",".139","88.5","11.6",35,5,40,"99.537065",31.6,51.5,36.7,20,48.3,28.3,16.7
"Collins, Isaac",686555,2026,87,101,19,15,2,0,2,30,12,29.7,11.9,".218",".310",".327","0.637","0.092",".207",".295",".299",".285",".317",".089","88.2","21.1",28.1,5.3,36.8,"99.630857931",26.1,39.1,38.6,29.8,35.1,29.8,21.1
"Piñango, Yohendrick",682818,2026,10,11,5,5,0,0,0,0,1,0,9.1,".500",".500",".545","1.045","0.000",".355",".423",".475",".371",".414",".068","96","10.6",30,0,50,"106.319742",4.8,48.8,20,20,50,30,20
"Domínguez, Jasson",691176,2026,13,14,2,2,0,0,0,3,0,21.4,0,".154",".154",".214","0.368","0.000",".284",".319",".182",".298",".335",".035","87.2","1.4",20,0,40,"98.874458",31,58,50,20,60,10,20
"Trout, Mike",545361,2026,117,153,30,15,5,0,10,35,33,22.9,21.6,".256",".556",".431","0.987","0.300",".285",".677",".426",".468",".454",".392","92.4","20.3",37.8,24.4,50,"104.279046585",21.1,35.8,42.7,24.4,32.9,40.2,20.7
"Ramos, Heliot",671218,2026,118,126,32,22,7,0,3,38,7,30.2,5.6,".271",".407",".310","0.717","0.136",".279",".470",".314",".336",".318",".192","93.3","9.2",34.6,16,54.3,"105.057934103",27.6,52.8,34.6,22.2,49.4,23.5,23.5
"Romo, Drew",691011,2026,7,13,2,0,0,0,2,1,5,7.7,38.5,".286","1.143",".615","1.758","0.857",".306",".803",".649",".577",".626",".497","90.4","3.1",33.3,33.3,33.3,"98.786903333",17.4,40.4,50,0,66.7,33.3,0
"Alvarez, Yordan",670541,2026,127,153,42,21,9,0,12,16,22,10.5,14.4,".331",".685",".438","1.123","0.354",".358",".768",".469",".507",".464",".410","93.5","19.2",43.8,17,49.1,"104.912814464",19.3,42.7,47.3,21.4,30.4,41.1,22.3
"Yoshida, Masataka",807799,2026,49,60,13,10,3,0,0,7,10,11.7,16.7,".265",".327",".400","0.727","0.062",".209",".261",".345",".297",".354",".052","90.2","5.2",21.4,0,42.9,"100.107509048",13.6,35.5,42.9,21.4,59.5,16.7,19
"Okamoto, Kazuma",672960,2026,119,133,28,18,2,0,8,38,14,28.6,10.5,".235",".454",".316","0.770","0.219",".242",".495",".341",".353",".321",".253","92.8","18.1",33.3,14.8,51.9,"103.731521951",31.4,44.1,51.9,12.3,40.7,28.4,19.8
"Escarra, J.C.",641555,2026,35,36,7,3,3,1,0,10,1,27.8,2.8,".200",".343",".222","0.565","0.143",".230",".392",".246",".278",".251",".162","91.8","11",40,8,40,"101.603222308",34.3,47.6,36,12,48,12,32
"Horwitz, Spencer",687462,2026,92,113,23,17,3,0,3,15,18,13.3,15.9,".250",".380",".372","0.752","0.130",".217",".300",".344",".305",".348",".083","85.1","16",24.1,1.3,26.6,"95.77174",16.1,36.9,38,34.2,44.3,24.1,21.5
"Palacios, Richie",680700,2026,49,63,10,8,1,0,1,13,10,20.6,15.9,".204",".286",".365","0.651","0.082",".236",".352",".315",".348",".392",".116","86.8","8.9",37.8,5.4,32.4,"97.328683333",23.8,42.2,27,27,43.2,18.9,29.7
"Narváez, Carlos",665966,2026,66,70,15,11,2,0,2,20,3,28.6,4.3,".227",".348",".261","0.609","0.121",".206",".327",".272",".249",".241",".121","92.4","15.9",36.2,8.5,44.7,"99.687513043",25.3,54.5,21.3,29.8,38.3,29.8,25.5
"Marte, Noelvi",682622,2026,29,31,4,4,0,0,0,10,2,32.3,6.5,".138",".138",".194","0.332","0.000",".133",".149",".162",".161",".189",".016","84.9","-0.8",5.3,0,31.6,"97.428798",31.9,55.2,52.6,10.5,84.2,10.5,0
"Basallo, Samuel",694212,2026,88,98,21,13,3,0,5,26,10,26.5,10.2,".239",".443",".316","0.759","0.204",".246",".455",".333",".335",".324",".209","92.4","18.3",32.3,9.7,46.8,"103.173208065",35.3,50.1,37.1,27.4,35.5,27.4,27.4
"Bellinger, Cody",641355,2026,116,137,32,19,7,1,5,20,19,14.6,13.9,".276",".483",".372","0.855","0.207",".278",".456",".376",".365",".375",".178","89.4","19.1",37.8,7.1,40.8,"99.006741224",19.9,41.7,44.9,22.4,34.7,36.7,18.4
"De La Cruz, Elly",682829,2026,130,145,36,20,6,0,10,42,15,29,10.3,".277",".554",".352","0.906","0.277",".269",".521",".394",".374",".346",".252","94.7","15.1",31.8,15.9,52.3,"105.639057907",31.7,39.6,34.1,25,46.6,33,19.3
"Yorke, Nick",694377,2026,68,78,15,11,3,0,1,15,7,19.2,9,".221",".309",".308","0.617","0.088",".259",".391",".286",".329",".344",".132","90.7","6.8",27.8,5.6,50,"102.285057037",17.7,46.4,24.1,27.8,51.9,29.6,16.7
"Tena, José",677588,2026,54,58,14,11,2,0,1,18,3,31,5.2,".259",".352",".310","0.662","0.093",".224",".349",".300",".279",".278",".124","91.1","13.3",38.9,2.8,47.2,"101.641843333",34.7,49.2,25,41.7,41.7,22.2,30.6
"Beck, Jordan",687597,2026,66,71,11,7,3,0,1,17,4,23.9,5.6,".167",".258",".211","0.469","0.091",".215",".290",".212",".246",".258",".075","84.7","13.4",26,2,28,"96.3689124",30.3,55.6,40,30,48,28,18
"Paredes, Isaac",670623,2026,106,121,28,20,5,0,3,18,11,14.9,9.1,".264",".396",".355","0.751","0.132",".236",".356",".342",".311",".330",".120","87.4","26",33,3.4,26.1,"96.334284318",17.2,44.3,58,19.3,26.1,35.2,25
"Peña, Jeremy",665161,2026,43,46,11,7,4,0,0,6,3,13,6.5,".256",".349",".304","0.653","0.093",".330",".449",".295",".361",".374",".118","86.1","18.3",40.5,2.7,29.7,"97.391939474",21.6,56.7,45.9,16.2,35.1,35.1,24.3
"Rocchio, Brayan",677587,2026,108,123,30,23,4,0,3,11,11,8.9,8.9,".278",".398",".355","0.753","0.120",".262",".362",".342",".317",".343",".100","85.1","10.7",26.3,2,28.9,"96.824809362",21.4,49,38.4,23.2,47.5,18.2,22.2
"Murakami, Munetaka",808959,2026,117,145,27,14,0,0,13,48,27,33.1,18.6,".231",".564",".372","0.936","0.333",".233",".581",".399",".400",".375",".349","95.1","16.1",34.3,22.9,62.9,"106.099208286",43.7,40.2,47.1,11.4,38.6,42.9,14.3
"Perez, Salvador",521692,2026,128,135,27,17,5,0,5,29,4,21.5,3,".211",".367",".244","0.611","0.156",".222",".393",".267",".282",".262",".170","87.8","16.6",32,10,41,"100.2972128",25.8,57.9,36,28,39,27,23
"Jones, Jahmai",663330,2026,38,39,8,4,2,0,2,13,1,33.3,2.6,".211",".421",".231","0.652","0.210",".295",".598",".283",".384",".313",".303","93.7","15.3",40,20,56,"103.345804615",27,54.4,44,12,36,28,28
"Wilson, Weston",642215,2026,15,19,4,3,1,0,0,5,3,26.3,15.8,".267",".333",".421","0.754","0.066",".269",".489",".361",".408",".431",".220","90.7","29.4",40,10,40,"102.293348",29.5,49.4,40,30,30,30,20
"Greene, Riley",682985,2026,121,141,36,24,8,0,4,37,20,26.2,14.2,".298",".463",".397","0.860","0.165",".282",".529",".386",".396",".384",".246","90.1","14.2",41.7,14.3,50,"102.96036119",29.1,42.6,34.5,23.8,41.7,31,22.6
"Peraza, Oswald",672724,2026,88,98,26,17,5,0,4,24,7,24.5,7.1,".295",".489",".361","0.850","0.194",".273",".422",".376",".336",".340",".149","87.9","13.3",41.5,9.2,35.4,"99.925200968",31.7,54.6,38.5,20,43.1,16.9,32.3
"Johnston, Troy",687859,2026,103,113,32,22,8,0,2,23,8,20.4,7.1,".311",".447",".366","0.813","0.136",".262",".388",".363",".314",".321",".127","88.9","11.4",44.4,2.5,39.5,"98.930089744",22.1,49.7,33.3,23.5,40.7,23.5,33.3
"Polanco, Jorge",593871,2026,56,61,10,6,3,0,1,11,5,18,8.2,".179",".286",".246","0.532","0.107",".219",".320",".244",".270",".283",".101","87.3","10.9",40,4.4,33.3,"98.184254783",20,46.9,46.7,22.2,37.8,22.2,31.1
"Candelario, Jeimer",600869,2026,18,20,2,0,2,0,0,8,1,40,5,".111",".222",".200","0.422","0.111",".167",".212",".200",".219",".250",".046","91.8","18.2",30,0,40,"98.451112",50,55.4,60,20,40,40,20
"Riley, Austin",663586,2026,127,143,26,16,6,0,4,36,13,25.2,9.1,".205",".346",".287","0.633","0.141",".214",".375",".287",".297",".295",".161","90.5","18.4",27.2,8.7,44.6,"101.346913478",33.6,47.5,44.6,28.3,43.5,27.2,17.4
"Soler, Jorge",624585,2026,109,130,26,14,5,0,7,39,15,30,11.5,".239",".477",".338","0.815","0.238",".224",".427",".357",".334",".329",".203","88.3","17.5",37,12.3,42.5,"100.943453514",35.5,46.1,53.4,21.9,37,28.8,26
"Thomas, Colby",687515,2026,13,16,3,3,0,0,0,5,2,31.3,12.5,".231",".231",".333","0.564","0.000",".196",".332",".275",".289",".304",".135","90","19.1",33.3,0,44.4,"101.87849",40.6,51.6,44.4,11.1,33.3,22.2,33.3
"Marchán, Rafael",665561,2026,51,54,4,3,0,0,1,11,1,20.4,1.9,".078",".137",".130","0.267","0.059",".149",".210",".129",".186",".196",".061","86.4","26.5",27.5,2.5,25,"95.3044",17.3,48,47.5,20,32.5,32.5,17.5
"Clarke, Denzel",672016,2026,53,60,9,8,1,0,0,24,4,40,6.7,".170",".189",".228","0.417","0.019",".163",".190",".199",".194",".223",".027","91.9","2.6",15.6,3.1,46.9,"103.213863571",35.8,45,56.3,25,75,6.3,12.5
"Contreras, Willson",575929,2026,114,137,30,20,3,0,7,38,14,27.7,10.2,".263",".474",".372","0.846","0.211",".268",".536",".376",".407",".385",".268","92.3","17.1",35.9,17.9,47.4,"104.235776842",35.4,45.3,47.4,16.7,37.2,28.2,25.6
"Crow-Armstrong, Pete",691718,2026,123,136,29,22,3,1,3,39,10,28.7,7.4,".236",".350",".304","0.654","0.114",".229",".384",".294",".299",".298",".155","91.4","18.6",23.5,8.2,47.1,"102.63593125",28.9,56.7,48.2,22.4,45.9,28.2,14.1
"Thomas, Alek",677950,2026,87,92,16,6,8,0,2,21,3,22.8,3.3,".184",".345",".220","0.565","0.161",".228",".392",".249",".284",".263",".164","89.4","12.6",35.8,7.5,41.8,"100.15509625",26.7,57,29.9,34.3,41.8,26.9,22.4
"Lukes, Nathan",664770,2026,52,56,13,9,4,0,0,7,1,12.5,1.8,".250",".327",".286","0.613","0.077",".260",".344",".275",".282",".295",".084","86.9","15.7",28.3,0,37,"98.473052174",13.8,54.9,37,26.1,45.7,21.7,23.9
"Scott II, Victor",687363,2026,84,99,14,12,1,0,1,27,7,27.3,7.1,".167",".214",".237","0.451","0.047",".203",".280",".214",".253",".272",".077","87.5","5.1",28.1,1.6,26.6,"96.806488148",30.9,47.4,34.4,21.9,60.9,15.6,20.3
"Buxton, Byron",621439,2026,131,143,34,18,5,1,10,36,9,25.2,6.3,".260",".542",".315","0.857","0.282",".227",".465",".370",".322",".285",".238","88.4","22.5",36.5,18.8,45.8,"100.67547125",32.1,52.9,45.8,21.9,27.1,38.5,20.8
"Rafaela, Ceddanne",678882,2026,102,112,27,20,4,2,1,26,6,23.2,5.4,".265",".373",".330","0.703","0.108",".239",".345",".319",".293",".308",".107","88.7","11.8",38.2,6.6,39.5,"98.640807568",28,49.4,36.8,26.3,39.5,22.4,31.6
"Williams, Carson",700246,2026,23,25,3,2,1,0,0,9,1,36,4,".130",".174",".167","0.341","0.044",".178",".201",".158",".190",".213",".023","83.5","18",20,0,20,"97.07588",34,51.1,20,46.7,46.7,26.7,13.3
"Bregman, Alex",608324,2026,132,151,33,25,4,1,3,23,17,15.2,11.3,".250",".364",".338","0.702","0.114",".250",".406",".317",".327",".338",".156","90.2","15.6",27.3,7.3,45.5,"99.527457273",17,38,46.4,17.3,43.6,23.6,20
"Tucker, Kyle",663656,2026,122,141,29,20,6,0,3,29,17,20.6,12.1,".238",".361",".326","0.687","0.123",".236",".377",".312",".318",".329",".140","88.9","17",37.9,7.4,41.1,"98.6744575",23.2,50.9,42.1,20,34.7,31.6,25.3
"Wood, James",695578,2026,130,163,31,14,7,0,10,53,31,32.5,19,".238",".523",".393","0.916","0.285",".270",".603",".392",".426",".418",".334","96.5","8.7",39,27.3,61,"108.111212564",35.4,35.7,26,39,42.9,26,29.9
"Abreu, Wilyer",677800,2026,121,135,37,26,6,1,4,22,14,16.3,10.4,".306",".471",".378","0.849","0.165",".296",".491",".378",".375",".370",".195","89.8","14.1",32.3,11.1,46.5,"101.44743449",19.4,46,38.4,26.3,39.4,32.3,23.2
"Bleday, JJ",668709,2026,13,17,4,1,1,0,2,2,4,11.8,23.5,".308",".846",".471","1.317","0.538",".429",".749",".529",".537",".563",".320","94.6","20",81.8,9.1,54.5,"104.107623333",33.3,48.6,36.4,9.1,9.1,27.3,54.5
"Lee, Brooks",686797,2026,106,115,27,20,2,0,5,23,8,20,7,".255",".415",".313","0.728","0.160",".207",".320",".325",".264",".269",".113","88.5","14.8",33.7,4.8,32.5,"96.936698049",22.4,51.1,36.1,27.7,39.8,28.9,22.9
"Perdomo, Geraldo",672695,2026,98,120,24,16,3,3,2,15,18,12.5,15,".245",".398",".356","0.754","0.153",".243",".332",".339",".326",".366",".089","86.5","9.8",33.3,3.4,27.6,"96.586607561",11.1,38.7,43.7,14.9,51.7,19.5,25.3
"Correa, Carlos",621043,2026,115,132,34,23,8,0,3,22,16,16.7,12.1,".296",".443",".379","0.822","0.147",".303",".483",".365",".377",".386",".179","89.5","7.7",36.2,10.6,41.5,"102.003515532",21.6,45.6,41.5,28.7,46.8,17,31.9
"Reynolds, Bryan",668804,2026,121,152,32,21,5,2,4,40,28,26.3,18.4,".264",".438",".408","0.846","0.174",".237",".417",".379",".358",".387",".180","91.4","7.8",32.9,9.8,43.9,"101.963122683",29.8,41.3,46.3,25.6,48.8,25.6,23.2
"Moore, Dylan",664238,2026,12,15,0,0,0,0,0,6,3,40,20,".000",".000",".200","0.200","0.000",".096",".178",".142",".235",".277",".082","91.3","41.6",50,0,33.3,"96.896296667",29.4,42,0,16.7,0,50,16.7
"Thomas, Lane",657041,2026,61,75,15,13,1,0,1,13,13,17.3,17.3,".246",".311",".387","0.698","0.065",".237",".328",".334",".331",".379",".092","85.6","25.2",39.6,2.1,39.6,"97.87527375",20.1,42,41.7,16.7,27.1,31.3,25
"Alonso, Pete",624413,2026,122,142,25,12,7,0,6,34,19,23.9,13.4,".205",".410",".317","0.727","0.205",".234",".466",".327",".354",".342",".232","95.2","12.7",31.8,11.4,55.7,"103.18749",27.2,42,34.1,17,43.2,34.1,20.5
"Grissom, Vaughn",687093,2026,44,53,14,9,4,0,1,4,6,7.5,11.3,".318",".477",".385","0.862","0.159",".253",".394",".376",".338",".343",".141","90.1","13.9",19,7.1,42.9,"100.197894286",16,39.7,45.2,19,50,33.3,14.3
"Norby, Connor",681393,2026,97,114,24,14,7,0,3,33,12,28.9,10.5,".247",".412",".351","0.763","0.165",".209",".375",".344",".311",".318",".166","88.4","15.9",33.8,10.8,38.5,"97.947638182",30.8,46.8,33.8,24.6,40,33.8,18.5
"Vaughn, Andrew",683734,2026,4,4,1,1,0,0,0,0,0,0,0,".250",".250",".250","0.500","0.000",".233",".265",".226",".224",".233",".033","83.2","-8.3",0,0,0,"92.528175",16.7,46.2,50,0,100,0,0
"Durbin, Caleb",702332,2026,105,118,18,11,6,0,1,16,11,13.6,9.3,".171",".257",".263","0.520","0.086",".213",".279",".245",".269",".300",".066","86","6.1",22.5,1.1,28.1,"96.418251364",14.4,42.1,41.6,19.1,60.7,15.7,16.9
"Meyers, Jake",676694,2026,37,43,9,6,2,0,1,8,4,18.6,9.3,".243",".378",".326","0.704","0.135",".247",".456",".317",".340",".329",".210","86.9","11.7",36.7,13.3,33.3,"97.108884",25,53.3,36.7,30,40,26.7,26.7
"McMahon, Ryan",641857,2026,76,86,13,10,1,0,2,28,10,32.6,11.6,".171",".263",".267","0.530","0.092",".206",".335",".250",".287",".298",".129","91.6","10.9",29.2,10.4,52.1,"100.9868725",32.7,42.6,35.4,20.8,47.9,35.4,14.6
"Campusano, Luis",669134,2026,50,54,15,5,7,0,3,15,4,27.8,7.4,".300",".620",".352","0.972","0.320",".253",".458",".417",".332",".308",".205","87.5","11.1",40,11.4,51.4,"101.339362778",30.8,51.9,42.9,11.4,37.1,25.7,31.4
"Gelof, Zack",680869,2026,37,40,9,7,1,0,1,10,1,25,2.5,".243",".351",".263","0.614","0.108",".240",".354",".273",".266",".260",".114","91.1","15.6",24.1,3.4,37.9,"100.053530769",30.7,50.3,51.7,20.7,48.3,24.1,20.7
"Koss, Christian",683766,2026,12,12,1,0,1,0,0,1,0,8.3,0,".083",".167",".083","0.250","0.084",".115",".136",".107",".108",".115",".021","87.8","23.4",9.1,0,18.2,"92.508865",22.2,62.1,18.2,45.5,36.4,36.4,9.1
"Fulford, Braxton",690924,2026,5,5,2,1,0,0,1,2,0,40,0,".400","1.000",".400","1.400","0.600",".101",".170",".596",".115",".101",".070","90.2","31.7",0,0,66.7,"96.3762",60,52.6,33.3,33.3,33.3,33.3,0
"Kelenic, Jarred",672284,2026,4,5,0,0,0,0,0,1,1,20,20,".000",".000",".200","0.200","0.000",".341",".501",".142",".433",".473",".160","98.1","6.5",33.3,33.3,66.7,"102.712615",50,35.3,66.7,0,33.3,0,66.7
"Burleson, Alec",676475,2026,125,143,35,21,9,0,5,20,17,14,11.9,".280",".472",".364","0.836","0.192",".281",".576",".365",".397",".365",".296","91.7","8.7",30.2,13.2,48.1,"102.035905094",18.9,48.2,45.3,24.5,50,28.3,17
"Albies, Ozzie",645277,2026,132,146,43,28,8,0,7,17,10,11.6,6.8,".326",".545",".370","0.915","0.219",".263",".404",".396",".312",".314",".141","87.1","16.6",36.4,4.2,29.7,"97.438112203",23.2,55.1,40.7,22,37.3,30.5,26.3
"Gilbert, Drew",687551,2026,46,50,13,10,1,0,2,10,3,20,6,".283",".435",".327","0.762","0.152",".237",".347",".338",".279",".284",".111","86.7","12.6",32.4,5.4,32.4,"97.120761667",23.1,41.1,40.5,24.3,51.4,10.8,27
"Smith, Pavin",656976,2026,6,8,1,1,0,0,0,2,2,25,25,".167",".167",".375","0.542","0.000",".104",".162",".290",".263",".328",".059","92.1","39.6",0,0,50,"101.053155",11.1,38.3,0,75,25,50,0
"Tatis Jr., Fernando",665487,2026,119,139,31,26,4,1,0,33,14,23.7,10.1,".261",".311",".333","0.644","0.050",".281",".410",".293",".359",".369",".129","93.2","3.2",37.4,13.2,61.5,"105.825975333",30.4,48.3,20.9,33,50.5,17.6,28.6
"Smith, Will",669257,2026,95,107,25,21,1,0,3,17,11,15.9,10.3,".263",".368",".336","0.704","0.105",".268",".473",".320",".362",".345",".206","88.8","18.9",41.8,12.7,36.7,"99.352721",15,40.7,29.1,27.8,31.6,35.4,26.6
"Brennan, Will",686823,2026,9,9,0,0,0,0,0,2,0,22.2,0,".000",".000",".000","0.000","0.000",".063",".071",".000",".058",".063",".008","81.4","24.4",0,0,14.3,"93.26496",9.5,72.4,28.6,42.9,57.1,0,0
"Young, Cole",702284,2026,120,134,32,24,4,1,3,28,11,20.9,8.2,".267",".392",".336","0.728","0.125",".279",".444",".328",".347",".347",".165","87.9","20",38.7,8.6,39.8,"99.39431234",23.2,47.8,46.2,19.4,32.3,29,25.8
"Vilade, Ryan",668723,2026,37,40,11,9,2,0,0,7,3,17.5,7.5,".297",".351",".350","0.701","0.054",".235",".302",".320",".268",".292",".068","88.5","19.9",40,0,26.7,"97.291114667",19.8,50.3,33.3,16.7,33.3,33.3,26.7
"Langford, Wyatt",694671,2026,80,84,19,13,3,2,1,19,4,22.6,4.8,".237",".362",".274","0.636","0.125",".249",".356",".282",".282",".285",".107","90.8","13.2",26.2,4.9,37.7,"99.820527742",25,47.1,31.1,31.1,45.9,21.3,21.3
"Rojas, Miguel",500743,2026,49,54,15,11,3,0,1,8,3,14.8,5.6,".306",".429",".340","0.769","0.123",".275",".379",".339",".306",".314",".104","88.4","10.6",39.5,7,37.2,"99.091515714",25.3,47.5,39.5,30.2,44.2,16.3,30.2
"Baker, Luken",663609,2026,5,5,1,1,0,0,0,3,0,60,0,".200",".200",".200","0.400","0.000",".132",".150",".181",".123",".132",".018","92.2","28.6",0,0,50,"106.78027",50,33.3,0,0,0,50,50
"García Jr., Luis",671277,2026,105,110,25,17,6,1,1,18,4,16.4,3.6,".238",".343",".264","0.607","0.105",".267",".415",".269",".308",".293",".148","91.9","11.6",27.3,5.7,44.3,"101.535567209",17.3,54,30.7,25,48.9,20.5,23.9
"Winn, Masyn",691026,2026,106,121,28,20,6,1,1,25,11,20.7,9.1,".264",".368",".347","0.715","0.104",".260",".337",".326",".310",".344",".077","86.2","15.4",35.4,3.7,26.8,"96.976926341",21.6,42.7,35.4,23.2,42.7,18.3,24.4
"Meadows, Parker",678009,2026,36,39,9,7,1,1,0,10,2,25.6,5.1,".250",".333",".308","0.641","0.083",".212",".277",".292",".251",".273",".065","85.3","13.3",30.8,3.8,19.2,"94.482146154",20.3,45.4,30.8,23.1,42.3,23.1,26.9
"Matos, Luis",682641,2026,20,21,4,4,0,0,0,7,1,33.3,4.8,".200",".200",".238","0.438","0.000",".099",".136",".206",".130",".142",".037","84.1","19.8",7.7,0,23.1,"94.59495",31.8,61.1,38.5,15.4,53.8,7.7,7.7
"Martínez, Angel",682657,2026,102,110,28,17,6,0,5,21,3,19.1,2.7,".275",".480",".306","0.786","0.205",".280",".435",".343",".324",".312",".156","88.3","16.9",39.3,9.5,37.3,"100.356190976",16.4,53.4,44,22.6,39.3,25,27.4
"Mead, Curtis",678554,2026,70,79,15,6,5,0,4,12,8,15.2,10.1,".214",".457",".304","0.761","0.243",".250",".448",".336",".345",".335",".199","89","12.6",25.9,10.3,44.8,"100.706702414",15.9,42.6,51.7,24.1,44.8,27.6,17.2
"McLain, Matt",680574,2026,120,140,24,16,6,0,2,37,18,26.4,12.9,".200",".300",".314","0.614","0.100",".220",".358",".289",".314",".333",".138","87.8","20.7",32.5,8.4,31.3,"97.887235854",25.5,42.8,33.7,26.5,38.6,32.5,15.7
"Whitcomb, Shay",694376,2026,12,13,1,0,0,0,1,7,1,53.8,7.7,".083",".333",".154","0.487","0.250",".081",".291",".214",".195",".151",".210","90.9","48.1",20,20,20,"96.254833333",46.2,54.2,0,60,0,80,0
"Bell, Josh",605137,2026,119,135,26,18,5,0,3,25,14,18.5,10.4,".218",".336",".304","0.640","0.118",".237",".424",".293",".327",".320",".187","89","16.6",34.7,10.5,42.1,"99.204714375",24.7,48.9,46.3,22.1,33.7,27.4,28.4
"Mullins, Cedric",656775,2026,98,109,13,8,2,1,2,22,6,20.2,5.5,".133",".235",".196","0.431","0.102",".158",".271",".199",".221",".220",".113","87.4","31.4",25.6,2.6,31.6,"97.052602432",20.7,51.1,41,21.8,25.6,32.1,21.8
"Langeliers, Shea",669127,2026,134,146,45,26,9,0,10,32,12,21.9,8.2,".336",".627",".390","1.017","0.291",".315",".603",".438",".413",".372",".288","92.9","20.5",42.2,15.7,49,"103.953550196",24.7,52.9,38.2,26.5,30.4,32.4,27.5
"McCutchen, Andrew",457705,2026,41,45,8,5,2,0,1,17,3,37.8,6.7,".195",".317",".244","0.561","0.122",".164",".298",".250",".226",".217",".134","88.1","22.4",36,12,28,"97.060623846",38,51.2,32,12,40,28,16
"Moreno, Gabriel",672515,2026,45,50,11,6,5,0,0,11,3,22,6,".244",".356",".300","0.656","0.112",".248",".425",".293",".328",".314",".177","88.2","22.3",37.1,11.4,45.7,"99.983695556",23.5,47.4,40,40,22.9,40,28.6
"Harris, Brett",695391,2026,1,1,0,0,0,0,0,1,0,100,0,".000",".000",".000","0.000","0.000",".000",".000",".000",".000",".000",".000",,,,,,,33.3,50,,,,,
"Kayfus, CJ",692216,2026,22,25,4,2,1,0,1,8,2,32,8,".182",".364",".280","0.644","0.182",".169",".427",".293",".305",".269",".258","92.8","24.1",14.3,21.4,50,"101.151187143",37.9,53.7,21.4,7.1,28.6,50,7.1
"Lindor, Francisco",596019,2026,93,105,21,15,2,2,2,19,11,18.1,10.5,".226",".355",".314","0.669","0.129",".253",".433",".305",".341",".339",".180","90.9","14.8",31.1,9.5,43.2,"100.295103784",25.8,45.5,41.9,24.3,39.2,25.7,28.4
"Grisham, Trent",663757,2026,101,123,17,8,3,1,5,22,21,17.9,17.1,".168",".366",".309","0.675","0.198",".227",".465",".308",".364",".359",".238","91.5","18.3",26.3,15,51.2,"101.22166225",16.6,32.9,41.3,17.5,38.8,33.8,16.3
"Chaparro, Andrés",665953,2026,9,10,2,1,1,0,0,2,1,20,10,".222",".333",".300","0.633","0.111",".339",".766",".289",".489",".406",".426","94.6","18.5",42.9,14.3,57.1,"101.596325",25,48.5,28.6,14.3,28.6,57.1,14.3
"Sánchez, Jesús",660821,2026,99,109,23,15,4,0,4,19,5,17.4,4.6,".232",".394",".275","0.669","0.162",".290",".476",".290",".343",".329",".186","93","10.7",31.3,8.4,49.4,"102.053741429",22.7,55.7,30.1,28.9,45.8,25.3,24.1
"Nimmo, Brandon",607043,2026,126,143,38,26,7,1,4,27,13,18.9,9.1,".302",".468",".378","0.846","0.166",".296",".482",".374",".373",".376",".186","91.1","11",33,10,48,"101.0805816",24.6,48.5,32,28,44,23,28
"Rooker, Brent",667670,2026,63,72,10,7,0,0,3,23,7,31.9,9.7,".159",".302",".236","0.538","0.143",".214",".390",".243",".305",".292",".176","88","17.3",38.1,14.3,40.5,"100.43226381",39.7,51.5,52.4,14.3,42.9,33.3,19
"Jiménez, Leo",677870,2026,13,17,3,3,0,0,0,2,3,11.8,17.6,".231",".231",".412","0.643","0.000",".237",".258",".328",".336",".416",".021","86.1","-6.2",18.2,0,27.3,"95.576853333",12.5,36.9,18.2,18.2,72.7,0,18.2
"Schuemann, Max",680474,2026,1,2,0,0,0,0,0,0,1,0,50,".000",".000",".500","0.500","0.000",".001",".001",".354",".354",".500",".001","92.4","72.4",0,0,0,"92.4168",25,30.8,0,100,0,0,0
"Wilson, Jacob",805779,2026,135,139,40,30,8,0,2,15,3,10.8,2.2,".296",".400",".309","0.709","0.104",".271",".343",".314",".275",".286",".071","85.1","7.4",31.4,1.7,30.6,"96.356008333",15,59.6,32.2,24,50.4,19.8,25.6
"Kirk, Alejandro",672386,2026,20,22,3,1,1,0,1,2,2,9.1,9.1,".150",".350",".227","0.577","0.200",".254",".343",".258",".299",".322",".090","85.5","4.7",33.3,5.6,44.4,"100.058673333",15,54.1,38.9,16.7,55.6,11.1,22.2
"Judge, Aaron",592450,2026,117,145,30,13,5,0,12,41,25,28.3,17.2,".256",".607",".396","1.003","0.351",".276",".658",".428",".446",".412",".382","92.7","13.9",38.2,26.3,53.9,"105.528127368",33.8,41.6,47.4,22.4,38.2,30.3,22.4
"Chisholm Jr., Jazz",665862,2026,115,129,24,16,5,0,3,36,13,27.9,10.1,".209",".330",".295","0.625","0.121",".203",".332",".287",".282",".291",".128","89.4","17.4",25.3,6.3,40.5,"100.004873947",30.1,43.5,50.6,21.5,41.8,29.1,19
"Rumfield, TJ",681198,2026,122,135,31,21,6,1,3,22,11,16.3,8.1,".254",".393",".319","0.712","0.139",".265",".433",".319",".332",".329",".168","86.8","11.5",36.6,7.9,39.6,"99.0887564",20.5,51.9,48.5,18.8,45.5,22.8,26.7
"Raleigh, Cal",663728,2026,129,147,24,13,4,0,7,43,16,29.3,10.9,".186",".380",".272","0.652","0.194",".199",".442",".291",".322",".288",".243","87","22.4",33,13.6,30.7,"99.189086364",30.4,51.2,51.1,22.7,28.4,46.6,12.5
"Benson, Will",666181,2026,46,54,9,4,2,1,2,15,8,27.8,14.8,".196",".413",".315","0.728","0.217",".188",".378",".319",".304",".313",".190","90.2","30.7",32.3,12.9,32.3,"99.114034667",33.3,47.4,38.7,35.5,22.6,51.6,12.9
"Friedl, TJ",670770,2026,114,130,23,16,5,0,2,28,10,21.5,7.7,".202",".298",".283","0.581","0.096",".198",".265",".270",".255",".283",".067","87.4","19.6",27,2.2,30.3,"97.408661026",24.2,44.1,30.3,25.8,46.1,22.5,20.2
"Seager, Corey",608369,2026,118,139,25,13,6,0,6,35,18,25.2,12.9,".212",".415",".317","0.732","0.203",".250",".486",".321",".357",".350",".236","91","12.7",37.6,16.5,45.9,"102.48816907",34.6,50.7,45.9,20,42.4,27.1,24.7
"Vierling, Matt",663837,2026,66,74,14,7,6,0,1,12,6,16.2,8.1,".212",".348",".270","0.618","0.136",".249",".353",".275",".292",".305",".105","88","12.5",35.7,3.6,39.3,"98.818693929",14.8,42.8,35.7,32.1,41.1,25,25
"Edwards, Xavier",669364,2026,122,142,41,30,7,2,2,15,19,10.6,13.4,".336",".475",".426","0.901","0.139",".295",".433",".403",".366",".390",".139","88.8","10.8",37,5.6,39.8,"97.774353519",15.2,39.6,33.3,31.5,45.4,20.4,27.8
"Ward, Ryan",669899,2026,6,6,2,2,0,0,0,1,0,16.7,0,".333",".333",".333","0.666","0.000",".314",".369",".301",".299",".314",".054","84.1","35.4",60,0,0,"88.91353",0,44.4,20,40,0,20,60
"Suárez, Eugenio",553993,2026,91,100,21,15,3,0,3,30,9,30,9,".231",".363",".300","0.663","0.132",".201",".333",".300",".273",".275",".132","84.8","19.5",37.7,8.2,19.7,"96.595455172",32.6,44.9,49.2,24.6,37.7,24.6,26.2
"Moncada, Yoán",660162,2026,87,104,16,11,1,1,3,36,15,34.6,14.4,".184",".322",".317","0.639","0.138",".167",".303",".300",".284",".304",".137","90.3","13.9",35.3,9.8,43.1,"101.031356",29.3,36.9,39.2,21.6,35.3,37.3,25.5
"Valenzuela, Brandon",678218,2026,43,46,9,6,0,0,3,14,3,30.4,6.5,".209",".419",".261","0.680","0.210",".202",".373",".299",".275",".254",".171","87.6","13.9",31,10.3,41.4,"99.799880667",34,53.1,44.8,17.2,44.8,20.7,24.1
"Bichette, Bo",666182,2026,135,145,32,25,5,0,2,29,8,20,5.5,".237",".319",".276","0.595","0.082",".293",".409",".267",".325",".330",".116","91.7","5.7",34.3,3.7,48.1,"101.658306481",20.1,55,21.3,42.6,55.6,15.7,25.9
"Ward, Taylor",621493,2026,122,152,36,22,13,0,1,24,28,15.8,18.4,".295",".426",".428","0.854","0.131",".293",".429",".389",".384",".426",".136","89.6","14.5",39.4,6.1,38.4,"99.448765",17.1,30.7,33.3,27.3,38.4,27.3,29.3
"Hernández, Teoscar",606192,2026,104,117,26,18,4,0,4,32,12,27.4,10.3,".250",".404",".325","0.729","0.154",".243",".421",".326",".325",".320",".178","90.5","13.3",32.9,11,43.8,"100.470016667",32.4,44.7,34.2,21.9,46.6,28.8,19.2
"Lee, Jung Hoo",808982,2026,118,129,34,23,8,1,2,18,9,14,7,".288",".424",".333","0.757","0.136",".291",".388",".334",".324",".340",".098","88.8","12.1",37.3,2.9,33.3,"97.385731373",15,44.5,35.3,28.4,43.1,21.6,31.4
"Devers, Rafael",646240,2026,128,136,27,20,5,0,2,41,7,30.1,5.1,".211",".297",".250","0.547","0.086",".217",".353",".243",".264",".256",".136","89.9","11.8",30.7,8,43.2,"101.035970682",31.9,54.3,29.5,23.9,43.2,29.5,21.6
"Lowe, Nathaniel",663993,2026,59,66,17,7,5,0,5,12,7,18.2,10.6,".288",".627",".364","0.991","0.339",".304",".573",".425",".408",".381",".269","92.3","15",48.9,14.9,53.2,"102.563764091",19.5,45.2,46.8,27.7,36.2,27.7,34
"Smith, Dominic",642086,2026,66,72,22,16,2,0,4,9,3,12.5,4.2,".333",".545",".366","0.911","0.212",".327",".555",".397",".399",".368",".229","89.8","17.6",42.4,10.2,39,"99.284722069",20,55.6,32.2,25.4,28.8,33.9,30.5
"Frazier, Adam",624428,2026,55,64,14,8,4,1,1,18,6,28.1,9.4,".255",".418",".339","0.757","0.163",".178",".253",".339",".245",".270",".075","83.5","15.2",30.8,2.6,17.9,"93.919508333",24.1,55.5,41,20.5,53.8,23.1,20.5
"Canzone, Dominic",686527,2026,72,79,19,9,7,0,3,18,5,22.8,6.3,".264",".486",".316","0.802","0.222",".291",".527",".349",".374",".345",".236","95.7","21.1",43.6,16.4,52.7,"103.774347143",30.1,47.7,36.4,25.5,27.3,34.5,30.9
"Kiner-Falefa, Isiah",643396,2026,35,37,8,8,0,0,0,7,2,18.9,5.4,".229",".229",".270","0.499","0.000",".263",".329",".233",".283",".304",".067","81.7","21.1",39.3,3.6,17.9,"91.451946154",17.5,49.6,39.3,35.7,35.7,25,25
"Freeland, Alex",690976,2026,79,89,19,14,4,0,1,26,7,29.2,7.9,".241",".329",".299","0.628","0.088",".245",".399",".285",".309",".303",".155","89.3","7.2",35.7,10.7,39.3,"100.142336296",29.5,40,37.5,23.2,55.4,19.6,21.4
"Clement, Ernie",676391,2026,131,135,39,25,13,0,1,10,4,7.4,3,".298",".420",".319","0.739","0.122",".266",".343",".327",".277",".288",".077","86.4","18.4",31.4,0,26.4,"95.772514333",14.3,56.7,42.1,19,35.5,22.3,27.3
"India, Jonathan",663697,2026,48,58,8,5,1,0,2,13,8,22.4,13.8,".167",".313",".310","0.623","0.146",".173",".289",".295",".286",".315",".116","85.7","28.3",28.6,5.7,31.4,"96.473557778",22.6,39.2,40,31.4,28.6,31.4,14.3
"Black, Tyler",672012,2026,21,22,9,5,4,0,0,5,1,22.7,4.5,".429",".619",".455","1.074","0.190",".158",".225",".470",".190",".196",".067","82.9","16.7",25,0,12.5,"93.633245",25.6,52,25,25,37.5,43.8,12.5
"Lowe, Josh",666139,2026,84,92,14,9,1,0,4,26,5,28.3,5.4,".167",".321",".220","0.541","0.154",".191",".343",".242",".258",".243",".152","87.5","23.4",31.7,8.3,30,"96.85144069",25.8,52.8,33.3,25,31.7,40,16.7
"O'Hoppe, Logan",681351,2026,78,93,16,14,1,0,1,23,11,24.7,11.8,".205",".256",".323","0.579","0.051",".186",".315",".280",".294",".314",".128","87.4","15.9",28.6,10.7,41.1,"100.243651429",29.5,46.9,53.6,21.4,42.9,30.4,16.1
"Hayes, Ke'Bryan",663647,2026,84,90,10,7,1,1,1,14,6,15.6,6.7,".119",".190",".178","0.368","0.071",".237",".416",".173",".307",".290",".179","91.8","17.6",37.1,11.4,41.4,"100.064161515",20.9,42.4,22.9,30,35.7,32.9,25.7
"Hill, Derek",656537,2026,37,43,9,8,0,0,1,14,5,32.6,11.6,".243",".324",".333","0.657","0.081",".249",".318",".306",".303",".341",".069","85.5","10.3",37.5,4.2,29.2,"95.684512",30.4,51,58.3,20.8,58.3,12.5,25
"Bazzana, Travis",683953,2026,13,18,1,1,0,0,0,4,5,22.2,27.8,".077",".077",".333","0.410","0.000",".128",".156",".220",".271",".385",".028","94.7","10.8",11.1,0,42.9,"100.864095",32.1,40.6,55.6,11.1,55.6,33.3,0
"Realmuto, J.T.",592663,2026,57,64,14,11,2,0,1,12,5,18.8,7.8,".246",".333",".328","0.661","0.087",".235",".326",".306",".294",".319",".091","88.9","9.4",33.3,2.2,42.2,"98.477560435",26.3,45.6,42.2,20,42.2,33.3,24.4
"Jeffers, Ryan",680777,2026,87,105,25,18,2,1,4,19,15,18.1,14.3,".287",".471",".394","0.865","0.184",".255",".465",".382",".377",".373",".210","90.8","22.7",37.1,14.3,40,"101.924979143",18.6,40.3,40,25.7,30,34.3,22.9
"Rutschman, Adley",668939,2026,67,72,21,11,6,0,4,10,5,13.9,6.9,".313",".582",".361","0.943","0.269",".241",".403",".409",".305",".294",".162","89.1","18.5",35.1,7,45.6,"99.56832931",12.5,43.2,35.1,22.8,36.8,28.1,28.1
"Stott, Bryson",681082,2026,93,102,19,14,2,2,1,19,6,18.6,5.9,".204",".301",".260","0.561","0.097",".244",".352",".255",".289",".297",".108","90.2","13.2",28.9,3.9,46.1,"99.189310811",17.9,42.6,42.1,14.5,46.1,30.3,17.1
"Wetherholt, JJ",802139,2026,126,152,30,18,5,0,7,28,17,18.4,11.2,".238",".444",".355","0.799","0.206",".223",".447",".358",".355",".348",".224","90","18.4",36,10,45,"99.6708462",25.6,43,46,23,36,37,20
"Schwarber, Kyle",656941,2026,119,147,25,7,6,1,11,48,24,32.7,16.3,".210",".555",".361","0.916","0.345",".216",".506",".397",".379",".365",".290","93.2","22",32.4,21.1,50.7,"102.899743333",32.8,41.2,54.9,22.5,32.4,39.4,18.3
"Wiemer, Joey",686894,2026,58,66,18,11,3,1,3,25,8,37.9,12.1,".310",".552",".394","0.946","0.242",".208",".356",".413",".298",".305",".148","89.2","1.9",27.3,12.1,39.4,"100.39064375",31.2,42.1,36.4,33.3,54.5,18.2,18.2
"Halpin, Petey",690984,2026,1,1,0,0,0,0,0,0,0,0,0,".000",".000",".000","0.000","0.000",".166",".216",".000",".165",".166",".050","75.3","42.9",0,0,0,"75.31623",25,57.1,0,0,0,100,0
"Olson, Matt",621566,2026,133,153,39,15,13,0,11,34,18,22.2,11.8,".293",".639",".373","1.012","0.346",".257",".595",".426",".395",".345",".339","92.8","17.8",33.7,18.8,49.5,"104.625141765",25,43.9,37.6,24.8,37.6,35.6,15.8
"Clemens, Kody",665019,2026,75,86,15,9,3,0,3,25,8,29.1,9.3,".200",".360",".294","0.654","0.160",".239",".438",".298",".338",".329",".199","91.5","13.9",45.1,15.7,41.2,"101.2422812",28.3,44.6,35.3,23.5,35.3,33.3,27.5
"Loftin, Nick",679845,2026,31,37,8,5,3,0,0,3,6,8.1,16.2,".258",".355",".378","0.733","0.097",".268",".366",".341",".344",".387",".098","87.5","11.6",25,3.6,39.3,"97.731681429",9.1,39.3,32.1,21.4,50,21.4,21.4
"Adames, Willy",642715,2026,129,136,25,12,10,0,3,42,6,30.9,4.4,".194",".341",".235","0.576","0.147",".207",".363",".256",".266",".248",".156","88.4","21.8",35.6,9.2,39.1,"98.850153182",26.4,45.6,48.3,23,34.5,29.9,23
"Monasterio, Andruw",655316,2026,44,48,10,5,4,0,1,8,4,16.7,8.3,".227",".386",".292","0.678","0.159",".284",".441",".303",".343",".343",".157","90.9","19.5",47.2,8.3,47.2,"99.219497778",17.9,46.1,41.7,25,36.1,30.6,25
"Feduccia, Hunter",676439,2026,32,40,8,7,1,0,0,14,6,35,15,".250",".281",".385","0.666","0.031",".197",".242",".323",".285",".341",".044","85.1","6.7",36.8,0,16.7,"93.327992222",28,44.4,47.4,36.8,47.4,21.1,31.6
"Lewis, Royce",668904,2026,70,80,13,8,2,0,3,23,9,28.7,11.3,".186",".343",".287","0.630","0.157",".218",".359",".289",".304",".316",".141","89.2","16.7",34,12.8,44.7,"100.7550425",33.8,45.8,44.7,14.9,34,29.8,21.3
"Ohtani, Shohei",660271,2026,119,148,30,18,6,0,6,36,23,24.3,15.5,".252",".454",".381","0.835","0.202",".264",".529",".359",".397",".397",".265","94.3","13.2",36.5,20,50.6,"103.48790093",28.2,43.9,54.1,21.2,42.4,38.8,16.5
"Frelick, Sal",686217,2026,99,118,21,16,2,0,3,13,13,11,11,".212",".323",".304","0.627","0.111",".241",".346",".285",".302",".330",".104","84.6","7.8",27.3,4.5,25,"96.614842558",11.9,41.5,42,20.5,54.5,19.3,14.8
"Jansen, Danny",643376,2026,73,81,15,8,4,1,2,26,7,32.1,8.6,".205",".370",".284","0.654","0.165",".173",".289",".294",".247",".255",".116","87.8","22.1",27.7,6.4,36.2,"98.1886975",27.8,44.5,55.3,19.1,40.4,21.3,17
"Wynns, Austin",642851,2026,32,35,3,3,0,0,0,6,2,17.1,5.7,".094",".094",".147","0.241","0.000",".250",".413",".121",".310",".294",".163","84.8","24.6",29.6,7.4,25.9,"97.439868462",23.3,57.9,37,33.3,33.3,37,18.5
"Walls, Taylor",670764,2026,64,78,13,10,3,0,0,21,9,26.9,11.5,".203",".250",".311","0.561","0.047",".171",".216",".270",".241",".283",".045","82.4","18.5",27.7,0,17,"93.666929048",22.6,42.5,25.5,42.6,46.8,29.8,14.9
"Arenado, Nolan",571448,2026,105,112,29,22,2,0,5,23,6,20.5,5.4,".276",".438",".313","0.751","0.162",".259",".403",".331",".305",".298",".144","83.5","19.9",34.9,8.4,26.5,"95.067697619",27.4,45.1,42.2,15.7,36.1,25.3,24.1
"Merrill, Jackson",701538,2026,119,132,25,16,6,0,3,31,10,23.5,7.6,".210",".336",".277","0.613","0.126",".223",".408",".275",".301",".289",".185","88.9","12.2",31.1,10,44.4,"100.300425227",27.5,56.8,41.1,25.6,44.4,25.6,24.4
"McCann, James",543510,2026,50,52,9,6,3,0,0,17,1,32.7,1.9,".180",".240",".196","0.436","0.060",".157",".254",".195",".187",".174",".097","89.3","8.6",23.5,5.9,38.2,"98.952438824",33,53.6,11.8,23.5,58.8,20.6,17.6
"Carlson, Dylan",666185,2026,4,4,0,0,0,0,0,2,0,50,0,".000",".000",".000","0.000","0.000",".067",".096",".000",".070",".067",".029","84.4","6.4",50,0,0,"88.16488",33.3,30,100,0,50,50,0
"Goldschmidt, Paul",502671,2026,32,38,5,0,4,0,1,8,5,21.1,13.2,".156",".375",".289","0.664","0.219",".261",".518",".302",".390",".378",".257","89.6","9.3",37.5,20.8,50,"102.067700833",14.9,45.7,33.3,20.8,50,20.8,25
"Abrams, CJ",682928,2026,114,139,33,21,4,0,8,24,17,17.3,12.2,".289",".535",".403","0.938","0.246",".282",".508",".407",".394",".401",".226","89.5","14.7",33.7,12,43.5,"100.73306913",28.6,48.5,39.1,26.1,40.2,30.4,21.7
"Shaw, Matt",807713,2026,79,86,22,13,6,0,3,16,5,18.6,5.8,".278",".468",".318","0.786","0.190",".265",".405",".343",".308",".305",".141","86.8","13.7",40,6.2,33.8,"97.14696625",18,49.6,30.8,35.4,40,23.1,29.2
"White, Eli",642201,2026,46,48,9,6,1,0,2,9,1,18.8,2.1,".196",".348",".208","0.556","0.152",".240",".343",".241",".260",".254",".104","85.5","7.8",36.8,7.9,26.3,"95.686407222",27.6,50.3,26.3,31.6,50,23.7,21.1
"Schneider, Davis",676914,2026,51,65,7,3,3,0,1,20,14,30.8,21.5,".137",".255",".323","0.578","0.118",".165",".281",".285",".302",".345",".116","87.3","21.7",22.6,12.9,41.9,"99.98089125",30,34.1,45.2,32.3,41.9,35.5,12.9
"Muncy, Max",691777,2026,92,104,22,13,5,2,2,37,6,35.6,5.8,".239",".402",".308","0.710","0.163",".224",".391",".315",".303",".297",".168","92.5","10.5",35.1,12.3,56.1,"103.570102069",35.4,51,47.4,21.1,49.1,26.3,19.3
"Goodman, Hunter",696100,2026,116,129,29,13,7,0,9,49,10,38,7.8,".250",".543",".326","0.869","0.293",".226",".462",".375",".330",".304",".236","93.8","22.6",37.3,16.4,53.7,"103.973546061",36.8,56.2,55.2,17.9,28.4,41.8,23.9
"Brito, Juan",682877,2026,51,56,9,5,4,0,0,17,4,30.4,7.1,".176",".255",".250","0.505","0.079",".205",".287",".236",".257",".276",".081","84.3","14.2",29.4,2.9,32.4,"97.150075882",32.5,48.5,50,11.8,44.1,14.7,23.5
"Andujar, Miguel",609280,2026,75,79,24,16,6,1,1,13,3,16.5,3.8,".320",".467",".354","0.821","0.147",".249",".354",".363",".283",".287",".105","88.7","11.5",29,3.2,40.3,"99.702298387",18.1,50.5,45.2,19.4,51.6,19.4,17.7
"Cowser, Colton",681297,2026,60,70,11,9,2,0,0,22,8,31.4,11.4,".183",".217",".275","0.492","0.034",".197",".333",".237",".280",".288",".136","85.5","2.5",25,10,40,"100.051293",38.1,42.3,37.5,20,57.5,22.5,20
"Keith, Colt",690993,2026,95,100,31,24,7,0,0,20,5,20,5,".326",".400",".360","0.760","0.074",".299",".467",".342",".347",".334",".168","93.9","11.7",32,6.7,53.3,"102.033301351",23.5,41.1,41.3,22.7,48,22.7,22.7
"Lockridge, Brandon",663604,2026,78,89,21,18,3,0,0,24,10,27,11.2,".269",".308",".352","0.660","0.039",".219",".263",".309",".268",".308",".045","85.4","0.4",16.4,1.8,30.9,"98.3359912",27.6,43.5,29.1,27.3,72.7,12.7,10.9
"Rodríguez, Julio",677594,2026,134,148,36,25,7,0,4,33,12,22.3,8.1,".269",".410",".338","0.748","0.141",".261",".433",".334",".334",".331",".172","88.9","9",31.7,7.9,41.6,"101.552123333",27.5,51.5,40.6,21.8,46.5,19.8,25.7
"Mateo, Jorge",622761,2026,37,39,10,7,2,0,1,15,2,38.5,5.1,".270",".405",".308","0.713","0.135",".233",".360",".317",".278",".272",".127","94.2","12.7",40.9,13.6,50,"103.015204545",33.7,53.4,54.5,13.6,45.5,31.8,22.7
"Morel, Christopher",666624,2026,7,9,1,1,0,0,0,3,1,33.3,11.1,".143",".143",".333","0.476","0.000",".142",".154",".261",".261",".333",".012","99.7","-10.9",0,0,75,"106.345305",40,38.5,50,0,100,0,0
"McNeil, Jeff",643446,2026,98,113,30,22,7,0,1,12,10,10.6,8.8,".306",".408",".375","0.783","0.102",".296",".374",".352",".334",".368",".078","86.7","11.2",39.3,1.1,32.6,"96.338112273",15.6,53.5,36,29.2,43.8,16.9,32.6
"Sosa, Edmundo",624641,2026,47,49,13,9,3,0,1,9,2,18.4,4.1,".277",".404",".306","0.710","0.127",".318",".463",".315",".349",".345",".146","89.8","9.8",34.2,5.3,42.1,"101.663421053",21.9,59,42.1,21.1,50,7.9,28.9
"Chapman, Matt",656305,2026,126,141,32,24,6,1,1,34,14,24.1,9.9,".254",".341",".333","0.674","0.087",".218",".288",".310",".272",".302",".070","87.3","7.1",21.7,4.3,33.7,"100.188662889",24.3,42.1,41.3,26.1,53.3,12,21.7
"Stephenson, Tyler",663886,2026,80,93,15,9,4,0,2,26,12,28,12.9,".188",".313",".290","0.603","0.125",".225",".452",".278",".343",".328",".227","93.5","22.2",34.5,14.5,54.5,"101.382855556",26.7,43.8,25.5,30.9,29.1,45.5,20
"Robert Jr., Luis",673357,2026,85,98,19,14,3,0,2,17,13,17.3,13.3,".224",".329",".327","0.656","0.105",".243",".377",".304",".325",".344",".134","90.2","14.7",20.6,2.9,42.6,"102.167753824",25.6,46.6,35.3,20.6,47.1,25,17.6
"Pozo, Yohel",650968,2026,17,17,2,1,1,0,0,0,0,0,0,".118",".176",".118","0.294","0.058",".260",".301",".128",".247",".260",".042","88.8","9.9",17.6,0,35.3,"98.013491111",5.3,64.4,29.4,41.2,70.6,17.6,5.9
"Williams, Luke",663897,2026,0,1,0,0,0,0,0,0,1,0,100,".000",".000","1.000","1.000","0.000",".000",".000",".708",".708","1.000",".000",,,,,,,,0,,,,,
"Fraley, Jake",641584,2026,65,72,16,8,6,0,2,18,7,25,9.7,".246",".431",".319","0.750","0.185",".207",".369",".333",".291",".284",".163","84.7","23.4",44.7,8.5,23.4,"95.56189125",20.6,43.2,44.7,27.7,29.8,31.9,23.4
"Schanuel, Nolan",694384,2026,121,134,29,20,6,0,3,19,10,14.2,7.5,".240",".364",".299","0.663","0.124",".257",".338",".297",".294",".318",".081","86.6","9",30.8,1.9,30.8,"96.712955769",15.3,43.9,38.5,24,51.9,17.3,26
"Marte, Ketel",606466,2026,121,131,27,19,3,0,5,25,10,19.1,7.6,".223",".372",".282","0.654","0.149",".302",".479",".293",".363",".356",".176","92.6","7.4",32.3,9.4,49,"103.935014167",25.3,49.5,57.3,12.5,50,19.8,27.1
"Baty, Brett",683146,2026,92,103,19,13,4,1,1,28,8,27.2,7.8,".207",".304",".265","0.569","0.097",".230",".366",".257",".287",".286",".137","89.8","6.1",30.3,7.6,36.4,"99.771630303",27.7,45.7,40.9,27.3,50,22.7,24.2
"Harris, Dustin",687957,2026,42,50,10,8,1,1,0,7,6,14,12,".238",".310",".340","0.650","0.072",".289",".360",".302",".339",".385",".072","83.7","15.8",47.2,0,16.7,"93.693081111",14.1,42.2,55.6,8.3,36.1,22.2,36.1
"Mayer, Marcelo",691785,2026,82,92,20,13,6,0,1,15,7,16.3,7.6,".244",".354",".308","0.662","0.110",".222",".345",".299",".291",".294",".122","88.3","9.2",29.4,8.8,44.1,"99.723695882",25.2,47.9,35.3,26.5,50,27.9,17.6
"Shewmake, Braden",669699,2026,10,10,2,1,0,0,1,3,0,30,0,".200",".500",".200","0.700","0.300",".181",".429",".298",".256",".181",".248","88","29.4",28.6,14.3,28.6,"94.52335",29.2,60,28.6,0,14.3,71.4,14.3
"Millas, Drew",686452,2026,54,61,8,6,2,0,0,17,5,27.9,8.2,".148",".185",".220","0.405","0.037",".197",".263",".195",".242",".265",".065","80.1","8.8",42.1,2.6,21.1,"91.811838333",23.1,45.2,31.6,31.6,47.4,13.2,34.2
"Jensen, Carter",695600,2026,98,111,23,15,2,0,6,33,11,29.7,9.9,".235",".439",".315","0.754","0.204",".224",".416",".334",".319",".307",".192","91.2","17.2",33.3,12.1,45.5,"102.703943333",35.9,44.4,43.9,22.7,36.4,34.8,21.2
"Encarnacion, Jerar",666464,2026,32,33,6,5,1,0,0,8,1,24.2,3,".188",".219",".212","0.431","0.031",".175",".243",".197",".196",".200",".068","86.3","6.2",37.5,4.2,33.3,"97.9205625",18.2,52.4,37.5,37.5,50,25,20.8
"Rivero, Sebastián",665861,2026,4,4,2,2,0,0,0,0,0,0,0,".500",".500",".500","1.000","0.000",".424",".485",".451",".398",".424",".061","83.5","18.7",25,0,0,"92.310395",22.2,81.8,25,25,50,0,25
"Marsh, Brandon",669016,2026,102,109,31,21,6,0,4,23,4,21.1,3.7,".304",".480",".330","0.810","0.176",".281",".462",".353",".330",".309",".181","91.1","12.6",43.2,6.2,49.4,"100.95014825",19.8,51.9,35.8,32.1,45.7,28.4,24.7
"Freeman, Freddie",518692,2026,124,136,33,22,7,1,3,15,11,11,8.1,".266",".411",".331","0.742","0.145",".302",".549",".329",".390",".364",".247","92.2","11.3",36.7,12.8,48.6,"101.543775818",18.7,52.8,34.9,25.7,42.2,30.3,24.8
"Pasquantino, Vinnie",686469,2026,112,133,20,11,3,2,4,28,16,21.1,12,".179",".348",".278","0.626","0.169",".220",".368",".281",".304",".314",".149","88.6","18.1",34.1,8,36.4,"99.133827273",17.3,46.4,47.7,27.3,35.2,27.3,25
"Witt Jr., Bobby",677951,2026,130,149,37,25,9,1,2,25,17,16.8,11.4,".285",".415",".362","0.777","0.130",".301",".485",".343",".378",".385",".184","92.4","18",34.6,11.2,48.6,"103.274796604",24.3,49.5,25.2,33.6,35.5,23.4,29
"Arraez, Luis",650333,2026,126,136,40,33,5,2,0,6,6,4.4,4.4,".317",".389",".343","0.732","0.072",".304",".375",".326",".311",".332",".071","86.9","13.3",36.3,0,20.2,"93.872034098",8.1,51.1,29.8,30.6,45.2,25,25
"Johnson, Bryce",669369,2026,23,26,5,3,2,0,0,10,2,38.5,7.7,".217",".304",".280","0.584","0.087",".110",".133",".267",".155",".181",".023","84.1","21.3",21.4,0,14.3,"92.42471",40.9,46.3,28.6,42.9,50,28.6,7.1
"DeLuca, Jonny",676356,2026,67,70,19,11,6,0,2,12,3,17.1,4.3,".284",".463",".314","0.777","0.179",".269",".405",".341",".306",".300",".136","88.2","16.2",30.9,5.5,32.7,"99.209095556",21.9,52.9,45.5,32.7,38.2,21.8,23.6
"Myers, Dane",667472,2026,42,52,12,11,0,0,1,9,9,17.3,17.3,".286",".357",".423","0.780","0.071",".349",".619",".368",".471",".479",".270","89.5","18.7",42.4,12.1,30.3,"98.746688",12.7,32.1,18.2,24.2,39.4,33.3,21.2
"Nuñez, Nasim",683083,2026,96,113,20,19,1,0,0,22,14,19.5,12.4,".208",".219",".315","0.534","0.011",".218",".270",".262",".279",".324",".051","84.5","5.4",31.6,0,18.4,"93.834816111",21.3,46.7,30.3,25,55.3,15.8,25
"Fry, David",681807,2026,39,48,9,6,1,0,2,16,9,33.3,18.8,".231",".410",".375","0.785","0.179",".167",".247",".359",".277",".323",".080","87.9","22.2",34.8,8.7,39.1,"98.187235",31.1,40.2,65.2,8.7,26.1,43.5,21.7
"Pages, Andy",681624,2026,119,131,38,26,7,0,5,31,9,23.7,6.9,".319",".504",".366","0.870","0.185",".289",".441",".381",".346",".344",".152","90.4","15.6",35.6,5.6,52.2,"101.642468444",24.8,49.8,33.3,32.2,37.8,25.6,27.8
"Jiménez, Eloy",650391,2026,31,35,9,9,0,0,0,7,3,20,8.6,".290",".290",".343","0.633","0.000",".214",".289",".293",".257",".279",".076","89.2","5.6",32,4,44,"98.972092308",29.9,51.5,52,28,48,20,24
"Jung, Jace",690291,2026,4,6,1,1,0,0,0,1,2,16.7,33.3,".250",".250",".500","0.750","0.000",".248",".366",".387",".411",".498",".119","94.8","27",66.7,0,33.3,"99.594995",8.3,44.4,33.3,33.3,0,33.3,66.7
"Bailey, Patrick",672275,2026,79,86,12,11,0,0,1,20,7,23.3,8.1,".152",".190",".221","0.411","0.038",".233",".362",".197",".292",".297",".129","90.6","11.8",33.9,5.1,42.4,"99.011567931",26.9,48.1,37.3,22,45.8,23.7,25.4
"Hicks, Liam",689414,2026,97,112,30,20,3,0,7,9,9,8,8,".309",".557",".366","0.923","0.248",".318",".470",".392",".375",".386",".151","88.1","11.8",34.8,7.6,40.2,"98.796423043",9.3,43.6,44.6,18.5,41.3,22.8,30.4
"Carroll, Corbin",682998,2026,107,125,30,15,7,4,4,35,16,28,12.8,".280",".533",".376","0.909","0.253",".246",".458",".395",".353",".347",".212","89.9","8.6",32.9,12.3,41.1,"100.166611892",34.1,44.5,46.6,19.2,46.6,24.7,21.9
"Church, Nathan",701675,2026,93,100,22,14,3,0,5,24,4,24,4,".237",".430",".270","0.700","0.193",".239",".439",".304",".305",".273",".200","86.7","11.6",35.2,12.7,36.6,"99.213381714",22.5,56.5,38,25.4,49.3,25.4,18.3
"Jones, Greg",675659,2026,21,22,2,2,0,0,0,9,0,40.9,0,".095",".095",".095","0.190","0.000",".187",".217",".086",".175",".187",".030","85.7","-1.8",23.1,0,30.8,"98.318065",40,54.1,15.4,15.4,61.5,7.7,23.1
"McGonigle, Kevin",805808,2026,126,146,39,24,11,2,2,19,19,13,13,".310",".476",".404","0.880","0.166",".297",".541",".393",".404",".393",".244","88.5","20",45.8,13.1,38.3,"99.286349259",13.2,42.2,39.3,22.4,28,36.4,29
"Taylor, Tyrone",621438,2026,56,60,12,9,1,0,2,10,2,16.7,3.3,".214",".339",".241","0.580","0.125",".233",".351",".258",".266",".260",".118","86.7","21.6",33.3,4.2,27.1,"97.415384783",21.6,55.1,35.4,25,33.3,33.3,22.9
"Torrens, Luis",620443,2026,30,31,6,4,2,0,0,6,0,19.4,0,".200",".267",".200","0.467","0.067",".257",".345",".206",".259",".257",".088","89.3","10.8",36,0,52,"100.633643333",28.1,54.2,36,20,52,16,28
"Montgomery, Colson",695657,2026,117,136,27,13,5,0,9,38,12,27.9,8.8,".231",".504",".338","0.842","0.273",".218",".447",".366",".337",".327",".229","89.6","21.1",40.5,15.2,39.2,"101.4177845",34.2,48.1,53.2,15.2,35.4,35.4,19
"Carpenter, Kerry",681481,2026,90,105,19,9,2,2,6,35,11,33.3,10.5,".211",".478",".305","0.783","0.267",".197",".410",".339",".308",".294",".213","92.5","21.1",35.1,12.3,52.6,"100.612409286",36.5,45.3,43.9,22.8,35.1,42.1,17.5
"Rice, Ben",700250,2026,106,132,35,16,8,0,11,32,23,24.2,17.4,".330",".717",".447","1.164","0.387",".316",".623",".485",".453",".440",".307","94.7","11.2",40.8,19.7,59.2,"103.617897368",24.9,37.6,55.3,14.5,46.1,26.3,26.3
"Arozarena, Randy",668227,2026,121,142,34,21,9,1,3,33,16,23.2,11.3,".281",".446",".373","0.819","0.165",".257",".383",".365",".334",".358",".126","90.4","7.1",38.9,6.7,41.1,"100.181357556",25.9,44.6,33.3,33.3,50,21.1,26.7
"Valera, George",671655,2026,37,38,8,5,3,0,0,8,1,21.1,2.6,".216",".297",".237","0.534","0.081",".193",".232",".238",".199",".215",".039","90.2","9.6",20.7,0,34.5,"98.353314",22.1,57.1,51.7,20.7,51.7,6.9,24.1
"Castro, Willi",650489,2026,85,93,20,14,5,0,1,31,7,33.3,7.5,".235",".329",".301","0.630","0.094",".203",".338",".288",".272",".272",".135","89","18",27.8,7.4,44.4,"100.572034815",30.9,54.1,31.5,33.3,40.7,33.3,22.2
"Naylor, Josh",647304,2026,121,134,26,20,2,0,4,23,11,17.2,8.2,".215",".331",".284","0.615","0.116",".255",".404",".276",".316",".320",".149","87.4","17.5",33.3,7.1,36.4,"98.288550408",23.2,55.8,46.5,21.2,39.4,23.2,22.2
"Benintendi, Andrew",643217,2026,98,106,20,11,5,2,2,37,6,34.9,5.7,".204",".357",".245","0.602","0.153",".225",".400",".264",".286",".266",".175","89.1","20.4",38.1,11.1,57.1,"99.479111613",33.9,53.4,57.1,12.7,31.7,36.5,25.4
"Bohm, Alec",664761,2026,112,126,18,14,3,0,1,21,9,16.7,7.1,".161",".214",".230","0.444","0.053",".219",".300",".210",".273",".290",".081","89.1","10.6",36.2,1.1,39.4,"99.143731489",19,42.2,23.4,21.3,48.9,19.1,23.4
"Fernandez, Jose",699912,2026,89,93,28,22,3,0,3,20,4,21.5,4.3,".315",".449",".344","0.793","0.134",".266",".403",".352",".306",".297",".138","89.5","14.2",29,5.8,44.9,"102.022831471",24.7,45.1,47.8,20.3,46.4,14.5,23.2
"Marsee, Jakob",805300,2026,126,151,22,16,3,2,1,37,21,24.5,13.9,".175",".254",".300","0.554","0.079",".193",".274",".266",".279",".317",".081","87.8","18.9",27.5,2.2,37.4,"98.740349318",18.1,38.1,46.2,19.8,36.3,25.3,25.3
"O'Neill, Tyler",641933,2026,41,50,9,8,0,0,1,11,7,22,14,".220",".293",".360","0.653","0.073",".196",".328",".315",".312",".341",".132","89.6","28.7",36.7,3.3,43.3,"100.684322",33.3,41.3,46.7,16.7,26.7,36.7,20
"Rushing, Dalton",687221,2026,47,53,16,7,2,0,7,14,4,26.4,7.5,".340",".830",".415","1.245","0.490",".306",".620",".523",".428",".385",".314","92.1","24.5",39.4,15.2,51.5,"104.295700625",27.4,46.7,42.4,27.3,27.3,36.4,24.2
"Stanton, Giancarlo",519317,2026,90,96,23,14,6,0,3,29,6,30.2,6.3,".256",".422",".302","0.724","0.166",".245",".466",".321",".326",".292",".221","94.1","21.5",37.7,18,44.3,"104.792676774",38.7,45.1,39.3,18,29.5,27.9,29.5
"Rogers, Jake",668670,2026,30,34,4,2,2,0,0,10,1,29.4,2.9,".133",".200",".176","0.376","0.067",".183",".342",".171",".242",".223",".160","88.3","34.7",36.4,13.6,31.8,"98.202471818",29.8,42.5,54.5,13.6,13.6,50,22.7
"Farmer, Kyle",571657,2026,12,13,4,3,1,0,0,2,0,15.4,0,".333",".417",".308","0.725","0.084",".320",".369",".307",".285",".299",".049","81.6","7",36.4,0,27.3,"93.193218333",21.7,54.8,45.5,18.2,45.5,9.1,36.4
"Crawford, J.P.",641487,2026,89,111,18,13,3,0,2,18,20,16.2,18,".202",".303",".360","0.663","0.101",".267",".436",".319",".382",".414",".169","89.4","13.9",39.4,9.9,39.4,"99.422188286",16.8,36,31,31,47.9,18.3,26.8
"Alexander, Blaze",677942,2026,69,77,12,10,2,0,0,24,5,31.2,6.5,".174",".203",".240","0.443","0.029",".267",".340",".212",".299",".325",".073","92.4","11.3",34.8,2.2,50,"99.681064348",34.5,55.7,28.3,28.3,50,19.6,28.3
"Mangum, Jake",663968,2026,70,78,19,17,2,0,0,17,6,21.8,7.7,".271",".300",".338","0.638","0.029",".259",".311",".292",".285",".327",".052","83.5","0.7",20.4,0,31.5,"95.5920864",23.1,61.8,27.8,37,70.4,11.1,14.8
"Turang, Brice",668930,2026,110,139,32,19,8,1,4,29,27,20.9,19.4,".291",".491",".428","0.919","0.200",".292",".541",".407",".419",".430",".249","92.7","9",42.2,10.8,51.8,"102.474860732",18.1,39.6,27.7,34.9,44.6,22.9,30.1
"Lawlar, Jordan",691783,2026,18,20,6,4,1,0,1,6,1,30,5,".333",".556",".400","0.956","0.223",".275",".474",".421",".361",".348",".199","90.4","23.4",33.3,8.3,41.7,"101.669213333",30.8,42.9,75,16.7,33.3,50,16.7
"Aranda, Jonathan",666018,2026,114,137,26,15,4,0,7,35,19,25.5,13.9,".228",".447",".336","0.783","0.219",".230",".441",".343",".345",".344",".211","90.4","15.6",41.5,11,41.5,"99.950420976",23.3,43.6,32.9,24.4,36.6,31.7,26.8
"Griffin, Konnor",804606,2026,100,111,26,19,3,2,2,30,8,27,7.2,".260",".390",".324","0.714","0.130",".232",".385",".320",".304",".302",".153","88.5","7.6",33.8,8.5,33.8,"100.094845429",33.2,50.5,42.3,29.6,50.7,19.7,25.4
"Schneemann, Daniel",682177,2026,80,89,25,14,7,0,4,27,9,30.3,10.1,".313",".550",".382","0.932","0.237",".273",".484",".407",".361",".346",".211","90.1","14.9",45.3,11.3,42.3,"99.621867778",36.3,48.1,49.1,22.6,34,32.1,30.2
"Machado, Manny",592518,2026,105,126,23,15,4,0,4,26,19,20.6,15.1,".219",".371",".333","0.704","0.152",".239",".358",".318",".323",".355",".120","88.9","8.7",32.1,6.2,40.7,"100.191416341",22.4,45.4,42,25.9,40.7,19.8,30.9
"McCarthy, Jake",664983,2026,58,69,15,9,5,1,0,12,6,17.4,8.7,".259",".379",".333","0.712","0.120",".248",".353",".320",".304",".324",".106","84.7","13.4",22,4,22,"95.817778182",26,51,30,18,54,16,18
"Wong, Connor",657136,2026,41,47,10,5,5,0,0,7,4,14.9,8.5,".244",".366",".326","0.692","0.122",".204",".302",".315",".273",".291",".098","86.1","13.6",20,2.9,37.1,"97.823901765",20.7,48.5,25.7,25.7,42.9,34.3,14.3
"Hoskins, Rhys",656555,2026,75,94,16,8,6,0,2,28,17,29.8,18.1,".213",".373",".362","0.735","0.160",".187",".317",".339",".312",".343",".130","90.5","22.9",35.4,10.4,47.9,"100.454369583",32,40.9,45.8,27.1,31.3,35.4,20.8
"Lee, Hao-Yu ",701678,2026,30,33,6,3,2,0,1,10,3,30.3,9.1,".200",".367",".273","0.640","0.167",".212",".489",".287",".331",".284",".277","90.2","21.3",40,15,40,"101.089861",37.5,50.4,35,20,20,45,30
"O'Hearn, Ryan",656811,2026,117,137,37,27,5,0,5,25,16,18.2,11.7,".316",".487",".401","0.888","0.171",".303",".495",".391",".389",".395",".192","90.9","10.6",36.2,7.4,48.9,"100.755495532",20.7,42.7,43.6,26.6,44.7,24.5,28.7
"Sheets, Gavin",657757,2026,89,95,20,7,9,0,4,21,5,22.1,5.3,".225",".461",".274","0.735","0.236",".243",".445",".320",".318",".290",".203","88.7","11",33.8,10.3,44.1,"100.180829118",19.3,45.9,33.8,26.5,45.6,19.1,22.1
"Bliss, Ryan",669208,2026,2,2,0,0,0,0,0,2,0,100,0,".000",".000",".000","0.000","0.000",".000",".000",".000",".000",".000",".000",,,,,,,80,55.6,,,,,
"Altuve, Jose",514888,2026,121,138,30,19,8,0,3,25,17,18.1,12.3,".248",".388",".341","0.729","0.140",".251",".374",".328",".320",".344",".123","85.6","5.1",31.3,7.3,36.5,"97.896335319",23.6,45.5,43.8,7.3,53.1,14.6,24
"Taveras, Leody",665750,2026,69,82,19,13,3,1,2,16,12,19.5,14.6,".275",".435",".383","0.818","0.160",".270",".439",".368",".363",".378",".169","87.5","18.8",44.4,5.6,37,"99.067842593",25.3,46.3,35.2,25.9,25.9,33.3,33.3
"Ramírez, José",608070,2026,126,149,27,13,8,0,6,20,23,13.4,15.4,".214",".421",".336","0.757","0.207",".277",".501",".333",".383",".389",".224","90","23.4",34.9,10.4,42.9,"100.21552717",17,46.7,44.3,16,26.4,43.4,19.8
"Hernández, Heriberto",681715,2026,63,74,10,9,0,1,0,14,10,18.9,13.5,".159",".190",".284","0.474","0.031",".217",".298",".237",".295",".333",".082","89","8.7",20.4,4.1,40.8,"100.1009704",29.5,39.8,44.9,18.4,51,24.5,18.4
"Busch, Michael",683737,2026,121,140,25,17,6,0,2,32,16,22.9,11.4,".207",".306",".307","0.613","0.099",".220",".352",".286",".303",".318",".132","86.2","13.6",30,8.9,36.7,"98.235326667",25.9,44,38.9,28.9,46.7,33.3,15.6
"Diaz, Yainer",673237,2026,101,106,25,18,5,0,2,16,3,15.1,2.8,".248",".356",".264","0.620","0.108",".238",".323",".273",".258",".259",".086","87.8","5.9",23,3.4,28.7,"98.070181818",23.4,58.1,28.7,27.6,57.5,18.4,19.5
"Vargas, Miguel",678246,2026,116,143,25,14,4,1,6,24,24,16.8,16.8,".216",".422",".357","0.779","0.206",".244",".460",".349",".368",".380",".216","89.2","17",40.9,11.8,45.2,"100.565706383",17.7,41.6,40.9,23.7,35.5,33.3,24.7
"Fermin, Freddy",666023,2026,51,62,9,5,4,0,0,14,7,22.6,11.3,".176",".255",".290","0.545","0.079",".198",".277",".259",".280",".317",".078","86.9","13.5",30.8,0,35.9,"96.9847755",30.6,49.2,46.2,23.1,41,25.6,25.6
"Hernaiz, Darell",687231,2026,45,53,10,9,0,0,1,7,7,13.2,13.2,".222",".289",".327","0.616","0.067",".202",".250",".291",".265",".310",".048","83.2","16.7",28.2,0,23.1,"95.225761053",16.3,54.4,30.8,43.6,43.6,25.6,17.9
"Conine, Griffin",665052,2026,22,25,6,3,1,0,2,6,2,24,8,".273",".591",".360","0.951","0.318",".376",".773",".412",".513",".451",".396","90.1","6.4",56.3,25,62.5,"106.653525",40.9,48.9,37.5,6.3,50,25,25
"Allen, Nick",669397,2026,20,22,5,4,1,0,0,5,2,22.7,9.1,".250",".300",".318","0.618","0.050",".226",".272",".287",".262",".296",".046","86.5","12.9",20,0,26.7,"95.54764",30,44.8,46.7,0,53.3,20,20
"Yelich, Christian",592885,2026,51,56,16,12,2,1,1,14,5,25,8.9,".314",".451",".375","0.826","0.137",".229",".369",".356",".282",".298",".140","89.4","-2.4",13.5,5.4,40.5,"100.892430556",28.1,49.2,37.8,29.7,75.7,13.5,10.8
"Susac, Daniel",691740,2026,23,24,11,8,2,1,0,3,1,12.5,4.2,".478",".652",".500","1.152","0.174",".372",".487",".504",".387",".398",".115","88","15.8",35,5,30,"98.277012",21.3,55.3,25,35,45,35,20
"Wells, Austin",669224,2026,74,91,15,11,1,0,3,16,16,17.6,17.6,".203",".338",".341","0.679","0.135",".240",".386",".307",".335",".374",".146","91.2","15.3",27.1,5.1,45.8,"100.69772931",24.9,45.4,49.2,28.8,44.1,32.2,16.9
"Stowers, Kyle",669065,2026,44,51,9,6,3,0,0,13,6,25.5,11.8,".205",".273",".314","0.587","0.068",".241",".324",".271",".301",".345",".083","92.1","5.1",22.6,3.2,61.3,"100.820235625",29.1,57.6,58.1,16.1,61.3,19.4,16.1
"Smith, Cam",701358,2026,113,132,24,14,6,0,4,37,14,28,10.6,".212",".372",".305","0.677","0.160",".246",".442",".305",".340",".336",".196","89","11.1",32.1,15.4,44.9,"102.620381026",32.2,46.9,25.6,33.3,43.6,29.5,20.5
"d'Arnaud, Travis",518595,2026,30,35,4,3,1,0,0,6,3,17.1,8.6,".133",".167",".257","0.424","0.034",".196",".355",".217",".304",".311",".160","86.6","15.1",33.3,12.5,29.2,"96.377093333",28.6,49.6,16.7,41.7,41.7,33.3,12.5
"Lopez, Nicky",670032,2026,4,4,0,0,0,0,0,2,0,50,0,".000",".000",".000","0.000","0.000",".178",".185",".000",".161",".178",".007","98.5","1.6",0,0,50,"98.53437",27.3,57.9,0,0,100,0,0
"Cortes, Carlos",666126,2026,75,84,29,19,5,1,4,7,8,8.3,9.5,".387",".640",".452","1.092","0.253",".350",".571",".475",".428",".421",".221","91.5","6.3",38.2,13.2,47.1,"101.531905455",16.9,44,29.4,26.5,48.5,20.6,27.9
"Herrera, Iván",671056,2026,117,152,30,18,8,0,4,25,26,16.4,17.1,".256",".427",".421","0.848","0.171",".269",".442",".380",".386",".431",".173","90.6","9.9",28,8.6,47.3,"102.276457234",20.6,40.6,36.6,25.8,50.5,22.6,18.3
"Osuna, Alejandro",696030,2026,16,21,4,3,1,0,0,4,4,19,19,".250",".313",".429","0.742","0.063",".250",".285",".360",".348",".428",".036","87","12.7",33.3,0,25,"95.635946667",13.5,43,16.7,8.3,50,0,33.3
"Duran, Jarren",680776,2026,108,117,19,12,5,0,2,29,8,24.8,6.8,".176",".278",".239","0.517","0.102",".226",".384",".237",".295",".287",".158","89.9","13",26.6,11.4,40.5,"102.104209487",34.4,49.5,39.2,22.8,50.6,17.7,17.7
"Bader, Harrison",664056,2026,52,55,6,4,1,0,1,17,2,30.9,3.6,".115",".192",".145","0.337","0.077",".196",".335",".152",".261",".235",".139","87.1","9.7",27.8,8.3,38.9,"98.591195556",33.3,53.9,47.2,27.8,58.3,19.4,13.9
"Acuña, Luisangel",682668,2026,73,82,13,12,1,0,0,12,6,14.6,7.3,".178",".192",".247","0.439","0.014",".243",".310",".211",".277",".305",".068","88.2","3.4",15.9,3.2,38.1,"99.02057871",23.6,49.2,27,25.4,61.9,19,14.3
"Pereira, Everson",677592,2026,64,71,16,9,4,0,3,21,4,29.6,5.6,".250",".453",".310","0.763","0.203",".232",".431",".335",".314",".293",".199","87.8","12.7",40.9,11.4,43.2,"100.295458636",37.3,59.9,38.6,27.3,45.5,25,18.2
"De Los Santos, Deyvison",691277,2026,7,7,2,1,1,0,0,3,0,42.9,0,".286",".429",".286","0.715","0.143",".201",".314",".312",".221",".201",".113","92.9","-8.2",50,25,25,"99.59281",31.6,55.9,75,0,50,25,25
"Doyle, Brenton",686668,2026,89,98,19,15,3,0,1,34,9,34.7,9.2,".213",".281",".286","0.567","0.068",".199",".279",".264",".254",".275",".080","89.6","11.5",27.3,3.6,36.4,"99.695645385",31.5,52.9,43.6,10.9,52.7,23.6,21.8
"Espinal, Santiago",669289,2026,25,27,5,3,2,0,0,4,0,14.8,0,".200",".280",".200","0.480","0.080",".292",".381",".211",".292",".292",".089","88.3","6.4",39.1,0,39.1,"97.254663636",15.7,45.9,39.1,13,56.5,13,30.4
"Quero, Edgar",700337,2026,73,87,12,11,1,0,0,19,9,21.8,10.3,".164",".178",".271","0.449","0.014",".185",".234",".224",".256",".295",".049","89.9","5.7",19.3,0,28.1,"97.220034815",27.4,47.6,40.4,21.1,61.4,22.8,14
"Pederson, Joc",592626,2026,78,93,16,13,1,0,2,22,12,23.7,12.9,".205",".295",".312","0.607","0.090",".217",".344",".284",".306",".326",".127","91.9","17",31,3.4,48.3,"100.63614931",31.4,44.9,29.3,36.2,36.2,36.2,22.4
"Ortiz, Joey",687401,2026,70,80,13,13,0,0,0,16,8,20,10,".186",".186",".269","0.455","0.000",".201",".262",".223",".253",".283",".061","85.7","6",12.5,3.6,32.1,"96.786747407",17.3,42.6,33.9,16.1,57.1,16.1,14.3
"Moniak, Mickey",666160,2026,94,102,30,15,6,0,9,25,6,24.5,5.9,".319",".670",".363","1.033","0.351",".241",".489",".440",".333",".291",".248","89.8","23.2",31.4,12.9,40,"100.058583714",27.6,57.8,47.1,18.6,32.9,38.6,15.7
"Conforto, Michael",624424,2026,30,38,9,5,4,0,0,10,7,26.3,18.4,".300",".433",".421","0.854","0.133",".304",".500",".384",".404",".426",".196","94.1","11.8",52.4,9.5,42.9,"102.085375455",33.3,42.3,52.4,14.3,42.9,23.8,33.3
"Bart, Joey",663698,2026,41,45,8,6,1,0,1,17,2,37.8,4.4,".195",".293",".244","0.537","0.098",".159",".288",".243",".222",".211",".129","85.1","16.5",36,8,32,"96.922991538",31.7,45.6,36,28,40,52,4
"Barger, Addison",680718,2026,19,23,1,0,1,0,0,6,3,26.1,13,".053",".105",".174","0.279","0.052",".124",".184",".148",".231",".248",".059","90.7","17.8",21.4,0,50,"101.240872857",24.4,47.9,28.6,21.4,35.7,50,14.3
"Triolo, Jared",669707,2026,24,27,5,4,1,0,0,5,2,18.5,7.4,".208",".250",".296","0.546","0.042",".204",".254",".261",".259",".295",".050","86.2","9.7",26.3,0,26.3,"96.431458889",23.3,41,21.1,42.1,47.4,31.6,21.1
"Contreras, William",661388,2026,120,134,37,27,7,0,3,15,14,11.2,10.4,".308",".442",".381","0.823","0.134",".285",".449",".364",".351",".360",".164","89.4","13.3",28.6,7.6,42.9,"100.501208679",15.5,45.1,43.8,25.7,41,21.9,24.8
"Outman, James",681546,2026,31,33,4,2,2,0,0,12,2,36.4,6.1,".129",".194",".182","0.376","0.065",".150",".205",".175",".187",".202",".055","82.8","26.3",26.3,0,26.3,"93.234311",37.5,55.4,47.4,36.8,31.6,21.1,15.8
"Hoerner, Nico",663538,2026,128,147,38,25,9,0,4,14,13,9.5,8.8,".297",".461",".374","0.835","0.164",".301",".401",".371",".347",".379",".100","86.4","16.5",39.7,2.6,26.7,"96.053126842",10.7,41.8,35.3,25,32.8,27.6,28.4
"Neto, Zach",687263,2026,136,159,30,17,8,0,5,52,21,32.7,13.2,".221",".390",".333","0.723","0.169",".208",".379",".327",".313",".322",".171","88.8","20.9",36.9,10.7,35.7,"98.591588095",30.7,48.6,47.6,20.2,33.3,38.1,23.8
"Meidroth, Chase",805367,2026,116,135,30,22,7,0,1,29,15,21.5,11.1,".259",".345",".341","0.686","0.086",".246",".344",".314",".309",".334",".097","87.9","8.6",31.1,4.4,36.7,"97.88089",17.5,37.2,38.9,33.3,52.2,20,23.3
"Pauley, Graham",688363,2026,69,74,13,6,6,0,1,19,4,25.7,5.4,".188",".319",".233","0.552","0.131",".150",".229",".247",".193",".197",".079","83.5","22.3",27.5,3.9,19.6,"95.028352",23.7,42.8,49,17.6,39.2,31.4,15.7
"Hays, Austin",669720,2026,43,44,10,8,1,0,1,13,1,29.5,2.3,".233",".326",".250","0.576","0.093",".286",".365",".246",".283",".302",".079","87","-1.3",30,3.3,50,"100.090157333",37.1,53.6,53.3,16.7,60,13.3,26.7
"Santana, Carlos",467793,2026,24,26,2,1,1,0,0,8,2,30.8,7.7,".083",".125",".154","0.279","0.042",".142",".192",".138",".188",".208",".051","87.8","29.5",25,0,43.8,"98.43934875",29.6,50.9,43.8,25,25,31.3,18.8
"Straw, Myles",664702,2026,49,57,14,10,2,0,2,5,6,8.8,10.5,".286",".449",".357","0.806","0.163",".328",".460",".357",".374",".395",".132","89","13.9",34.8,6.5,30.4,"97.668386364",9.5,39.1,43.5,19.6,41.3,30.4,26.1
"Garcia, Maikel",672580,2026,121,136,33,20,9,1,3,24,13,17.6,9.6,".273",".438",".338","0.776","0.165",".276",".392",".343",".334",".347",".116","89.9","11.2",35.4,8.1,43.4,"100.613860612",17.9,37.6,38.4,22.2,40.4,22.2,28.3
"Perkins, Blake",663368,2026,46,53,5,2,3,0,0,13,5,24.5,9.4,".109",".174",".212","0.386","0.065",".146",".211",".191",".218",".245",".065","84.4","17.6",17.6,2.9,32.4,"96.073637059",23.5,46,44.1,32.4,41.2,26.5,17.6
"Torres, Gleyber",650402,2026,116,144,30,26,2,0,2,22,25,15.3,17.4,".259",".328",".389","0.717","0.069",".260",".368",".338",".347",".391",".109","83","4.9",36.5,6.3,26,"95.017010833",20.3,38.3,16.7,44.8,49,25,25
"Guerrero Jr., Vladimir",665489,2026,121,140,40,31,7,0,2,15,17,10.7,12.1,".331",".438",".421","0.859","0.107",".322",".486",".383",".390",".414",".164","91.5","7.9",33,11.3,45.3,"103.09555283",20.4,48.7,33,22.6,49.1,18.9,26.4
"Springer, George",543807,2026,66,75,14,8,4,0,2,15,8,20,10.7,".212",".364",".307","0.671","0.152",".213",".368",".305",".303",".307",".155","88.6","20.5",27.5,7.8,41.2,"99.394406154",22.6,52,47.1,25.5,41.2,29.4,17.6
"Reyes, Felix",694025,2026,24,24,3,2,0,0,1,4,0,16.7,0,".125",".250",".125","0.375","0.125",".209",".277",".162",".209",".209",".069","87.8","8.9",35,0,20,"97.324914",25.5,62.7,40,25,40,25,30
"Kreidler, Ryan",668952,2026,14,18,3,0,1,0,2,3,4,16.7,22.2,".214",".714",".389","1.103","0.500",".293",".706",".459",".481",".450",".412","88.8","27.4",45.5,18.2,27.3,"98.522248333",23.5,44.2,45.5,27.3,27.3,27.3,18.2
"Carter, Evan",694497,2026,96,117,17,10,4,0,3,28,16,23.9,13.7,".177",".313",".298","0.611","0.136",".215",".370",".285",".315",".330",".155","88.6","24",37.5,8.3,38.9,"99.067807647",25.1,40,34.7,22.2,29.2,34.7,23.6
"Semien, Marcus",543760,2026,118,129,26,20,5,0,1,25,8,19.4,6.2,".220",".288",".273","0.561","0.068",".235",".362",".257",".289",".290",".127","86.4","19.5",34.7,6.3,33.7,"96.904395217",22.9,52.2,44.2,12.6,32.6,35.8,25.3
"Young, Jared",676724,2026,20,23,7,5,2,0,0,3,2,13,8.7,".350",".450",".391","0.841","0.100",".282",".390",".369",".364",".356",".108","88.7","-2.6",22.2,16.7,50,"104.007562222",23.3,49.4,50,11.1,72.2,11.1,16.7
"Dubón, Mauricio",643289,2026,117,126,32,20,8,2,2,20,7,15.9,5.6,".274",".427",".325","0.752","0.153",".262",".391",".334",".311",".314",".129","87.2","16.8",36.1,6.2,30.9,"97.092794898",17.6,48.7,30.9,30.9,35.1,27.8,27.8
"Hamilton, David",666152,2026,79,96,20,18,2,0,0,16,12,16.7,12.5,".253",".278",".359","0.637","0.025",".236",".329",".305",".312",".345",".093","84.6","10.8",19.7,3,27.7,"96.444763704",19.5,44.5,36.4,34.8,60.6,21.2,13.6
"Urías, Ramón",602104,2026,55,66,9,4,3,0,2,12,6,18.2,9.1,".164",".327",".288","0.615","0.163",".185",".359",".285",".304",".308",".174","89.2","16.7",31.8,9.1,36.4,"98.823971818",23.6,47.8,29.5,25,40.9,31.8,13.6
"Ruiz, Keibert",660688,2026,59,62,11,6,4,0,1,9,1,14.5,1.6,".186",".305",".210","0.515","0.119",".166",".268",".227",".200",".191",".102","88.4","14.6",27.5,3.9,37.3,"97.357084615",15,47.6,58.8,15.7,49,35.3,9.8
"Gorman, Nolan",669357,2026,111,125,24,17,2,0,5,35,11,28,8.8,".216",".369",".280","0.649","0.153",".215",".415",".285",".298",".280",".200","87.9","18.7",38,8.9,43,"100.31431525",32.7,48.9,43,27.8,32.9,36.7,25.3
"Rivas, Leo",660844,2026,80,96,12,10,1,1,0,30,12,31.3,12.5,".150",".188",".274","0.462","0.038",".157",".227",".231",".243",".279",".070","86.4","19.8",36.5,1.9,13.5,"93.430029231",24.4,37.5,40.4,19.2,36.5,28.8,23.1
"Stubbs, Garrett",596117,2026,11,13,3,3,0,0,0,1,1,7.7,7.7,".273",".273",".308","0.581","0.000",".268",".321",".263",".272",".305",".053","93.2","9.2",18.2,0,45.5,"99.189932",8.7,51.1,45.5,18.2,54.5,27.3,18.2
"McGuire, Reese",624512,2026,29,34,5,5,0,0,0,9,2,26.5,5.9,".172",".172",".273","0.445","0.000",".186",".215",".225",".243",".285",".029","74.3","18.8",33.3,0,9.5,"87.906893",21.8,50,28.6,23.8,42.9,23.8,23.8
"Larnach, Trevor",663616,2026,71,89,20,13,5,1,1,16,18,18,20.2,".282",".423",".427","0.850","0.141",".246",".385",".385",".355",".399",".139","87.6","10.6",36.4,9.1,34.5,"98.110717857",27.4,36.3,38.2,10.9,40,20,32.7
"Barrosa, Jorge",678489,2026,67,73,14,3,9,1,1,22,3,30.1,4.1,".209",".418",".254","0.672","0.209",".173",".274",".293",".221",".220",".101","86.2","11.7",36.2,8.5,21.3,"95.0069135",24.1,46.2,42.6,12.8,51.1,25.5,21.3
"Gonzales, Nick",693304,2026,113,123,38,33,5,0,0,22,8,17.9,6.5,".336",".381",".390","0.771","0.045",".322",".406",".352",".350",".378",".083","86.7","5.4",36.3,1.1,40.7,"98.693178261",23.4,56.3,40.7,28.6,51.6,15.4,29.7
"Díaz, Elias",553869,2026,11,12,4,1,2,0,1,1,1,8.3,8.3,".364",".818",".417","1.235","0.454",".321",".480",".520",".375",".377",".160","90.7","17.5",50,20,50,"102.7449",18.2,51.2,40,30,20,20,50
"Laureano, Ramón",657656,2026,115,128,28,18,4,2,4,37,10,28.9,7.8,".243",".417",".305","0.722","0.174",".242",".440",".318",".323",".305",".198","89.3","9.7",33.8,13.8,45,"100.7633585",29.2,53.1,36.3,26.3,42.5,32.5,21.3
"Vivas, Jorbit",678391,2026,66,79,18,15,3,0,0,10,6,12.7,7.6,".273",".318",".364","0.682","0.045",".246",".286",".319",".294",".342",".040","82.5","9.1",27.1,1.7,23.7,"94.300131379",14,52,39,28.8,55.9,11.9,25.4
"Mauricio, Ronny",677595,2026,32,32,7,6,0,0,1,12,0,37.5,0,".219",".313",".219","0.532","0.094",".197",".330",".234",".224",".197",".133","89.7","4.9",30,10,35,"101.202671",29.5,63.9,30,20,50,15,30
"Torkelson, Spencer",679529,2026,107,128,24,13,6,0,5,35,20,27.3,15.6,".224",".421",".352","0.773","0.197",".246",".489",".349",".376",".371",".243","91.4","17.4",45.8,15.3,47.2,"101.502280556",25.9,39.4,50,13.9,31.9,36.1,27.8
"Vargas, Ildemaro",545121,2026,98,104,38,24,6,2,6,11,4,10.6,3.8,".388",".673",".412","1.085","0.285",".356",".521",".469",".390",".381",".165","88","6.4",38.6,5.7,37.5,"99.324241163",16.7,49,45.5,14.8,46.6,17,30.7
"Happ, Ian",664023,2026,118,142,29,14,6,1,8,40,22,28.2,15.5,".246",".517",".373","0.890","0.271",".213",".477",".387",".356",".346",".264","89.2","12.1",32.1,15.4,39.7,"101.306469231",34.2,42.2,47.4,23.1,42.3,35.9,17.9
"Kemp, Otto",805249,2026,20,22,2,2,0,0,0,9,1,40.9,4.5,".100",".100",".182","0.282","0.000",".182",".235",".148",".229",".257",".053","81.3","22.6",45.5,0,9.1,"89.879638333",43.8,47.5,18.2,45.5,27.3,27.3,36.4
"Swanson, Dansby",621020,2026,105,129,23,14,2,1,6,28,20,21.7,15.5,".219",".429",".341","0.770","0.210",".232",".447",".342",".353",".356",".215","90.3","11.4",35,12.5,47.5,"100.451834",28.3,40.8,52.5,15,43.8,32.5,18.8
"Murray, Tanner",695020,2026,28,33,6,5,0,0,1,7,2,21.2,6.1,".214",".321",".281","0.602","0.107",".191",".390",".259",".276",".265",".200","90.7","25.6",26.1,8.7,43.5,"100.076803636",32,48.5,39.1,26.1,47.8,30.4,4.3
"Trammell, Taylor",666211,2026,29,33,10,8,1,1,0,9,4,27.3,12.1,".345",".448",".424","0.872","0.103",".214",".331",".392",".291",".309",".118","91.7","3.1",30,5,45,"102.19823",32.7,44.5,55,25,55,25,20
"Julien, Edouard",666397,2026,83,96,24,18,3,1,2,25,12,26,12.5,".289",".422",".385","0.807","0.133",".271",".466",".366",".368",".370",".195","91.1","6",43.1,10.3,44.8,"100.465647931",26.9,40.1,37.9,24.1,55.2,20.7,24.1
"Caminero, Junior",691406,2026,123,138,32,20,3,0,9,25,14,18.1,10.1,".260",".504",".333","0.837","0.244",".268",".488",".366",".358",".341",".220","91.3","12.8",24.2,11.1,43.9,"104.459430204",22.1,43,42.4,21.2,45.5,22.2,18.2
"Turner, Trea",607208,2026,131,143,32,23,5,0,4,28,12,19.6,8.4,".244",".374",".308","0.682","0.130",".231",".335",".307",".282",".295",".104","89.7","14.6",31.1,4.9,36.9,"98.886409038",27.2,47.9,31.1,29.1,44.7,33,17.5
"Karros, Kyle",691720,2026,94,115,20,16,3,0,1,26,19,22.6,16.5,".213",".277",".339","0.616","0.064",".266",".388",".294",".357",".389",".122","90.4","12.9",45.7,7.1,40,"99.990040286",25.5,40.2,34.3,24.3,38.6,15.7,38.6
"Ruiz, Esteury",665923,2026,10,10,3,1,1,0,1,4,0,40,0,".300",".700",".300","1.000","0.400",".211",".417",".426",".262",".211",".206","92.1","26.5",50,16.7,66.7,"99.717046667",42.1,67.9,66.7,0,16.7,33.3,33.3
"Dingler, Dillon",693307,2026,101,114,26,14,6,0,6,19,7,16.7,6.1,".257",".495",".330","0.825","0.238",".316",".624",".363",".429",".384",".308","90.8","11.3",43.9,17.1,52.4,"101.704724878",18.2,50.1,42.7,17.1,42.7,26.8,25.6
"Manzardo, Kyle",700932,2026,91,103,17,13,2,0,2,35,9,34,8.7,".187",".275",".272","0.547","0.088",".206",".330",".255",".278",".288",".124","88.1","16.7",33.3,8.8,29.8,"97.454321071",34.1,47.8,49.1,14,43.9,24.6,19.3
"Rengifo, Luis",650859,2026,93,104,18,10,8,0,0,12,8,11.5,7.7,".194",".280",".262","0.542","0.086",".230",".346",".245",".286",".300",".116","87","6.4",31.3,7.2,36.1,"98.084341463",17.7,47.7,44.6,24.1,48.2,21.7,27.7
"Melendez, MJ",669004,2026,32,36,10,5,3,0,2,13,3,36.1,8.3,".313",".594",".371","0.965","0.281",".182",".340",".418",".263",".252",".158","97.2","23.1",30,15,65,"104.347285",34.3,47,60,15,35,30,20
"Joe, Connor",656582,2026,17,18,4,2,1,0,1,5,1,27.8,5.6,".235",".471",".278","0.749","0.236",".283",".541",".326",".370",".323",".258","94.9","21.2",50,16.7,58.3,"103.732731667",21.2,42.9,41.7,25,25,41.7,25
"Baldwin, Drake",686948,2026,138,156,43,30,5,0,8,31,15,19.9,9.6,".312",".522",".391","0.913","0.210",".298",".551",".401",".399",".379",".253","91.4","11.9",42.1,15,50.5,"103.038890556",22.7,49.7,33.6,21.5,43.9,22.4,27.1
"Haase, Eric",606992,2026,6,6,2,1,1,0,0,1,0,16.7,0,".333",".500",".333","0.833","0.167",".346",".388",".364",".320",".346",".042","76.8","24.5",40,0,0,"88.961466667",30.8,61.9,20,60,40,20,40
"Lopez, Otto",672640,2026,128,137,43,30,8,2,3,27,6,19.7,4.4,".336",".500",".372","0.872","0.164",".297",".474",".383",".350",".336",".177","91.9","6.3",29.4,9.8,47.1,"102.00356902",22.8,47.7,35.3,25.5,49,25.5,24.5
"Benge, Carson",701807,2026,95,102,17,13,2,0,2,24,7,23.5,6.9,".179",".263",".235","0.498","0.084",".232",".352",".229",".282",".285",".120","90.6","8.9",35.2,4.2,42.3,"100.6686925",22.2,47.1,29.6,35.2,47.9,21.1,26.8
"Sullivan, Brett",664954,2026,49,51,14,8,6,0,0,9,2,17.6,3.9,".286",".408",".314","0.722","0.122",".243",".323",".320",".263",".273",".080","85.6","18.7",27.5,0,30,"96.28345",17.2,53.4,50,20,45,17.5,25
"Pagés, Pedro",686780,2026,69,76,18,12,3,0,3,18,3,23.7,3.9,".261",".435",".307","0.742","0.174",".225",".376",".327",".284",".273",".152","85","11.3",32.1,7.5,32.1,"97.757396154",27.3,51.5,47.2,17,45.3,32.1,15.1
"Sánchez, Gary",596142,2026,67,84,14,6,2,1,5,18,16,21.4,19,".209",".493",".369","0.862","0.284",".234",".497",".381",".390",".389",".264","88.6","16.2",26.5,14.3,38.8,"100.606648",27.8,36.1,44.9,20.4,40.8,24.5,18.4
"Henderson, Gunnar",683002,2026,139,153,29,13,6,1,9,48,12,31.4,7.8,".209",".460",".275","0.735","0.251",".227",".399",".320",".304",".292",".173","89.7","16.8",35.9,10.9,45.7,"100.744991304",27.9,48.5,50,19.6,39.1,28.3,23.9
"Mayo, Coby",691723,2026,81,90,13,7,3,0,3,27,8,30,8.9,".160",".309",".233","0.542","0.149",".211",".361",".245",".286",".282",".150","89","19.6",25.5,7.3,40,"102.517145714",31.6,43.7,49.1,18.2,38.2,32.7,18.2
"Duran, Ezequiel",677649,2026,65,73,18,12,5,0,1,14,7,19.2,9.6,".277",".400",".347","0.747","0.123",".248",".333",".337",".297",".322",".084","91.9","16.9",26.9,3.8,42.3,"100.9759244",29.9,46.4,34.6,34.6,50,15.4,23.1
"Trevino, Jose",624431,2026,16,17,2,2,0,0,0,4,1,23.5,5.9,".125",".125",".176","0.301","0.000",".197",".243",".148",".222",".244",".046","81.9","10",41.7,0,16.7,"93.063241667",17.9,49.1,33.3,16.7,66.7,16.7,16.7
"Jung, Josh",673962,2026,110,122,36,20,12,0,4,19,10,15.6,8.2,".327",".545",".385","0.930","0.218",".322",".485",".406",".379",".382",".163","91.8","12",43.5,5.4,52.2,"101.078519348",17.2,46.8,34.8,25,42.4,20.7,33.7
"Oliva, Jared",666931,2026,7,7,1,1,0,0,0,1,0,14.3,0,".143",".143",".143","0.286","0.000",".322",".379",".129",".308",".322",".057","93.6","13.6",16.7,0,66.7,"101.096063333",37.5,59.3,33.3,16.7,50,33.3,16.7
"Quero, Jeferson",691620,2026,1,2,0,0,0,0,0,0,1,0,50,".000",".000",".500","0.500","0.000",".306",".355",".354",".500",".653",".049","85.6","2.1",0,0,0,"85.60152",50,25,100,0,100,0,0
"Crawford, Justin",702222,2026,93,103,25,17,6,2,0,19,8,18.4,7.8,".269",".376",".340","0.716","0.107",".246",".318",".324",".290",".319",".072","88.7","0.9",31.1,1.4,36.5,"98.441434444",20.4,50.1,27,36.5,59.5,16.2,20.3
"Williamson, Ben",810938,2026,83,92,20,14,5,1,0,20,8,21.7,8.7,".241",".325",".308","0.633","0.084",".243",".312",".289",".281",".309",".069","87.4","5.7",37.5,0,32.8,"97.555945625",17.9,39.1,28.1,37.5,51.6,12.5,32.8
"Marte, Starling",516782,2026,33,35,10,7,3,0,0,10,0,28.6,0,".303",".394",".314","0.708","0.091",".249",".371",".311",".276",".267",".123","91","3",29.2,12.5,33.3,"101.337523333",26.7,54.3,25,20.8,50,20.8,29.2
"Wisdom, Patrick",621550,2026,1,1,0,0,0,0,0,1,0,100,0,".000",".000",".000","0.000","0.000",".000",".000",".000",".000",".000",".000",,,,,,,100,66.7,,,,,
"Cruz, Oneil",665833,2026,136,148,35,20,6,0,9,53,11,35.8,7.4,".257",".500",".318","0.818","0.243",".260",".522",".353",".357",".320",".262","96.5","8",34.9,21.7,62.7,"107.933665854",38.9,45.3,45.8,19.3,47,24.1,25.3
"Refsnyder, Rob",608701,2026,38,43,5,3,0,0,2,9,4,20.9,9.3,".132",".289",".209","0.498","0.157",".202",".391",".225",".316",".288",".189","87.9","26.9",30,10,40,"99.866429333",21.1,43.3,36.7,26.7,26.7,33.3,20
"Simpson, Chandler",802415,2026,125,137,39,36,1,2,0,12,7,8.8,5.1,".312",".352",".343","0.695","0.040",".270",".306",".313",".275",".306",".037","83.7","1.9",30.5,0,12.8,"92.836522727",10.6,47.1,20.3,36.4,60.2,11,24.6
"Saggese, Thomas",695336,2026,53,57,9,7,2,0,0,19,4,33.3,7,".170",".208",".228","0.436","0.038",".166",".250",".205",".215",".225",".084","89.5","12.3",26.5,2.9,35.3,"99.762994706",34.1,53.5,38.2,29.4,50,23.5,20.6
"Huff, Sam",669087,2026,9,9,2,1,1,0,0,5,0,55.6,0,".222",".333",".222","0.555","0.111",".106",".209",".242",".132",".106",".103","100.2","22.5",25,25,75,"104.51436",45.5,57.9,75,0,25,50,25
"Báez, Javier",595879,2026,78,82,20,13,5,0,2,16,2,19.5,2.4,".256",".397",".280","0.677","0.141",".272",".361",".298",".294",".303",".089","84.7","10.2",46,3.2,28.6,"96.147375484",27.5,59.9,41.3,19,44.4,19,27
"García, Adolis",666969,2026,119,133,28,19,5,1,3,34,11,25.6,8.3,".235",".370",".308","0.678","0.135",".254",".403",".306",".326",".329",".149","92.9","13.8",36,9.3,51.2,"101.50532907",29.5,45.1,37.2,29.1,39.5,22.1,29.1
"Isbel, Kyle",664728,2026,80,91,22,15,4,0,3,22,4,24.2,4.4,".275",".438",".333","0.771","0.163",".243",".369",".344",".299",".304",".126","87.3","12.3",32.3,6.5,32.3,"98.174098214",21.5,47.2,27.4,38.7,45.2,19.4,25.8
"Gray, Tristan",656484,2026,55,61,15,11,1,0,3,20,3,32.8,4.9,".273",".455",".317","0.772","0.182",".244",".377",".338",".300",".295",".133","89","9.2",40.5,10.8,40.5,"100.960579444",36,57.2,48.6,18.9,35.1,16.2,40.5
"Kingery, Scott",664068,2026,4,4,1,1,0,0,0,0,0,0,0,".250",".250",".250","0.500","0.000",".166",".190",".226",".156",".166",".024","77.1","30.9",0,0,0,"87.692375",12.5,53.3,50,25,25,50,0
"Antonacci, Sam",803011,2026,48,57,13,8,2,2,1,4,4,7,7,".271",".458",".368","0.826","0.187",".330",".492",".366",".400",".420",".162","88.3","15.2",37.8,11.1,35.6,"98.530402727",11.8,38.1,26.7,26.7,46.7,24.4,22.2
"Lile, Daylen",695734,2026,135,148,34,23,8,0,3,27,13,18.2,8.8,".252",".378",".318","0.696","0.126",".283",".422",".311",".336",".346",".139","87.2","16.9",40.7,4.6,37.4,"97.785030556",24.7,56.1,40.7,26.9,35.2,32.4,27.8
"Kurtz, Nick",701762,2026,115,149,28,18,5,0,5,48,34,32.2,22.8,".243",".417",".416","0.833","0.174",".242",".496",".374",".393",".415",".254","96.1","15.9",40.3,19.4,61.2,"106.708144706",36.1,38.5,34.3,29.9,37.3,35.8,23.9
"Bauers, Jake",641343,2026,107,119,26,16,5,0,5,25,12,21,10.1,".243",".430",".319","0.749","0.187",".257",".451",".324",".334",".332",".193","92.6","9.6",28,9.8,53.7,"103.343989756",25.6,44.3,36.6,26.8,46.3,29.3,19.5
"Díaz, Yandy",650490,2026,117,135,39,30,3,1,5,16,13,11.9,9.6,".333",".504",".422","0.926","0.171",".312",".464",".409",".380",".403",".153","90.3","5.3",28.7,5.9,45,"102.099714706",13.8,44.6,12.9,34.7,48.5,19.8,26.7
"Caratini, Victor",605170,2026,80,97,17,15,1,0,1,16,8,16.5,8.2,".212",".263",".309","0.572","0.051",".248",".360",".271",".335",".359",".112","87.4","9.2",38.2,4.4,32.4,"97.461531176",18.5,42.7,42.6,20.6,48.5,19.1,29.4
"Bogaerts, Xander",593428,2026,115,130,30,23,2,0,5,21,15,16.2,11.5,".261",".409",".346","0.755","0.148",".278",".439",".341",".353",".361",".161","88.7","10.9",34,7.4,38.3,"100.105791915",21.8,43.6,45.7,25.5,44.7,26.6,22.3
"Butler, Lawrence",671732,2026,98,110,18,13,2,0,3,28,12,25.5,10.9,".184",".296",".273","0.569","0.112",".244",".370",".260",".309",".327",".126","90","7.6",25.7,7.1,45.7,"103.189545882",29.6,46.4,34.3,27.1,50,22.9,21.4
"Wilson, Will",669717,2026,5,6,1,0,0,0,1,1,1,16.7,16.7,".200",".800",".333","1.133","0.600",".212",".762",".464",".453",".343",".551","87.8","0.8",50,25,25,"95.48153",38.5,52,75,0,50,50,0
"Soto, Juan",665742,2026,65,77,22,15,4,0,3,11,12,14.3,15.6,".338",".538",".442","0.980","0.200",".322",".672",".426",".457",".429",".350","93.1","13.7",40.7,24.1,50,"103.57949963",20.9,42,35.2,14.8,35.2,31.5,27.8
"Caballero, José",676609,2026,112,120,29,20,5,0,4,27,5,22.5,4.2,".259",".411",".308","0.719","0.152",".221",".323",".321",".267",".273",".102","83.6","9.7",29.4,3.5,29.4,"96.618131463",28.2,49.4,43.5,17.6,54.1,20,17.6
"Davis, Henry",680779,2026,74,84,12,7,3,0,2,16,7,19,8.3,".162",".284",".253","0.537","0.122",".192",".302",".250",".266",".279",".110","90","14.5",22,8.5,37.3,"100.954351034",21.5,52.5,54.2,11.9,49.2,23.7,15.3
"Vázquez, Christian",543877,2026,50,56,16,10,4,0,2,8,5,14.3,8.9,".320",".520",".382","0.902","0.200",".230",".287",".397",".268",".300",".057","87","12.7",27.9,2.3,27.9,"96.412655238",16.2,42.1,48.8,20.9,51.2,23.3,20.9
"Burger, Jake",669394,2026,130,137,29,18,5,0,6,41,5,29.9,3.6,".223",".400",".255","0.655","0.177",".215",".385",".287",".273",".248",".170","89.1","10.8",30,10,46.7,"102.252961556",35.2,50.9,43.3,20,46.7,26.7,21.1
"Mountcastle, Ryan",663624,2026,14,15,4,3,1,0,0,2,1,13.3,6.7,".286",".357",".333","0.690","0.071",".279",".348",".313",".301",".327",".069","90","8.8",33.3,0,41.7,"103.053788333",8.8,63,25,33.3,58.3,16.7,25
"Amaya, Miguel",665804,2026,52,62,12,9,1,0,2,14,8,22.6,12.9,".231",".365",".355","0.720","0.134",".199",".326",".334",".304",".328",".128","85.1","19.2",21.1,7.9,23.7,"95.644296842",28.9,41.5,36.8,26.3,42.1,28.9,15.8
"Adell, Jo",666176,2026,138,147,37,31,2,0,4,31,4,21.1,2.7,".268",".370",".306","0.676","0.102",".268",".408",".304",".312",".306",".141","90","19.3",27.8,5.6,44.4,"101.350437593",24.8,56.2,36.1,25,38.9,28.7,23.1
"Hinds, Rece",677956,2026,33,36,4,1,3,0,0,18,1,50,2.8,".121",".212",".167","0.379","0.091",".136",".163",".172",".162",".183",".027","87.1","26.1",25,0,25,"98.326555714",43.9,55.4,37.5,37.5,37.5,25,25
"Higgins, P.J.",664731,2026,10,12,2,2,0,0,0,4,1,33.3,8.3,".200",".200",".250","0.450","0.000",".307",".337",".209",".301",".344",".031","79.5","21",57.1,0,0,"87.95324",25,34,42.9,28.6,28.6,14.3,42.9
"Caissie, Owen",683357,2026,90,99,18,10,6,0,2,42,5,42.4,5.1,".200",".333",".242","0.575","0.133",".207",".363",".254",".275",".259",".156","90.3","14.7",47.1,11.8,45.1,"102.6777164",34.9,46,19.6,23.5,39.2,25.5,31.4
"Acuña Jr., Ronald",660670,2026,127,152,32,21,8,1,2,31,20,20.4,13.2,".252",".378",".362","0.740","0.126",".267",".485",".335",".381",".380",".218","89.2","15.5",33.7,12.2,40.8,"101.392467143",28.2,45.6,41.8,29.6,41.8,26.5,23.5
"Slater, Austin",596103,2026,30,35,7,6,1,0,0,10,4,28.6,11.4,".233",".267",".314","0.581","0.034",".193",".274",".272",".254",".280",".080","85.3","14.3",38.1,4.8,14.3,"93.113919091",31.3,45.1,38.1,33.3,38.1,28.6,23.8
"Ballesteros, Moisés",694208,2026,78,87,24,14,5,0,5,14,8,16.1,9.2,".308",".564",".368","0.932","0.256",".270",".465",".403",".346",".334",".196","90.9","12.7",40,10.8,49.2,"101.062393333",23.3,50.3,35.4,35.4,43.1,26.2,26.2
"Betts, Mookie",605141,2026,28,32,5,2,1,0,2,4,3,12.5,9.4,".179",".429",".281","0.710","0.250",".249",".400",".316",".332",".343",".151","89.9","22.9",37.5,8.3,33.3,"98.030786667",9.3,40.6,37.5,20.8,29.2,41.7,25
"Ramírez, Agustín",682663,2026,109,125,26,18,5,1,2,28,13,22.4,10.4,".239",".358",".328","0.686","0.119",".228",".318",".310",".288",".319",".090","89","6.8",26.8,4.9,40.2,"101.847293415",31.5,48.3,39,19.5,51.2,14.6,23.2
"Teodosio, Bryce",669326,2026,33,36,8,7,1,0,0,15,2,41.7,5.6,".242",".273",".286","0.559","0.031",".168",".258",".258",".213",".215",".090","89.3","4.7",15.8,10.5,31.6,"98.14897",39.1,54.8,36.8,31.6,68.4,10.5,10.5
"Lowe, Brandon",664040,2026,112,131,28,12,8,0,8,29,18,22.1,13.7,".250",".536",".359","0.895","0.286",".259",".486",".390",".372",".366",".227","88.7","16.8",37.3,13.3,43.4,"100.89102881",34.7,47.7,44.6,22.9,34.9,28.9,22.9
"Higashioka, Kyle",543309,2026,45,50,10,8,1,0,1,15,5,30,10,".222",".311",".300","0.611","0.089",".223",".363",".282",".296",".301",".140","92.1","21.1",40,13.3,46.7,"99.818744",33.3,42,30,20,30,33.3,30
"Walker, Jordan",691023,2026,124,138,39,23,6,0,10,41,12,29.7,8.7,".315",".605",".377","0.982","0.290",".290",".567",".423",".398",".359",".276","95.8","13.4",41.7,20.2,59.5,"106.849924048",32.7,51.2,38.1,23.8,38.1,31,27.4
"Johnson, Daniel",669288,2026,13,16,2,2,0,0,0,3,2,18.8,12.5,".154",".154",".313","0.467","0.000",".275",".317",".248",".345",".411",".043","92.7","21.8",20,0,50,"100.655092",22.7,42.3,50,10,50,10,20
"Anthony, Roman",701350,2026,103,124,24,18,4,1,1,33,20,26.6,16.1,".233",".320",".363","0.683","0.087",".255",".378",".319",".344",".382",".123","92.3","7.9",40,8.6,47.1,"102.196466857",29.7,36.6,35.7,22.9,48.6,21.4,28.6
"Martin, Austin",668885,2026,69,91,23,18,4,0,1,13,19,14.3,20.9,".333",".435",".484","0.919","0.102",".279",".378",".422",".382",".444",".100","86.2","9.8",31.6,3.5,35.1,"96.75671069",14.5,32.9,42.1,21.1,49.1,22.8,22.8
"Story, Trevor",596115,2026,130,139,27,19,6,0,2,41,7,29.5,5,".208",".300",".245","0.545","0.092",".225",".320",".244",".258",".264",".094","88.9","13.2",33,3.3,41.8,"99.234831556",29.2,55.5,42.9,18.7,45.1,24.2,25.3
"Cook, Billy",695257,2026,12,12,4,4,0,0,0,4,0,33.3,0,".333",".333",".333","0.666","0.000",".228",".269",".301",".216",".228",".041","86.1","4",25,0,25,"97.233076667",34.6,66.7,37.5,37.5,62.5,12.5,25
"Rodríguez, Johnathan",671286,2026,7,11,0,0,0,0,0,4,3,36.4,27.3,".000",".000",".273","0.273","0.000",".105",".206",".193",".332",".393",".101","89.1","13.8",50,0,50,"100.403695",19.2,47.3,25,25,25,25,50