"id","name","swings_competitive","percent_swings_competitive","contact","avg_bat_speed","hard_swing_rate","squared_up_per_bat_contact","squared_up_per_swing","blast_per_bat_contact","blast_per_swing","swing_length","swords","batter_run_value","whiffs","whiff_per_swing","batted_ball_events","batted_ball_event_per_swing"
691406,"Caminero, Junior",187,0.9211822660098522,146,"79.615379733",0.8502673796791442,0.2671232876712329,0.20855614973262032,0.23972602739726026,0.18716577540106952,"8.598423102",2,1.3957191358942174,41,0.2192513368983957,84,0.44919786096256686
519317,"Stanton, Giancarlo",155,0.9011627906976745,99,"79.335077806",0.9290322580645161,0.30303030303030304,0.1935483870967742,0.2222222222222222,0.14193548387096774,"8.440819226",3,-2.75482371773395,56,0.36129032258064514,58,0.3741935483870968
665833,"Cruz, Oneil",213,0.902542372881356,127,"78.87802",0.7887323943661972,0.3937007874015748,0.2347417840375587,0.2992125984251969,0.1784037558685446,"7.722904695",1,1.7151100177905363,86,0.40375586854460094,67,0.3145539906103286
691023,"Walker, Jordan",197,0.9036697247706422,134,"77.93960467",0.7715736040609137,0.30597014925373134,0.20812182741116753,0.23880597014925373,0.16243654822335024,"8.169093401",6,6.551556554542678,63,0.3197969543147208,64,0.3248730964467005
701358,"Smith, Cam",210,0.9090909090909091,146,"77.766469",0.7666666666666666,0.23972602739726026,0.16666666666666666,0.15753424657534246,0.10952380952380952,"7.864543",3,-7.267748803811426,64,0.3047619047619048,65,0.30952380952380953
701762,"Kurtz, Nick",200,0.9090909090909091,133,"77.63743465",0.7599999999999998,0.2932330827067669,0.195,0.22556390977443608,0.15,"7.8150807",6,-5.633638032130995,67,0.335,53,0.265
666176,"Adell, Jo",250,0.9025270758122743,195,"76.96994824",0.708,0.26153846153846155,0.204,0.13333333333333333,0.104,"7.81736828",3,-3.3644144785666836,55,0.22,88,0.352
656941,"Schwarber, Kyle",196,0.8990825688073395,148,"76.833938418",0.7244897959183673,0.25,0.18877551020408162,0.16216216216216217,0.12244897959183673,"7.466546939",9,-1.4658094158430481,48,0.24489795918367346,61,0.3112244897959184
669003,"Mitchell, Garrett",149,0.8975903614457831,88,"76.744013758",0.7516778523489932,0.25,0.1476510067114094,0.19318181818181818,0.11409395973154363,"7.217985906",2,-4.573382502486789,61,0.40939597315436244,34,0.22818791946308725
695578,"Wood, James",191,0.9009433962264151,136,"76.414697853",0.6439790575916229,0.33088235294117646,0.2356020942408377,0.2647058823529412,0.18848167539267016,"7.395472461",11,1.4745900292927012,55,0.2879581151832461,63,0.3298429319371728
641343,"Bauers, Jake",149,0.9085365853658537,116,"76.257542215",0.7181208053691275,0.4051724137931034,0.31543624161073824,0.25862068965517243,0.20134228187919462,"7.607445302",7,-2.172084249494636,33,0.2214765100671141,69,0.46308724832214765
695506,"Caglianone, Jac",140,0.9032258064516129,97,"76.206767786",0.65,0.3711340206185567,0.2571428571428571,0.27835051546391754,0.19285714285714287,"7.882645929",3,-1.8621300668432805,43,0.30714285714285716,50,0.35714285714285715
665489,"Guerrero Jr., Vladimir",189,0.9086538461538461,152,"76.201623175",0.6243386243386242,0.35526315789473684,0.2857142857142857,0.23026315789473684,0.18518518518518517,"7.435409312",1,0.09163762624713767,37,0.19576719576719576,88,0.4656084656084656
695657,"Montgomery, Colson",201,0.9013452914798207,132,"76.1413899",0.6169154228855722,0.23484848484848486,0.15422885572139303,0.1893939393939394,0.12437810945273632,"7.73862791",7,-0.7744569750337431,69,0.34328358208955223,66,0.3283582089552239
677594,"Rodríguez, Julio",244,0.9070631970260223,177,"76.085688852",0.6434426229508197,0.22033898305084745,0.1598360655737705,0.14124293785310735,0.10245901639344263,"7.688820902",4,-6.35469588121815,67,0.27459016393442626,79,0.3237704918032787
673357,"Robert Jr., Luis",158,0.9028571428571428,123,"76.022598481",0.6265822784810126,0.2926829268292683,0.22784810126582278,0.17886178861788618,0.13924050632911392,"7.702408291",3,-4.596120992328943,35,0.22151898734177214,63,0.3987341772151899
575929,"Contreras, Willson",198,0.908256880733945,133,"75.974731919",0.6515151515151515,0.2781954887218045,0.18686868686868688,0.20300751879699247,0.13636363636363635,"7.830405707",8,1.6395018107202,65,0.3282828282828283,68,0.3434343434343434
682663,"Ramírez, Agustín",200,0.9049773755656109,140,"75.95034935",0.61,0.2642857142857143,0.185,0.12857142857142856,0.09,"7.6645505",7,-10.815448215606853,60,0.3,73,0.365
592450,"Judge, Aaron",221,0.8983739837398373,151,"75.822438597",0.592760180995475,0.31125827814569534,0.21266968325791855,0.1986754966887417,0.13574660633484162,"8.148778824",7,6.715503797554984,70,0.3167420814479638,68,0.3076923076923077
701350,"Anthony, Roman",151,0.9096385542168675,106,"75.595777616",0.5298013245033113,0.3490566037735849,0.24503311258278146,0.2169811320754717,0.152317880794702,"7.53676649",4,-6.380765184212634,45,0.2980132450331126,51,0.33774834437086093
656305,"Chapman, Matt",176,0.9025641025641026,136,"75.57867358",0.5795454545454546,0.27941176470588236,0.2159090909090909,0.14705882352941177,0.11363636363636363,"7.3181875",3,-3.6351811301654893,40,0.22727272727272727,73,0.4147727272727273
682985,"Greene, Riley",200,0.9090909090909091,145,"75.5277218",0.5750000000000001,0.296551724137931,0.215,0.20689655172413793,0.15,"7.2824344",5,-0.7418275719834982,55,0.275,67,0.335
696100,"Goodman, Hunter",185,0.8980582524271845,115,"75.505413622",0.5621621621621622,0.26956521739130435,0.16756756756756758,0.1565217391304348,0.0972972972972973,"7.423092486",7,0.39261836873192535,70,0.3783783783783784,50,0.2702702702702703
660670,"Acuña Jr., Ronald",220,0.9016393442622951,168,"75.471823227",0.5636363636363636,0.30357142857142855,0.2318181818181818,0.17261904761904762,0.1318181818181818,"7.561149136",8,-8.615867168045034,52,0.23636363636363636,85,0.38636363636363635
670541,"Alvarez, Yordan",191,0.9095238095238095,157,"75.349511832",0.5392670157068062,0.3375796178343949,0.2774869109947644,0.22929936305732485,0.18848167539267016,"7.689887592",2,8.931518999377444,34,0.17801047120418848,92,0.4816753926701571
670042,"Raley, Luke",163,0.9005524861878453,82,"75.34325362",0.5889570552147239,0.3170731707317073,0.15950920245398773,0.23170731707317074,0.1165644171779141,"7.299847423",1,-3.1208647529869102,81,0.49693251533742333,43,0.26380368098159507
695600,"Jensen, Carter",147,0.901840490797546,104,"75.205739252",0.5306122448979592,0.28846153846153844,0.20408163265306123,0.15384615384615385,0.10884353741496598,"7.123033129",9,-1.5295514682065454,43,0.2925170068027211,53,0.36054421768707484
545361,"Trout, Mike",194,0.8981481481481481,164,"75.155038299",0.5412371134020619,0.2865853658536585,0.2422680412371134,0.1951219512195122,0.16494845360824742,"7.469798557",7,1.9057951544846854,30,0.15463917525773196,74,0.38144329896907214
694212,"Basallo, Samuel",137,0.9013157894736842,95,"75.133879854",0.5109489051094891,0.3894736842105263,0.27007299270072993,0.23157894736842105,0.16058394160583941,"7.562238686",5,-1.2646131855026355,42,0.30656934306569344,54,0.39416058394160586
670242,"Wallner, Matt",200,0.9009009009009009,123,"75.1283182",0.5499999999999999,0.23577235772357724,0.145,0.13821138211382114,0.085,"7.4476503",14,-9.310955750023068,77,0.385,52,0.26
682998,"Carroll, Corbin",157,0.9022988505747126,107,"75.044204395",0.5414012738853503,0.27102803738317754,0.18471337579617833,0.12149532710280374,0.08280254777070063,"7.624267389",2,-1.0118036083754687,50,0.3184713375796178,53,0.3375796178343949
699912,"Fernandez, Jose",121,0.9166666666666666,92,"75.023739091",0.5206611570247935,0.34782608695652173,0.2644628099173554,0.21739130434782608,0.1652892561983471,"7.83247595",1,-0.8236890626877558,29,0.2396694214876033,49,0.4049586776859504
683146,"Baty, Brett",155,0.9011627906976745,116,"75.019673161",0.5483870967741935,0.3448275862068966,0.25806451612903225,0.16379310344827586,0.12258064516129032,"7.535561871",6,-6.216307661439994,39,0.25161290322580643,59,0.38064516129032255
669127,"Langeliers, Shea",224,0.9142857142857143,165,"74.998992857",0.49999999999999994,0.296969696969697,0.21875,0.16363636363636364,0.12053571428571429,"7.252173482",0,4.999159837141567,59,0.26339285714285715,77,0.34375
682829,"De La Cruz, Elly",185,0.9024390243902439,130,"74.998949838",0.49729729729729727,0.38461538461538464,0.2702702702702703,0.2846153846153846,0.2,"6.971496757",4,8.749047083534066,55,0.2972972972972973,74,0.4
657757,"Sheets, Gavin",136,0.9006622516556292,111,"74.971554412",0.5,0.3153153153153153,0.25735294117647056,0.14414414414414414,0.11764705882352941,"7.711646691",3,-1.0812311669079353,25,0.18382352941176472,57,0.41911764705882354
804606,"Griffin, Konnor",158,0.8977272727272727,110,"74.949566772",0.5316455696202532,0.2636363636363636,0.18354430379746836,0.10909090909090909,0.0759493670886076,"7.626758797",7,-3.362604439067306,48,0.3037974683544304,54,0.34177215189873417
663728,"Raleigh, Cal",271,0.9003322259136213,192,"74.948733542",0.5129151291512914,0.203125,0.14391143911439114,0.10416666666666667,0.07380073800738007,"7.81701428",4,-8.928742842775295,79,0.2915129151291513,77,0.28413284132841327
671739,"Harris II, Michael",184,0.9064039408866995,140,"74.899482663",0.4945652173913043,0.37857142857142856,0.28804347826086957,0.25,0.19021739130434784,"8.190840543",2,0.3676294590976703,44,0.2391304347826087,72,0.391304347826087
686948,"Baldwin, Drake",237,0.9011406844106464,188,"74.808464726",0.510548523206751,0.3191489361702128,0.25316455696202533,0.19148936170212766,0.1518987341772152,"7.326433249",2,4.020001962214575,49,0.20675105485232068,90,0.379746835443038
808959,"Murakami, Munetaka",202,0.8977777777777778,121,"74.774194406",0.5198019801980197,0.35537190082644626,0.21287128712871287,0.2644628099173554,0.15841584158415842,"7.874060347",5,1.0128529942419662,81,0.400990099009901,59,0.29207920792079206
663586,"Riley, Austin",222,0.9024390243902439,157,"74.767452793",0.47747747747747754,0.33121019108280253,0.23423423423423423,0.1592356687898089,0.11261261261261261,"7.493360946",3,-9.579924730843967,65,0.2927927927927928,81,0.36486486486486486
660271,"Ohtani, Shohei",204,0.9107142857142857,151,"74.656213824",0.5049019607843137,0.3708609271523179,0.27450980392156865,0.2052980132450331,0.15196078431372548,"7.788693431",3,-0.08785970366876095,53,0.25980392156862747,72,0.35294117647058826
677592,"Pereira, Everson",126,0.9064748201438849,85,"74.618826587",0.5158730158730158,0.29411764705882354,0.1984126984126984,0.17647058823529413,0.11904761904761904,"8.10969873",5,-1.9889092284785286,41,0.3253968253968254,40,0.31746031746031744
691777,"Muncy, Max",184,0.9064039408866995,125,"74.597859348",0.5434782608695652,0.312,0.21195652173913043,0.216,0.14673913043478262,"7.66292587",6,-1.532197963515338,59,0.32065217391304346,54,0.29347826086956524
682626,"Alvarez, Francisco",152,0.9101796407185628,116,"74.51296875",0.48026315789473684,0.3017241379310345,0.23026315789473684,0.16379310344827586,0.125,"7.331112039",3,-4.421228818512805,36,0.23684210526315788,62,0.40789473684210525
683002,"Henderson, Gunnar",250,0.8992805755395683,188,"74.4816446",0.472,0.26595744680851063,0.2,0.15425531914893617,0.116,"7.43588184",5,-0.6723114725711705,62,0.248,79,0.316
621566,"Olson, Matt",230,0.905511811023622,179,"74.466857",0.4434782608695652,0.29608938547486036,0.23043478260869565,0.20670391061452514,0.1608695652173913,"7.559064087",7,4.193227055536774,51,0.2217391304347826,84,0.3652173913043478
683357,"Caissie, Owen",161,0.8994413407821229,109,"74.419596646",0.4720496894409938,0.26605504587155965,0.18012422360248448,0.1559633027522936,0.10559006211180125,"7.10274528",9,-3.1257975321294973,52,0.32298136645962733,46,0.2857142857142857
665487,"Tatis Jr., Fernando",184,0.9019607843137255,132,"74.413857283",0.5000000000000001,0.38636363636363635,0.27717391304347827,0.26515151515151514,0.19021739130434784,"7.257596793",5,-6.687769948735843,52,0.2826086956521739,68,0.3695652173913043
624585,"Soler, Jorge",210,0.9051724137931034,140,"74.413656286",0.4952380952380952,0.22857142857142856,0.1523809523809524,0.14285714285714285,0.09523809523809523,"7.984428762",2,-0.37267894939391244,70,0.3333333333333333,58,0.2761904761904762
680776,"Duran, Jarren",173,0.9105263157894737,115,"74.38792526",0.45664739884393063,0.3391304347826087,0.2254335260115607,0.2,0.1329479768786127,"7.60909289",1,-12.03587480205618,58,0.3352601156069364,65,0.37572254335260113
691785,"Mayer, Marcelo",121,0.9029850746268657,92,"74.383902562",0.4710743801652893,0.358695652173913,0.2727272727272727,0.13043478260869565,0.09917355371900827,"7.786381983",3,-2.5506878922351763,29,0.2396694214876033,56,0.4628099173553719
671056,"Herrera, Iván",193,0.9061032863849765,160,"74.261216528",0.4559585492227979,0.3375,0.27979274611398963,0.18125,0.15025906735751296,"7.888532124",4,-5.413582255053463,33,0.17098445595854922,80,0.41450777202072536
606466,"Marte, Ketel",171,0.9047619047619048,131,"74.256060409",0.4093567251461988,0.3282442748091603,0.25146198830409355,0.22137404580152673,0.1695906432748538,"7.717089766",1,-7.64419361944915,40,0.23391812865497075,70,0.4093567251461988
669394,"Burger, Jake",203,0.9022222222222223,139,"74.092292266",0.438423645320197,0.31654676258992803,0.21674876847290642,0.2014388489208633,0.13793103448275862,"7.343286798",11,-2.554679275212995,64,0.31527093596059114,73,0.35960591133004927
572233,"Walker, Christian",200,0.9009009009009009,153,"74.05325525",0.39999999999999997,0.3333333333333333,0.255,0.21568627450980393,0.165,"7.3452799",8,6.140663134300133,47,0.235,82,0.41
677800,"Abreu, Wilyer",199,0.9045454545454545,162,"74.028657538",0.3969849246231155,0.3333333333333333,0.271356783919598,0.18518518518518517,0.1507537688442211,"7.163173668",3,-0.8514798988858454,37,0.18592964824120603,81,0.40703517587939697
666160,"Moniak, Mickey",168,0.8983957219251337,130,"73.964322619",0.41666666666666663,0.3153846153846154,0.24404761904761904,0.11538461538461539,0.08928571428571429,"7.786773512",3,11.302061781111735,38,0.2261904761904762,61,0.3630952380952381
624413,"Alonso, Pete",197,0.9120370370370371,145,"73.87435264",0.3756345177664974,0.36551724137931035,0.26903553299492383,0.23448275862068965,0.17258883248730963,"7.161380406",5,-9.482055375731086,52,0.2639593908629442,75,0.38071065989847713
691016,"Soderstrom, Tyler",193,0.9061032863849765,149,"73.86044487",0.41968911917098445,0.3288590604026846,0.2538860103626943,0.18791946308724833,0.14507772020725387,"7.411283679",5,-6.082838095846623,44,0.22797927461139897,79,0.40932642487046633
691718,"Crow-Armstrong, Pete",227,0.9007936507936508,170,"73.819530661",0.4096916299559471,0.2529411764705882,0.1894273127753304,0.1588235294117647,0.11894273127753303,"7.284957533",10,-9.00567749597662,57,0.2511013215859031,65,0.28634361233480177
671732,"Butler, Lawrence",155,0.9011627906976745,110,"73.788724968",0.3870967741935484,0.2818181818181818,0.2,0.17272727272727273,0.12258064516129032,"7.099002452",5,-8.983053675872702,45,0.2903225806451613,53,0.3419354838709677
542303,"Ozuna, Marcell",171,0.9047619047619048,123,"73.756394503",0.3508771929824561,0.3008130081300813,0.21637426900584794,0.14634146341463414,0.10526315789473684,"7.453920292",1,-12.49794118971765,48,0.2807017543859649,62,0.36257309941520466
694208,"Ballesteros, Moisés",121,0.9029850746268657,95,"73.569331157",0.45454545454545453,0.37894736842105264,0.2975206611570248,0.21052631578947367,0.1652892561983471,"7.233886942",4,7.105358068181653,26,0.21487603305785125,54,0.4462809917355372
547180,"Harper, Bryce",204,0.9026548672566371,146,"73.545691863",0.4019607843137255,0.3013698630136986,0.21568627450980393,0.15753424657534246,0.11274509803921569,"7.433404804",2,-1.7654698621440563,58,0.28431372549019607,79,0.3872549019607843
621043,"Correa, Carlos",193,0.910377358490566,155,"73.534927358",0.3937823834196892,0.27741935483870966,0.22279792746113988,0.16774193548387098,0.13471502590673576,"7.236812332",1,-4.16739377182531,38,0.19689119170984457,73,0.37823834196891193
701538,"Merrill, Jackson",214,0.9067796610169492,150,"73.484671869",0.308411214953271,0.21333333333333335,0.14953271028037382,0.12666666666666668,0.08878504672897196,"7.693846215",3,-12.02772528029064,64,0.29906542056074764,62,0.2897196261682243
677951,"Witt Jr., Bobby",202,0.8977777777777778,151,"73.436625495",0.3861386138613861,0.3443708609271523,0.25742574257425743,0.1986754966887417,0.1485148514851485,"7.047834307",3,-3.222858286096997,51,0.2524752475247525,81,0.400990099009901
671277,"García Jr., Luis",170,0.9090909090909091,147,"73.405946",0.34705882352941175,0.3197278911564626,0.27647058823529413,0.1836734693877551,0.1588235294117647,"7.404344882",2,-2.336033703896019,23,0.13529411764705881,75,0.4411764705882353
666139,"Lowe, Josh",161,0.8994413407821229,119,"73.392878882",0.3416149068322981,0.226890756302521,0.16770186335403728,0.07563025210084033,0.055900621118012424,"7.481633913",4,-6.848401993796082,42,0.2608695652173913,50,0.3105590062111801
681624,"Pages, Andy",227,0.9007936507936508,181,"73.35331",0.3303964757709251,0.281767955801105,0.22466960352422907,0.17679558011049723,0.14096916299559473,"7.77041696",5,2.050671182726318,46,0.2026431718061674,78,0.3436123348017621
592518,"Machado, Manny",161,0.9044943820224719,125,"73.28637559",0.2795031055900621,0.28,0.21739130434782608,0.144,0.11180124223602485,"7.68851764",3,-4.8283171868726775,36,0.2236024844720497,62,0.38509316770186336
661388,"Contreras, William",168,0.8983957219251337,140,"73.229522738",0.33333333333333337,0.35714285714285715,0.2976190476190476,0.16428571428571428,0.13690476190476192,"7.200253631",1,-5.6470570243944405,28,0.16666666666666666,82,0.4880952380952381
680777,"Jeffers, Ryan",134,0.8993288590604027,112,"73.208569328",0.39552238805970147,0.3125,0.26119402985074625,0.15178571428571427,0.12686567164179105,"7.196328358",4,2.179978125374723,22,0.16417910447761194,54,0.40298507462686567
662139,"Varsho, Daulton",176,0.9072164948453608,137,"73.192292955",0.3068181818181818,0.2116788321167883,0.16477272727272727,0.072992700729927,0.056818181818181816,"7.565918352",0,-5.36802098871498,39,0.2215909090909091,63,0.35795454545454547
672960,"Okamoto, Kazuma",193,0.9018691588785047,136,"73.185233057",0.3212435233160622,0.3382352941176471,0.23834196891191708,0.19852941176470587,0.13989637305699482,"7.900049171",3,-5.795459769141222,57,0.29533678756476683,62,0.32124352331606215
621439,"Buxton, Byron",210,0.9012875536480687,151,"73.182760905",0.33809523809523806,0.26490066225165565,0.19047619047619047,0.1456953642384106,0.10476190476190476,"7.987074",7,-0.8772609381192937,59,0.28095238095238095,73,0.3476190476190476
672275,"Bailey, Patrick",125,0.9191176470588235,93,"73.12975896",0.32000000000000006,0.3548387096774194,0.264,0.10752688172043011,0.08,"7.25712144",2,-11.785171975262655,32,0.256,50,0.4
668901,"Vientos, Mark",146,0.9182389937106918,99,"73.129675205",0.26027397260273977,0.3333333333333333,0.22602739726027396,0.15151515151515152,0.10273972602739725,"7.457558904",2,-5.1599572739969215,47,0.3219178082191781,51,0.3493150684931507
691781,"House, Brady",194,0.9023255813953488,135,"73.087350567",0.26804123711340205,0.25925925925925924,0.18041237113402062,0.1259259259259259,0.08762886597938144,"7.48450201",5,-3.806580135406094,59,0.30412371134020616,64,0.32989690721649484
679529,"Torkelson, Spencer",168,0.9130434782608695,127,"73.03664625",0.24404761904761907,0.30708661417322836,0.23214285714285715,0.15748031496062992,0.11904761904761904,"7.814315179",2,-3.7902002389568668,41,0.24404761904761904,58,0.34523809523809523
663604,"Lockridge, Brandon",136,0.9006622516556292,101,"72.999711765",0.38235294117647056,0.19801980198019803,0.14705882352941177,0.1188118811881188,0.08823529411764706,"6.893980735",3,-4.061936684954778,35,0.25735294117647056,46,0.3382352941176471
678246,"Vargas, Miguel",193,0.9061032863849765,158,"72.985115907",0.33678756476683935,0.3291139240506329,0.2694300518134715,0.15822784810126583,0.12953367875647667,"7.568018549",2,-4.4261725465778206,35,0.18134715025906736,75,0.38860103626943004
596019,"Lindor, Francisco",185,0.9113300492610837,138,"72.973741351",0.2756756756756757,0.2898550724637681,0.21621621621621623,0.14492753623188406,0.10810810810810811,"7.498161838",3,-9.171072401012697,47,0.25405405405405407,69,0.372972972972973
668804,"Reynolds, Bryan",199,0.8963963963963963,146,"72.972120905",0.2864321608040201,0.273972602739726,0.20100502512562815,0.136986301369863,0.10050251256281408,"6.991007487",7,-4.31870010326406,53,0.2663316582914573,62,0.31155778894472363
669224,"Wells, Austin",139,0.896774193548387,111,"72.966410432",0.2302158273381295,0.3333333333333333,0.26618705035971224,0.14414414414414414,0.11510791366906475,"7.580918129",4,-6.671733737488638,28,0.2014388489208633,53,0.381294964028777
669236,"Jackson, Jeremiah",169,0.9037433155080213,122,"72.960221124",0.30769230769230765,0.38524590163934425,0.2781065088757396,0.14754098360655737,0.10650887573964497,"7.668597929",7,-0.7545960883127725,47,0.2781065088757396,67,0.39644970414201186
665862,"Chisholm Jr., Jazz",176,0.9025641025641026,130,"72.923034261",0.25,0.33076923076923076,0.24431818181818182,0.15384615384615385,0.11363636363636363,"7.871680795",5,-8.242647941030832,46,0.26136363636363635,63,0.35795454545454547
664040,"Lowe, Brandon",201,0.9013452914798207,136,"72.862917164",0.3532338308457712,0.3161764705882353,0.21393034825870647,0.16176470588235295,0.10945273631840796,"7.008369552",8,2.137718601979751,65,0.32338308457711445,68,0.3383084577114428
677942,"Alexander, Blaze",124,0.8985507246376812,84,"72.853088065",0.31451612903225806,0.2857142857142857,0.1935483870967742,0.13095238095238096,0.08870967741935484,"7.556302661",5,-7.543079717049873,40,0.3225806451612903,37,0.29838709677419356
650490,"Díaz, Yandy",186,0.9073170731707317,164,"72.779029409",0.29569892473118276,0.3231707317073171,0.2849462365591398,0.18292682926829268,0.16129032258064516,"7.83288871",2,1.5342929406046228,22,0.11827956989247312,86,0.46236559139784944
694671,"Langford, Wyatt",141,0.9096774193548387,106,"72.605462979",0.24113475177304966,0.3867924528301887,0.2907801418439716,0.12264150943396226,0.09219858156028368,"6.804061135",3,-3.8819359295173537,35,0.24822695035460993,56,0.3971631205673759
694377,"Yorke, Nick",123,0.9044117647058824,104,"72.506136016",0.2032520325203252,0.3173076923076923,0.2682926829268293,0.18269230769230768,0.15447154471544716,"7.280255366",3,-4.560656461086379,19,0.15447154471544716,49,0.3983739837398374
595879,"Báez, Javier",150,0.9036144578313253,110,"72.501801733",0.22666666666666666,0.2818181818181818,0.20666666666666667,0.11818181818181818,0.08666666666666667,"8.4820584",2,-3.727034218992786,40,0.26666666666666666,57,0.38
656555,"Hoskins, Rhys",137,0.9013157894736842,98,"72.501079197",0.18248175182481752,0.2857142857142857,0.20437956204379562,0.14285714285714285,0.10218978102189781,"8.358075328",2,-5.070513704149235,39,0.2846715328467153,40,0.291970802919708
690993,"Keith, Colt",123,0.9111111111111111,96,"72.500820488",0.19512195121951223,0.5416666666666666,0.42276422764227645,0.2916666666666667,0.22764227642276422,"7.00144935",3,-1.8146506289500905,27,0.21951219512195122,63,0.5121951219512195
802139,"Wetherholt, JJ",204,0.9026548672566371,166,"72.462770686",0.23529411764705885,0.3373493975903614,0.27450980392156865,0.12650602409638553,0.10294117647058823,"7.596210343",8,-3.4995957460367326,38,0.18627450980392157,86,0.4215686274509804
660821,"Sánchez, Jesús",157,0.9022988505747126,121,"72.454697006",0.375796178343949,0.32231404958677684,0.2484076433121019,0.1487603305785124,0.11464968152866242,"6.765116561",1,-4.646714442070794,36,0.22929936305732485,55,0.3503184713375796
700250,"Rice, Ben",167,0.9027027027027027,129,"72.334654012",0.2155688622754491,0.3953488372093023,0.30538922155688625,0.24031007751937986,0.18562874251497005,"7.476368084",3,12.0464457482808,38,0.2275449101796407,64,0.38323353293413176
669357,"Gorman, Nolan",194,0.8981481481481481,131,"72.297915928",0.2268041237113402,0.2824427480916031,0.19072164948453607,0.12213740458015267,0.08247422680412371,"7.511865567",3,-5.380465963780934,63,0.3247422680412371,59,0.30412371134020616
673237,"Diaz, Yainer",148,0.9079754601226994,114,"72.261023311",0.14189189189189194,0.41228070175438597,0.31756756756756754,0.09649122807017543,0.07432432432432433,"7.283042365",5,-3.1438756464902338,34,0.22972972972972974,65,0.4391891891891892
607043,"Nimmo, Brandon",218,0.9083333333333333,167,"72.251368211",0.2844036697247706,0.38922155688622756,0.2981651376146789,0.17365269461077845,0.13302752293577982,"7.011611101",6,-3.225921651094853,51,0.23394495412844038,87,0.39908256880733944
642715,"Adames, Willy",198,0.9,151,"72.198879646",0.23232323232323232,0.271523178807947,0.20707070707070707,0.1390728476821192,0.10606060606060606,"8.11815798",3,-6.166031483427155,47,0.23737373737373738,71,0.35858585858585856
682928,"Abrams, CJ",192,0.897196261682243,137,"72.180635938",0.21875000000000003,0.36496350364963503,0.2604166666666667,0.19708029197080293,0.140625,"7.701172188",6,5.710305802402589,55,0.2864583333333333,76,0.3958333333333333
630105,"Cronenworth, Jake",142,0.9044585987261147,106,"72.16952331",0.22535211267605637,0.2641509433962264,0.19718309859154928,0.14150943396226415,0.1056338028169014,"7.128089648",1,-10.246293858634083,36,0.2535211267605634,55,0.3873239436619718
681481,"Carpenter, Kerry",145,0.9006211180124224,96,"72.146804621",0.20689655172413796,0.3645833333333333,0.2413793103448276,0.125,0.08275862068965517,"7.584318138",6,-2.7781849645343204,49,0.33793103448275863,46,0.31724137931034485
672580,"Garcia, Maikel",148,0.9079754601226994,128,"72.118707027",0.20945945945945948,0.359375,0.3108108108108108,0.1796875,0.1554054054054054,"7.175790068",3,-1.0194202375044377,20,0.13513513513513514,75,0.5067567567567568
663743,"Fortes, Nick",121,0.9166666666666666,104,"72.050086364",0.19834710743801653,0.3076923076923077,0.2644628099173554,0.17307692307692307,0.1487603305785124,"7.755375702",1,-4.820032989220421,17,0.14049586776859505,60,0.49586776859504134
606192,"Hernández, Teoscar",176,0.9072164948453608,122,"72.040392614",0.21022727272727276,0.3360655737704918,0.23295454545454544,0.16393442622950818,0.11363636363636363,"7.77792108",5,-2.970075682115027,54,0.3068181818181818,64,0.36363636363636365
680574,"McLain, Matt",180,0.9045226130653267,141,"72.035244111",0.1388888888888889,0.3120567375886525,0.24444444444444444,0.10638297872340426,0.08333333333333333,"6.936423889",4,-9.538073784916568,39,0.21666666666666667,67,0.37222222222222223
702284,"Young, Cole",202,0.8977777777777778,155,"72.013131386",0.25742574257425743,0.3225806451612903,0.24752475247524752,0.0967741935483871,0.07425742574257425,"6.93785995",4,-3.0658644035291287,47,0.23267326732673269,74,0.36633663366336633
657656,"Laureano, Ramón",212,0.9098712446351931,152,"72.013040566",0.21226415094339626,0.26973684210526316,0.19339622641509435,0.13157894736842105,0.09433962264150944,"7.055356792",5,-0.7503763412997091,60,0.2830188679245283,64,0.3018867924528302
592626,"Pederson, Joc",126,0.9,85,"71.956213968",0.2142857142857143,0.36470588235294116,0.24603174603174602,0.12941176470588237,0.0873015873015873,"7.45926754",4,-4.388551481646626,41,0.3253968253968254,42,0.3333333333333333
664023,"Happ, Ian",197,0.9036697247706422,131,"71.955745228",0.19796954314720816,0.3282442748091603,0.2182741116751269,0.16793893129770993,0.1116751269035533,"7.019356345",2,-0.3089274386956332,66,0.3350253807106599,66,0.3350253807106599
669477,"Schmitt, Casey",146,0.9125,112,"71.933274932",0.2397260273972603,0.35714285714285715,0.273972602739726,0.17857142857142858,0.136986301369863,"7.540635274",3,0.21841676170545954,34,0.2328767123287671,59,0.4041095890410959
665019,"Clemens, Kody",121,0.8962962962962963,91,"71.92889314",0.14049586776859505,0.31868131868131866,0.2396694214876033,0.17582417582417584,0.1322314049586777,"7.123464545",4,-3.8835986749099742,30,0.24793388429752067,42,0.34710743801652894
672640,"Lopez, Otto",181,0.900497512437811,144,"71.899018508",0.26519337016574585,0.3958333333333333,0.3149171270718232,0.2222222222222222,0.17679558011049723,"6.840212983",9,3.098480792268943,37,0.20441988950276244,78,0.430939226519337
676475,"Burleson, Alec",190,0.9004739336492891,156,"71.898768053",0.15789473684210525,0.3782051282051282,0.3105263157894737,0.17307692307692307,0.14210526315789473,"7.418306737",1,-4.736004891132014,34,0.17894736842105263,83,0.4368421052631579
660162,"Moncada, Yoán",130,0.9090909090909091,94,"71.872676769",0.2846153846153846,0.2978723404255319,0.2153846153846154,0.13829787234042554,0.1,"7.405100615",4,-5.03732864706342,36,0.27692307692307694,43,0.33076923076923076
608369,"Seager, Corey",222,0.9098360655737705,147,"71.864866036",0.13513513513513514,0.32653061224489793,0.21621621621621623,0.1360544217687075,0.09009009009009009,"6.725043333",9,-8.198797892538892,75,0.33783783783783783,71,0.31981981981981983
681351,"O'Hoppe, Logan",157,0.9022988505747126,114,"71.862100064",0.2101910828025478,0.2719298245614035,0.19745222929936307,0.14912280701754385,0.10828025477707007,"7.677491656",6,-7.594529738932337,43,0.27388535031847133,52,0.33121019108280253
686668,"Doyle, Brenton",139,0.9144736842105263,99,"71.852383669",0.17266187050359716,0.26262626262626265,0.18705035971223022,0.15151515151515152,0.1079136690647482,"7.209621439",6,-6.998756823218923,40,0.28776978417266186,43,0.30935251798561153
641487,"Crawford, J.P.",126,0.9,106,"71.820867698",0.24603174603174605,0.39622641509433965,0.3333333333333333,0.1509433962264151,0.12698412698412698,"7.34946381",1,-7.9462454178039765,20,0.15873015873015872,56,0.4444444444444444
663656,"Tucker, Kyle",223,0.8991935483870968,178,"71.800670448",0.2645739910313902,0.3202247191011236,0.2556053811659193,0.10674157303370786,0.08520179372197309,"7.362115874",4,-3.449316643958565,45,0.20179372197309417,82,0.36771300448430494
672724,"Peraza, Oswald",166,0.9021739130434783,112,"71.758771807",0.18072289156626506,0.29464285714285715,0.19879518072289157,0.13392857142857142,0.09036144578313253,"7.708240783",2,-0.24906599163232945,54,0.3253012048192771,50,0.30120481927710846
666969,"García, Adolis",193,0.9061032863849765,142,"71.682678497",0.23316062176165808,0.33098591549295775,0.24352331606217617,0.15492957746478872,0.11398963730569948,"7.63285772",6,-6.370790598905517,51,0.26424870466321243,65,0.33678756476683935
687637,"Beavers, Dylan",137,0.9072847682119205,107,"71.665007518",0.16788321167883213,0.3177570093457944,0.24817518248175183,0.14018691588785046,0.10948905109489052,"7.450245401",1,-3.4910345011275385,30,0.21897810218978103,50,0.36496350364963503
805808,"McGonigle, Kevin",193,0.9018691588785047,175,"71.634785492",0.21761658031088085,0.36,0.32642487046632124,0.14857142857142858,0.13471502590673576,"6.941669845",5,2.0013093144017042,18,0.09326424870466321,89,0.46113989637305697
605137,"Bell, Josh",196,0.8990825688073395,148,"71.626919388",0.23469387755102042,0.3310810810810811,0.25,0.14189189189189189,0.10714285714285714,"7.995207959",1,-7.289356681899079,48,0.24489795918367346,76,0.3877551020408163
666310,"Naylor, Bo",121,0.9029850746268657,105,"71.623835868",0.1322314049586777,0.2571428571428571,0.2231404958677686,0.12380952380952381,0.10743801652892562,"7.613579669",2,-10.116598160285562,16,0.1322314049586777,44,0.36363636363636365
800050,"DeLauter, Chase",154,0.9005847953216374,131,"71.598245065",0.19480519480519484,0.3816793893129771,0.3246753246753247,0.16030534351145037,0.13636363636363635,"7.407587013",5,-1.7031275100405792,23,0.14935064935064934,77,0.5
671218,"Ramos, Heliot",211,0.9094827586206896,154,"71.577269289",0.1848341232227488,0.2727272727272727,0.1990521327014218,0.14935064935064934,0.10900473933649289,"6.722599289",5,-6.160026612866913,57,0.27014218009478674,58,0.27488151658767773
678662,"Tovar, Ezequiel",230,0.9019607843137255,157,"71.532856304",0.14782608695652175,0.25477707006369427,0.17391304347826086,0.10191082802547771,0.06956521739130435,"7.630323043",3,-9.895261312933213,73,0.3173913043478261,66,0.28695652173913044
593428,"Bogaerts, Xander",139,0.9025974025974026,111,"71.505286547",0.22302158273381298,0.36036036036036034,0.28776978417266186,0.16216216216216217,0.12949640287769784,"7.298718633",3,3.2079681466823304,28,0.2014388489208633,62,0.4460431654676259
682177,"Schneemann, Daniel",145,0.9006211180124224,98,"71.483156828",0.13793103448275862,0.336734693877551,0.22758620689655173,0.14285714285714285,0.09655172413793103,"7.263005655",7,5.497533113687441,47,0.32413793103448274,47,0.32413793103448274
607208,"Turner, Trea",204,0.9147982062780269,148,"71.470533137",0.18137254901960786,0.39864864864864863,0.28921568627450983,0.08783783783783784,0.06372549019607843,"7.746012598",3,-9.7894009151487,56,0.27450980392156865,81,0.39705882352941174
665966,"Narváez, Carlos",123,0.9111111111111111,92,"71.467900407",0.15447154471544722,0.358695652173913,0.2682926829268293,0.13043478260869565,0.0975609756097561,"7.508934472",0,0.6027554393958121,31,0.25203252032520324,42,0.34146341463414637
701807,"Benge, Carson",153,0.9,119,"71.452733203",0.17647058823529416,0.35294117647058826,0.27450980392156865,0.15126050420168066,0.11764705882352941,"6.371700719",3,-7.445334497305689,34,0.2222222222222222,59,0.38562091503267976
521692,"Perez, Salvador",231,0.90234375,177,"71.418969481",0.15151515151515155,0.2768361581920904,0.21212121212121213,0.14689265536723164,0.11255411255411256,"7.803341299",6,-11.132461398899766,54,0.23376623376623376,82,0.354978354978355
701398,"Stewart, Sal",218,0.9008264462809917,168,"71.387961835",0.21100917431192662,0.30357142857142855,0.23394495412844038,0.17261904761904762,0.13302752293577982,"7.432217752",8,5.5148926259932125,50,0.22935779816513763,74,0.3394495412844037
663886,"Stephenson, Tyler",128,0.9014084507042254,97,"71.343380078",0.11718750000000001,0.36082474226804123,0.2734375,0.16494845360824742,0.125,"7.450171641",6,-7.215479926247231,31,0.2421875,45,0.3515625
693307,"Dingler, Dillon",163,0.9005524861878453,131,"71.341025337",0.12269938650306748,0.366412213740458,0.294478527607362,0.19083969465648856,0.15337423312883436,"7.661572454",3,1.9300168965490385,32,0.19631901840490798,64,0.39263803680981596
668715,"Steer, Spencer",153,0.9,121,"71.258956667",0.0915032679738562,0.33884297520661155,0.2679738562091503,0.15702479338842976,0.12418300653594772,"7.45596268",3,-3.5182587531283662,32,0.20915032679738563,60,0.39215686274509803
571970,"Muncy, Max",173,0.9057591623036649,118,"71.25417711",0.0809248554913295,0.3898305084745763,0.2658959537572254,0.16101694915254236,0.10982658959537572,"6.949843179",1,2.1823087537240844,55,0.3179190751445087,62,0.3583815028901734
596115,"Story, Trevor",218,0.9083333333333333,155,"71.232713716",0.16513761467889906,0.32903225806451614,0.23394495412844038,0.13548387096774195,0.0963302752293578,"7.382657844",3,-8.93552714143138,63,0.2889908256880734,78,0.3577981651376147
669016,"Marsh, Brandon",160,0.903954802259887,131,"71.210572813",0.14375000000000002,0.366412213740458,0.3,0.17557251908396945,0.14375,"7.204215813",0,-0.46750377273590127,29,0.18125,71,0.44375
701675,"Church, Nathan",128,0.9014084507042254,97,"71.199533594",0.171875,0.28865979381443296,0.21875,0.1134020618556701,0.0859375,"7.309056094",0,-1.2518987030219686,31,0.2421875,48,0.375
646240,"Devers, Rafael",225,0.9,153,"71.165147689",0.1511111111111111,0.3202614379084967,0.21777777777777776,0.1568627450980392,0.10666666666666667,"7.491841822",3,-10.567115966263419,72,0.32,67,0.29777777777777775
673962,"Jung, Josh",168,0.9032258064516129,144,"71.161699345",0.12500000000000003,0.3819444444444444,0.3273809523809524,0.1875,0.16071428571428573,"6.983900536",5,2.242661442636928,24,0.14285714285714285,75,0.44642857142857145
650489,"Castro, Willi",149,0.9030303030303031,100,"71.131884161",0.15436241610738255,0.22,0.1476510067114094,0.1,0.06711409395973154,"7.130877852",3,-2.618410308504216,49,0.3288590604026846,38,0.2550335570469799
682657,"Martínez, Angel",170,0.8994708994708994,139,"71.076563176",0.2235294117647059,0.22302158273381295,0.18235294117647058,0.1366906474820144,0.11176470588235295,"7.562724",2,-0.5587102414211138,31,0.18235294117647058,57,0.3352941176470588
664761,"Bohm, Alec",153,0.9053254437869822,124,"71.071262876",0.13071895424836602,0.3790322580645161,0.30718954248366015,0.14516129032258066,0.11764705882352941,"7.244124379",2,-9.14679292696486,29,0.1895424836601307,74,0.48366013071895425
571448,"Arenado, Nolan",139,0.896774193548387,103,"71.060828561",0.10071942446043168,0.2912621359223301,0.2158273381294964,0.0970873786407767,0.07194244604316546,"8.40264741",4,-3.7294352014178562,36,0.2589928057553957,60,0.4316546762589928
608348,"Kelly, Carson",129,0.9084507042253521,103,"71.038592868",0.09302325581395349,0.3786407766990291,0.3023255813953488,0.21359223300970873,0.17054263565891473,"6.995884574",2,-0.8041855262642585,26,0.20155038759689922,57,0.4418604651162791
621020,"Swanson, Dansby",182,0.900990099009901,131,"70.996235165",0.07692307692307694,0.3969465648854962,0.2857142857142857,0.13740458015267176,0.0989010989010989,"7.531649066",5,-3.569703117484216,51,0.2802197802197802,68,0.37362637362637363
670770,"Friedl, TJ",141,0.8980891719745223,113,"70.993983901",0.12765957446808515,0.34513274336283184,0.2765957446808511,0.09734513274336283,0.07801418439716312,"6.858454326",6,-12.12059057687538,28,0.19858156028368795,63,0.44680851063829785
553993,"Suárez, Eugenio",157,0.8971428571428571,107,"70.938870191",0.10828025477707005,0.27102803738317754,0.18471337579617833,0.09345794392523364,0.06369426751592357,"7.678048344",5,-1.722751368985514,50,0.3184713375796178,55,0.3503184713375796
518692,"Freeman, Freddie",213,0.902542372881356,180,"70.856466761",0.11267605633802819,0.40555555555555556,0.3427230046948357,0.18333333333333332,0.15492957746478872,"6.843996338",4,-2.444208315596275,33,0.15492957746478872,90,0.4225352112676056
666397,"Julien, Edouard",129,0.9020979020979021,101,"70.779723953",0.13953488372093023,0.36633663366336633,0.2868217054263566,0.18811881188118812,0.14728682170542637,"6.98133",3,-0.22951767854004312,28,0.21705426356589147,52,0.40310077519379844
668930,"Turang, Brice",174,0.90625,144,"70.771567701",0.12068965517241381,0.3472222222222222,0.28735632183908044,0.18055555555555555,0.14942528735632185,"6.82400069",3,0.6876933268041932,30,0.1724137931034483,65,0.3735632183908046
656811,"O'Hearn, Ryan",188,0.9170731707317074,154,"70.741749415",0.09574468085106384,0.34415584415584416,0.28191489361702127,0.15584415584415584,0.1276595744680851,"7.073454415",4,1.958432603719578,34,0.18085106382978725,73,0.3882978723404255
643376,"Jansen, Danny",122,0.8970588235294118,94,"70.730178115",0.09016393442622951,0.2765957446808511,0.21311475409836064,0.11702127659574468,0.09016393442622951,"7.175533361",5,-4.962478729503237,28,0.22950819672131148,41,0.3360655737704918
690976,"Freeland, Alex",120,0.9090909090909091,86,"70.644745167",0.058333333333333334,0.38372093023255816,0.275,0.16279069767441862,0.11666666666666667,"6.942572417",4,-3.7314350682551956,34,0.2833333333333333,47,0.39166666666666666
573262,"Yastrzemski, Mike",152,0.9047619047619048,119,"70.624053487",0.04605263157894738,0.3445378151260504,0.26973684210526316,0.10084033613445378,0.07894736842105263,"7.351728355",7,-7.5717732884115945,33,0.21710526315789475,58,0.3815789473684211
694497,"Carter, Evan",138,0.9019607843137255,102,"70.604414203",0.15942028985507248,0.3137254901960784,0.2318840579710145,0.09803921568627451,0.07246376811594203,"7.050454565",3,-9.320729725517406,36,0.2608695652173913,47,0.34057971014492755
805300,"Marsee, Jakob",186,0.9029126213592233,162,"70.545565054",0.05913978494623656,0.30246913580246915,0.26344086021505375,0.10493827160493827,0.0913978494623656,"6.722437151",3,-9.214514804399254,24,0.12903225806451613,79,0.42473118279569894
605170,"Caratini, Victor",130,0.9027777777777778,107,"70.535175538",0.0923076923076923,0.35514018691588783,0.2923076923076923,0.12149532710280374,0.1,"6.974417308",1,-6.479721671378813,23,0.17692307692307693,60,0.46153846153846156
656775,"Mullins, Cedric",169,0.898936170212766,139,"70.52222574",0.09467455621301778,0.31654676258992803,0.2603550295857988,0.09352517985611511,0.07692307692307693,"7.63993497",3,-13.088612752408503,30,0.17751479289940827,65,0.38461538461538464
693304,"Gonzales, Nick",194,0.9065420560747663,151,"70.48683768",0.09793814432989692,0.2847682119205298,0.22164948453608246,0.11258278145695365,0.08762886597938144,"7.493942526",4,-3.3354256394018957,43,0.22164948453608246,70,0.36082474226804123
687859,"Johnston, Troy",147,0.901840490797546,114,"70.462332721",0.07482993197278913,0.42105263157894735,0.32653061224489793,0.16666666666666666,0.1292517006802721,"6.82956102",1,1.9182089147799202,33,0.22448979591836735,66,0.4489795918367347
695734,"Lile, Daylen",206,0.8995633187772926,159,"70.429145097",0.06310679611650485,0.3710691823899371,0.28640776699029125,0.13836477987421383,0.10679611650485436,"7.474498447",2,-4.855016087631702,47,0.22815533980582525,87,0.4223300970873786
650859,"Rengifo, Luis",135,0.9060402684563759,112,"70.409600222",0.13333333333333333,0.3482142857142857,0.28888888888888886,0.125,0.1037037037037037,"7.147703704",2,-8.357988150145507,23,0.17037037037037037,62,0.45925925925925926
666018,"Aranda, Jonathan",207,0.9,164,"70.406802126",0.10144927536231886,0.3353658536585366,0.26570048309178745,0.12195121951219512,0.0966183574879227,"7.375102174",2,-1.2198289910909481,43,0.20772946859903382,69,0.3333333333333333
700932,"Manzardo, Kyle",163,0.9055555555555556,112,"70.375727485",0.1226993865030675,0.29464285714285715,0.20245398773006135,0.08928571428571429,0.06134969325153374,"7.681164847",3,-8.352247836982604,51,0.3128834355828221,49,0.3006134969325153
681082,"Stott, Bryson",122,0.9104477611940298,101,"70.267008852",0.03278688524590164,0.44554455445544555,0.36885245901639346,0.18811881188118812,0.1557377049180328,"7.328712623",1,-6.386752880067506,21,0.1721311475409836,60,0.4918032786885246
647304,"Naylor, Josh",186,0.8985507246376812,144,"70.179520215",0.06989247311827958,0.3888888888888889,0.3010752688172043,0.14583333333333334,0.11290322580645161,"7.599348333",3,-8.215210417445546,42,0.22580645161290322,80,0.43010752688172044
608324,"Bregman, Alex",189,0.9086538461538461,160,"70.116873069",0.05820105820105821,0.45,0.38095238095238093,0.1625,0.13756613756613756,"7.055193333",3,-3.014350962030718,29,0.15343915343915343,93,0.49206349206349204
608070,"Ramírez, José",217,0.9079497907949791,183,"70.111189032",0.1566820276497696,0.3114754098360656,0.2626728110599078,0.1366120218579235,0.1152073732718894,"7.366166359",3,-5.626751092148979,34,0.15668202764976957,82,0.3778801843317972
681393,"Norby, Connor",178,0.898989898989899,128,"70.035286236",0.03370786516853933,0.328125,0.23595505617977527,0.078125,0.056179775280898875,"6.997741798",6,-6.791430642391072,50,0.2808988764044944,60,0.33707865168539325
669257,"Smith, Will",157,0.9127906976744186,136,"69.989507643",0.06369426751592357,0.3161764705882353,0.27388535031847133,0.11764705882352941,0.10191082802547771,"7.168490318",4,-3.6375451223259367,21,0.1337579617834395,64,0.40764331210191085
687263,"Neto, Zach",256,0.9014084507042254,180,"69.976607695",0.05468750000000001,0.2722222222222222,0.19140625,0.09444444444444444,0.06640625,"7.01398625",4,-5.464565543889432,76,0.296875,69,0.26953125
641355,"Bellinger, Cody",170,0.9042553191489362,139,"69.974651882",0.03529411764705884,0.39568345323741005,0.3235294117647059,0.1079136690647482,0.08823529411764706,"7.953376118",0,-4.901231098540181,31,0.18235294117647058,79,0.4647058823529412
686797,"Lee, Brooks",176,0.9025641025641026,144,"69.895621534",0.0965909090909091,0.3194444444444444,0.26136363636363635,0.0625,0.05113636363636364,"7.071901307",5,-2.9255464229641364,32,0.18181818181818182,64,0.36363636363636365
668227,"Arozarena, Randy",200,0.9009009009009009,148,"69.88066175",0.16000000000000003,0.36486486486486486,0.27,0.12162162162162163,0.09,"7.1602356",1,-4.460376017796049,52,0.26,70,0.35
677587,"Rocchio, Brayan",187,0.8990384615384616,145,"69.832468449",0.08556149732620322,0.3103448275862069,0.24064171122994651,0.08275862068965517,0.06417112299465241,"7.370893262",3,-4.412949703429726,42,0.22459893048128343,75,0.40106951871657753
691026,"Winn, Masyn",164,0.9010989010989011,128,"69.812617195",0.06097560975609756,0.2890625,0.22560975609756098,0.109375,0.08536585365853659,"7.414663841",2,-1.932428961774741,36,0.21951219512195122,65,0.39634146341463417
691720,"Karros, Kyle",152,0.8994082840236687,118,"69.80802625",0.04605263157894737,0.3220338983050847,0.25,0.059322033898305086,0.046052631578947366,"7.013094737",5,-8.646231533023155,34,0.2236842105263158,56,0.3684210526315789
678882,"Rafaela, Ceddanne",163,0.9005524861878453,119,"69.786124233",0.06134969325153374,0.37815126050420167,0.27607361963190186,0.12605042016806722,0.09202453987730061,"7.28726546",3,-4.689225842110755,44,0.26993865030674846,61,0.37423312883435583
696285,"Young, Jacob",140,0.9032258064516129,110,"69.735990643",0.03571428571428572,0.4727272727272727,0.37142857142857144,0.15454545454545454,0.12142857142857143,"7.1344545",2,-1.8976036827760834,30,0.21428571428571427,69,0.4928571428571429
807712,"Keaschall, Luke",161,0.8994413407821229,142,"69.641086957",0.07453416149068325,0.29577464788732394,0.2608695652173913,0.09154929577464789,0.08074534161490683,"6.834553665",5,-8.298665982089899,19,0.11801242236024845,77,0.4782608695652174
681198,"Rumfield, TJ",201,0.9054054054054054,159,"69.59600806",0.10945273631840798,0.3081761006289308,0.24378109452736318,0.11949685534591195,0.0945273631840796,"6.637871144",1,-4.255249338085208,42,0.208955223880597,80,0.39800995024875624
666182,"Bichette, Bo",215,0.899581589958159,170,"69.591066884",0.1302325581395349,0.35294117647058826,0.27906976744186046,0.1411764705882353,0.11162790697674418,"7.069032186",1,-9.268921885961909,45,0.20930232558139536,80,0.37209302325581395
686469,"Pasquantino, Vinnie",214,0.8991596638655462,178,"69.586829393",0.03738317757009346,0.28651685393258425,0.2383177570093458,0.09550561797752809,0.0794392523364486,"7.235503692",3,-8.296160896300917,36,0.16822429906542055,76,0.35514018691588783
643217,"Benintendi, Andrew",181,0.900497512437811,122,"69.494304254",0.06077348066298343,0.3524590163934426,0.23756906077348067,0.13934426229508196,0.09392265193370165,"7.168294475",2,-6.466671039908091,59,0.3259668508287293,54,0.2983425414364641
645277,"Albies, Ozzie",213,0.9063829787234042,168,"69.373986103",0.046948356807511735,0.3869047619047619,0.3051643192488263,0.09523809523809523,0.07511737089201878,"7.218343005",3,-1.2018413343127432,45,0.2112676056338028,90,0.4225352112676056
663757,"Grisham, Trent",125,0.9124087591240876,108,"69.3712036",0.04,0.48148148148148145,0.416,0.25925925925925924,0.224,"7.34110336",1,-9.514931849702416,17,0.136,65,0.52
669701,"Smith, Josh",159,0.8983050847457628,126,"69.354445346",0.025157232704402517,0.3253968253968254,0.2578616352201258,0.10317460317460317,0.08176100628930817,"7.001518994",4,-11.2926749139935,33,0.20754716981132076,61,0.3836477987421384
677950,"Thomas, Alek",122,0.9104477611940298,95,"69.35224",0.049180327868852465,0.37894736842105264,0.29508196721311475,0.15789473684210525,0.12295081967213115,"6.878131475",3,-4.933898965446394,27,0.22131147540983606,50,0.4098360655737705
514888,"Altuve, Jose",176,0.8979591836734694,135,"69.340151364",0.11363636363636365,0.37037037037037035,0.2840909090909091,0.1037037037037037,0.07954545454545454,"7.672621023",3,-1.6001149240612067,41,0.23295454545454544,75,0.42613636363636365
643289,"Dubón, Mauricio",169,0.9037433155080213,145,"68.895750355",0.02366863905325444,0.3448275862068966,0.2958579881656805,0.1103448275862069,0.09467455621301775,"7.593733314",2,0.17364697414597252,24,0.14201183431952663,76,0.44970414201183434
676609,"Caballero, José",177,0.8984771573604061,123,"68.761571412",0.04519774011299436,0.3170731707317073,0.22033898305084745,0.08943089430894309,0.062146892655367235,"6.785436836",2,-2.5049448649163604,54,0.3050847457627119,64,0.3615819209039548
808982,"Lee, Jung Hoo",166,0.907103825136612,145,"68.598742771",0.03614457831325302,0.4413793103448276,0.3855421686746988,0.12413793103448276,0.10843373493975904,"7.612477892",2,-1.0325341407443838,21,0.12650602409638553,84,0.5060240963855421
702222,"Crawford, Justin",144,0.9056603773584906,115,"68.565994792",0.03472222222222223,0.3739130434782609,0.2986111111111111,0.1391304347826087,0.1111111111111111,"6.991747639",1,-4.060789618472535,29,0.2013888888888889,59,0.4097222222222222
666152,"Hamilton, David",130,0.9027777777777778,110,"68.330313923",0.06153846153846154,0.24545454545454545,0.2076923076923077,0.09090909090909091,0.07692307692307693,"7.208211615",11,-6.655770782534253,20,0.15384615384615385,45,0.34615384615384615
543760,"Semien, Marcus",187,0.8990384615384616,149,"68.246032674",0.021390374331550804,0.37583892617449666,0.2994652406417112,0.087248322147651,0.06951871657754011,"7.822792727",8,-8.493821469483128,38,0.20320855614973263,77,0.4117647058823529
663538,"Hoerner, Nico",189,0.9,175,"68.12903037",0.021164021164021163,0.38857142857142857,0.35978835978835977,0.06285714285714286,0.0582010582010582,"7.343502698",4,-0.10154546910564521,14,0.07407407407407407,103,0.544973544973545
700337,"Quero, Edgar",120,0.8955223880597015,93,"68.116529417",0.016666666666666666,0.3655913978494624,0.2833333333333333,0.06451612903225806,0.05,"6.893259417",0,-8.28837886503113,27,0.225,45,0.375
702332,"Durbin, Caleb",146,0.9012345679012346,125,"68.02214089",0.00684931506849315,0.376,0.3219178082191781,0.088,0.07534246575342465,"6.739719041",2,-9.181529936849154,21,0.14383561643835616,72,0.4931506849315068
807713,"Shaw, Matt",131,0.8972602739726028,109,"68.020690687",0.04580152671755726,0.3669724770642202,0.3053435114503817,0.08256880733944955,0.06870229007633588,"7.046860611",2,0.10588182816068414,22,0.16793893129770993,55,0.4198473282442748
621493,"Ward, Taylor",162,0.9,138,"68.016617037",0.012345679012345678,0.4492753623188406,0.38271604938271603,0.16666666666666666,0.1419753086419753,"6.805739753",6,-1.651836887394211,24,0.14814814814814814,81,0.5
643446,"McNeil, Jeff",181,0.900497512437811,155,"67.987775028",0.016574585635359122,0.3419354838709677,0.292817679558011,0.06451612903225806,0.055248618784530384,"7.158123923",6,-4.1649057069820845,26,0.143646408839779,72,0.39779005524861877
689414,"Hicks, Liam",142,0.8987341772151899,131,"67.904441761",0.007042253521126765,0.42748091603053434,0.39436619718309857,0.15267175572519084,0.14084507042253522,"6.765516338",0,-0.41218351929553043,11,0.07746478873239436,77,0.5422535211267606
665926,"Giménez, Andrés",162,0.9,124,"67.859969074",0.0617283950617284,0.3870967741935484,0.2962962962962963,0.08064516129032258,0.06172839506172839,"6.940121173",1,-0.9356464428853395,38,0.2345679012345679,65,0.4012345679012346
687462,"Horwitz, Spencer",127,0.900709219858156,106,"67.821386142",0.03937007874015749,0.41509433962264153,0.3464566929133858,0.10377358490566038,0.08661417322834646,"6.860334173",2,-1.918194985722371,21,0.16535433070866143,62,0.4881889763779528
686217,"Frelick, Sal",142,0.8987341772151899,128,"67.638261479",0.03521126760563381,0.3828125,0.34507042253521125,0.1015625,0.09154929577464789,"7.103877324",5,-5.617296171931418,14,0.09859154929577464,69,0.4859154929577465
670623,"Paredes, Isaac",170,0.8994708994708994,138,"67.568638294",0.05882352941176472,0.34782608695652173,0.2823529411764706,0.057971014492753624,0.047058823529411764,"7.855925235",1,-3.4689839352522536,32,0.18823529411764706,60,0.35294117647058826
683737,"Busch, Michael",185,0.8980582524271845,144,"67.475276811",0.032432432432432434,0.3611111111111111,0.2810810810810811,0.10416666666666667,0.08108108108108109,"6.945262811",9,-10.754658557090282,41,0.22162162162162163,75,0.40540540540540543
650402,"Torres, Gleyber",187,0.8990384615384616,151,"67.422332834",0.010695187165775402,0.33112582781456956,0.26737967914438504,0.06622516556291391,0.053475935828877004,"6.996375508",1,-9.372398961498519,36,0.1925133689839572,76,0.40641711229946526
694384,"Schanuel, Nolan",182,0.900990099009901,154,"67.385271703",0.038461538461538464,0.37662337662337664,0.31868131868131866,0.08441558441558442,0.07142857142857142,"6.651543901",4,-6.212803526152829,28,0.15384615384615385,83,0.45604395604395603
683083,"Nuñez, Nasim",170,0.8994708994708994,131,"67.376493118",0.017647058823529422,0.2824427480916031,0.21764705882352942,0.061068702290076333,0.047058823529411764,"6.658881235",4,-10.53475805743537,39,0.22941176470588234,59,0.34705882352941175
669364,"Edwards, Xavier",168,0.9081081081081082,143,"67.208462024",0,0.4825174825174825,0.4107142857142857,0.1048951048951049,0.08928571428571429,"6.457093929",4,-1.0049781354498577,25,0.1488095238095238,87,0.5178571428571429
805367,"Meidroth, Chase",163,0.9055555555555556,136,"66.999110245",0.012269938650306749,0.4117647058823529,0.34355828220858897,0.11764705882352941,0.09815950920245399,"6.519849018",2,-3.7825460150452677,27,0.1656441717791411,69,0.4233128834355828
676391,"Clement, Ernie",175,0.9020618556701031,151,"66.688879771",0.022857142857142857,0.423841059602649,0.3657142857142857,0.09271523178807947,0.08,"7.178099486",8,-0.5772615266692187,24,0.13714285714285715,93,0.5314285714285715
663968,"Mangum, Jake",138,0.9019607843137255,107,"66.619578986",0.021739130434782608,0.18691588785046728,0.14492753623188406,0.056074766355140186,0.043478260869565216,"6.611829565",5,-2.4625949443330346,31,0.2246376811594203,40,0.2898550724637681
672695,"Perdomo, Geraldo",139,0.9025974025974026,123,"65.446046547",0,0.37398373983739835,0.33093525179856115,0.08943089430894309,0.07913669064748201,"6.78949036",3,-5.71936628922399,16,0.11510791366906475,65,0.4676258992805755
802415,"Simpson, Chandler",157,0.8971428571428571,144,"65.095396879",0.01273885350318471,0.4236111111111111,0.3885350318471338,0.034722222222222224,0.03184713375796178,"6.589206306",2,-3.3451751221561734,13,0.08280254777070063,87,0.554140127388535
660844,"Rivas, Leo",126,0.9,98,"65.024924921",0,0.35714285714285715,0.2777777777777778,0.030612244897959183,0.023809523809523808,"7.021270952",8,-9.096519845311748,28,0.2222222222222222,46,0.36507936507936506
805779,"Wilson, Jacob",204,0.8986784140969163,176,"63.800258284",0.0049019607843137246,0.3806818181818182,0.3284313725490196,0.06818181818181818,0.058823529411764705,"6.127066863",3,-3.965415498790117,28,0.13725490196078433,91,0.44607843137254904
680757,"Kwan, Steven",149,0.8975903614457831,142,"62.643290201",0,0.4014084507042254,0.3825503355704698,0.014084507042253521,0.013422818791946308,"6.41026349",4,-5.477048989032033,7,0.04697986577181208,82,0.5503355704697986
650333,"Arraez, Luis",190,0.9004739336492891,176,"62.159952",0,0.4375,0.4052631578947368,0.005681818181818182,0.005263157894736842,"5.750639263",1,-4.047295008748522,14,0.07368421052631578,95,0.5