"last_name, first_name","player_id","year","pa","k_percent","bb_percent","batting_avg","slg_percent","on_base_percent","on_base_plus_slg","xba","xslg","woba","xwoba","xobp","exit_velocity_avg","launch_angle_avg","sweet_spot_percent","barrel_batted_rate","hard_hit_percent","whiff_percent","swing_percent","pull_percent","opposite_percent","groundballs_percent","flyballs_percent","linedrives_percent"
"Pérez, Eury",691587,2026,158,24.7,10.1,".245",".453",".329","0.782",".245",".465",".346",".350",".333","89.9","20.6",35.6,13.9,45.5,28.7,52.1,52.5,13.9,36.6,29.7,21.8
"Mejia, Juan",675848,2026,78,28.2,9,".300",".400",".372","0.772",".246",".384",".341",".304",".324","91.1","18.3",37.5,4.2,39.6,29.4,48.5,29.2,33.3,33.3,31.3,27.1
"deGrom, Jacob",594798,2026,150,31.3,5.3,".211",".373",".253","0.626",".230",".421",".275",".296",".271","91.3","18.3",38.9,12.6,43.2,31,53.1,42.1,16.8,32.6,30.5,29.5
"Gilbert, Tyler",656457,2026,15,13.3,20,".333",".917",".467","1.384",".361",".842",".564",".545",".488","95.3","15.7",60,30,50,12.5,42.1,50,20,30,50,20
"Senga, Kodai",673540,2026,97,23.7,13.4,".313",".542",".412","0.954",".247",".400",".420",".339",".355","89.1","19.1",43.3,10,40,29,46,41.7,23.3,31.7,31.7,31.7
"Boyle, Joe",671212,2026,66,24.2,9.1,".190",".328",".262","0.590",".261",".412",".261",".329",".330","87.3","19.4",43.2,4.7,43.2,26.4,46,34.1,22.7,40.9,22.7,20.5
"Rodriguez, Carlos",692230,2026,17,29.4,0,".294",".529",".294","0.823",".178",".247",".357",".183",".178","85.2","24",25,0,25,36.8,56.7,50,33.3,33.3,41.7,16.7
"Hiraldo, Yaramil",682274,2026,12,16.7,33.3,".375","1.125",".583","1.708",".293",".728",".657",".519",".528","92.7","34.1",66.7,33.3,66.7,38.9,38.3,50,16.7,0,66.7,33.3
"Kilian, Caleb",668873,2026,64,28.1,12.5,".148",".259",".266","0.525",".196",".321",".235",".273",".306","86.7","14.4",29.7,5.4,35.1,31.8,47.4,29.7,27,45.9,29.7,13.5
"Orze, Eric",679358,2026,72,22.2,11.1,".258",".339",".333","0.672",".221",".328",".305",".285",".304","87.3","18.5",31.3,6.3,33.3,25.4,44.4,37.5,22.9,41.7,18.8,25
"Abel, Mick",690953,2026,93,24.7,10.8,".275",".350",".376","0.726",".274",".413",".334",".351",".375","87.7","14.6",42.1,5.3,40.4,28.8,49.6,38.6,26.3,40.4,24.6,28.1
"Gordon, Tanner",685299,2026,61,27.9,6.6,".291",".618",".339","0.957",".241",".530",".406",".343",".293","90.2","25.3",40,20,35,31.3,48.9,40,37.5,30,32.5,22.5
"Alexander, Tyler",641302,2026,73,16.4,6.8,".292",".369",".347","0.716",".244",".329",".324",".284",".304","86.8","14.1",25.5,1.8,27.3,12.1,44.9,40,27.3,43.6,30.9,18.2
"Espada, Jose",664744,2026,4,0,0,".500",".500",".500","1.000",".364",".412",".451",".340",".364","95.4","12.2",0,0,50,14.3,46.7,75,25,50,25,25
"Raquet, Nick",675919,2026,14,7.1,14.3,".273",".636",".429","1.065",".327",".533",".458",".443",".472","88.5","20.5",50,10,30,4,39.1,30,30,20,50,20
"Thielbar, Caleb",573204,2026,37,29.7,10.8,".182",".364",".270","0.634",".167",".326",".275",".250",".257","87.9","21.5",36.4,9.1,31.8,26.1,54.3,40.9,18.2,22.7,40.9,18.2
"Horton, Cade",690990,2026,26,15.4,7.7,".167",".292",".231","0.523",".249",".321",".238",".283",".309","85.8","4.3",25,5.3,35,23.3,46.7,25,35,55,15,30
"Montero, Keider",672456,2026,133,18.8,5.3,".216",".368",".256","0.624",".226",".368",".275",".282",".271","91","21",34.7,8,43.6,19.2,46.2,36.6,27.7,33.7,31.7,21.8
"Estrada, Lazaro",681751,2026,14,21.4,14.3,".000",".000",".143","0.143",".212",".248",".101",".274",".324","76.8","6.9",44.4,0,22.2,23.5,51.5,66.7,22.2,55.6,0,33.3
"Painter, Andrew",691725,2026,133,21.1,6.8,".308",".442",".356","0.798",".262",".409",".353",".318",".316","87.5","19.3",33.7,6.3,32.6,20.9,48.4,35.8,27.4,35.8,25.3,25.3
"Brubaker, JT",664141,2026,74,17.6,14.9,".258",".371",".365","0.736",".301",".436",".336",".371",".401","87.2","15",42,6,30,26.9,45.1,42,18,38,22,32
"Bubic, Kris",663460,2026,163,25.8,11.7,".189",".308",".288","0.596",".224",".376",".276",".311",".320","88.3","13.6",39.6,8,34.7,28.9,47.2,40.6,18.8,42.6,30.7,21.8
"Alvarez, Andrew",674841,2026,16,31.3,0,".250",".375",".250","0.625",".238",".324",".273",".243",".238","82.2","10.5",45.5,9.1,27.3,21.2,53.2,45.5,27.3,54.5,9.1,27.3
"Herrin, Tim",682120,2026,46,10.9,13,".216",".243",".326","0.569",".190",".261",".264",".261",".310","82.6","17.1",17.6,2.9,20.6,27.6,45.1,52.9,20.6,47.1,23.5,8.8
"Fernandez, Ryan",681676,2026,26,34.6,7.7,".292",".333",".346","0.679",".232",".272",".312",".258",".291","82","1.4",26.7,0,33.3,41.7,52.7,33.3,26.7,53.3,20,20
"Dotel, Wilber",696062,2026,25,16,12,".091",".227",".200","0.427",".196",".360",".204",".294",".292","92.3","14",11.1,5.6,50,25,44.9,33.3,27.8,50,44.4,0
"Backhus, Kyle",679775,2026,41,24.4,2.4,".275",".425",".293","0.718",".230",".388",".317",".274",".249","88.1","6.9",26.7,6.9,30,16.7,44.7,36.7,30,53.3,16.7,23.3
"Alvarado, José",621237,2026,60,23.3,10,".353",".431",".441","0.872",".239",".298",".392",".293",".344","85.3","13.9",34.2,0,26.3,32.7,48.1,28.9,23.7,47.4,21.1,26.3
"Barlow, Scott",605130,2026,68,20.6,11.8,".127",".255",".279","0.534",".179",".314",".253",".301",".326","88.1","20.5",33.3,4.8,33.3,36.6,40.6,42.9,21.4,38.1,35.7,19
"Ritchie, JR",702275,2026,75,17.3,16,".226",".435",".360","0.795",".223",".435",".359",".354",".360","89.7","13.2",30.6,8.2,40.8,22.8,40.9,42.9,24.5,40.8,32.7,24.5
"Williams, Devin",642207,2026,53,34,11.3,".326",".457",".404","0.861",".220",".347",".386",".298",".310","89.5","16.2",37.9,10.3,34.5,38.5,50,58.6,17.2,37.9,27.6,27.6
"Armstrong, Shawn",542888,2026,47,27.7,14.9,".205",".410",".340","0.750",".196",".446",".341",".343",".333","90.9","23.6",34.6,11.5,50,26.5,41.5,26.9,46.2,34.6,30.8,19.2
"Sabrowski, Erik",681870,2026,57,42.1,10.5,".140",".240",".228","0.468",".164",".306",".219",".260",".260","92.9","25.8",55.6,11.1,37,35.3,47.3,22.2,44.4,14.8,40.7,33.3
"Lopez, Jacob",682052,2026,146,15.8,15.1,".292",".492",".393","0.885",".202",".322",".389",".296",".320","85.9","20.8",29.7,4,29.7,21.1,43.1,36.6,24.8,34.7,33.7,15.8
"Anderson, Grant",681982,2026,64,23.4,9.4,".207",".414",".281","0.695",".229",".385",".301",".297",".301","88.7","12.7",34.9,9.3,46.5,22.6,50.4,48.8,14,51.2,23.3,20.9
"Gaddis, Hunter",683769,2026,31,22.6,12.9,".385",".615",".452","1.067",".250",".384",".458",".321",".339","90.3","12.5",25,5,35,33.3,47.1,70,5,50,25,20
"Hoppe, Alex",695380,2026,17,41.2,17.6,".214",".214",".353","0.567",".249",".361",".284",".341",".381","100.3","-1.4",42.9,14.3,85.7,40,40,42.9,0,42.9,14.3,42.9
"Morgan, Eli",669212,2026,45,20,13.3,".205",".385",".311","0.696",".294",".464",".315",".375",".390","88.5","20",30,3.3,46.7,20.8,43.1,46.7,3.3,33.3,23.3,33.3
"Tolle, Payton",801139,2026,67,34.3,9,".117",".200",".209","0.409",".157",".242",".197",".228",".245","90.8","22.5",21.6,8.1,43.2,29.8,49.6,43.2,27,29.7,29.7,24.3
"Latz, Jacob",656641,2026,62,24.2,4.8,".085",".169",".129","0.298",".145",".285",".138",".207",".186","90.1","19.4",15.9,6.8,45.5,27,45.4,40.9,25,43.2,34.1,6.8
"Williams, Gavin",668909,2026,198,30.3,10.6,".188",".369",".278","0.647",".225",".432",".292",".326",".312","92","9.5",31,14.9,48.2,29.4,46.2,44.8,22.4,47.4,24.1,21.6
"Cornelio, Riley",683000,2026,12,8.3,33.3,".400",".400",".545","0.945",".241",".646",".421",".425",".474","90.9","38.8",14.3,14.3,42.9,14.3,33.3,14.3,14.3,42.9,57.1,0
"Funderburk, Kody",681892,2026,58,13.8,17.2,".174",".239",".345","0.584",".269",".392",".292",".373",".421","87.9","9.2",28.9,5.3,34.2,13.3,38.2,42.1,23.7,50,21.1,21.1
"Miller, Erik",669062,2026,48,35.4,12.5,".190",".262",".292","0.554",".163",".216",".262",".232",".268","85.6","2.6",32,4,28,32.6,36.6,32,32,56,12,20
"Woods Richardson, Simeon",680573,2026,161,10.6,8.7,".324",".552",".388","0.940",".275",".473",".411",".356",".343","90.6","18.3",29.5,9.3,43.4,15.9,45.8,39.5,24.8,40.3,27.9,20.9
"Rodriguez, Bradgley",699134,2026,67,17.9,7.5,".217",".267",".273","0.540",".208",".272",".241",".236",".265","86.7","7.1",14,2,32,30.1,51.2,42,20,60,12,18
"Nelson, Ryne",669194,2026,143,19.6,9.1,".248",".496",".317","0.813",".271",".537",".352",".372",".338","91.2","20",37.6,12.9,48.5,23.9,52,30.7,28.7,26.7,38.6,25.7
"Garcia, Brandyn",805299,2026,9,44.4,0,".000",".000",".000","0.000",".134",".236",".000",".155",".134","94.4","8.4",60,0,40,30.8,41.9,40,40,40,40,20
"Banda, Anthony",607455,2026,70,20,7.1,".267",".483",".362","0.845",".227",".376",".376",".318",".328","88.7","5.7",29.8,8.5,36.2,24.8,45.3,38.3,23.4,53.2,23.4,21.3
"Patrick, Chad",694477,2026,134,14.9,11.9,".252",".383",".341","0.724",".265",".416",".324",".337",".352","90.5","20.7",35.7,9.2,43.9,23,45.6,31.6,36.7,32.7,28.6,27.6
"Bigge, Hunter",685801,2026,47,21.3,17,".128",".282",".277","0.559",".212",".349",".256",".309",".346","87.8","19.1",44.8,6.9,31,34.2,40.1,48.3,17.2,37.9,34.5,13.8
"Martin, Corbin",656686,2026,22,18.2,22.7,".118",".294",".318","0.612",".202",".368",".296",".348",".383","91.5","26.8",23.1,7.7,53.8,37.5,48,23.1,38.5,30.8,23.1,23.1
"Gray, Peyton",682608,2026,27,18.5,18.5,".190",".238",".346","0.584",".269",".527",".273",".395",".410","91.7","26.5",35.3,11.8,47.1,24.5,49.5,29.4,17.6,29.4,17.6,29.4
"McGreevy, Michael",700241,2026,147,16.3,5.4,".201",".345",".245","0.590",".288",".543",".263",".372",".327","87.6","12.3",34.8,11.4,34.8,17.1,43.7,31.3,23.5,44.3,25.2,24.3
"Rodríguez, Elmer",695684,2026,44,11.4,18.2,".303",".333",".455","0.788",".298",".398",".376",".414",".464","87.8","10.4",34.5,6.9,37.9,29.9,38.5,34.5,34.5,44.8,20.7,31
"Gerber, Joey",680702,2026,9,55.6,11.1,".250",".375",".333","0.708",".212",".271",".321",".264",".299","98","24.3",66.7,0,66.7,27.3,46.8,66.7,0,0,33.3,66.7
"Canning, Griffin",656288,2026,19,36.8,15.8,".188",".375",".316","0.691",".169",".422",".316",".320",".300","92.6","6.4",33.3,22.2,55.6,51.6,42.5,33.3,11.1,55.6,44.4,0
"Nance, Tommy",667297,2026,67,29.9,9,".217",".300",".288","0.588",".238",".358",".271",".298",".308","87.3","9.5",34.1,4.9,36.6,25.4,47.7,34.1,29.3,46.3,22,26.8
"Brazobán, Huascar",623211,2026,63,20.6,4.8,".186",".271",".238","0.509",".227",".308",".234",".263",".276","85.4","6.7",21.7,2.2,28.3,27.7,53.7,50,10.9,56.5,19.6,15.2
"Rashi, Taylor",688497,2026,15,26.7,6.7,".214",".429",".267","0.696",".257",".444",".306",".327",".306","85.3","7",30,10,40,43.3,66.7,40,20,50,30,20
"Wolfram, Grant",664991,2026,58,34.5,1.7,".315",".500",".362","0.862",".234",".316",".373",".264",".287","90.2","6.2",41.2,5.9,47.1,29.5,48.8,35.3,26.5,52.9,14.7,32.4
"Festa, Matt",670036,2026,72,20.8,5.6,".227",".439",".278","0.717",".203",".391",".313",".280",".255","86.9","27.6",34.6,7.7,36.5,27.4,46.6,42.3,26.9,26.9,32.7,23.1
"Barco, Hunter",682995,2026,60,13.3,15,".292",".542",".417","0.959",".289",".471",".419",".391",".417","89.4","12.6",31.7,7.5,43.9,15.2,39.7,39,29.3,48.8,22,17.1
"Vest, Will",676684,2026,52,25,11.5,".239",".326",".327","0.653",".204",".342",".302",".289",".298","89.7","-1.6",18.2,6.3,33.3,30.1,44.8,42.4,33.3,66.7,18.2,15.2
"Burrows, Mike",681347,2026,169,21.3,7.7,".318",".519",".379","0.898",".244",".393",".396",".311",".311","87.6","15.2",35.6,6.8,33.9,26.3,49.1,40.7,27.1,39.8,27.1,25.4
"Ashby, Aaron",676879,2026,92,37,14.1,".215",".304",".326","0.630",".180",".258",".296",".260",".296","88.2","6.5",24.4,6.7,37.8,37.2,39.1,26.7,28.9,55.6,20,22.2
"Littell, Zack",641793,2026,150,11.3,8,".299",".612",".349","0.961",".321",".617",".409",".431",".379","93.8","18.9",34.7,14,47.1,12.6,47.9,42.1,22.3,36.4,35.5,19.8
"Walker, Ryan",676254,2026,61,21.3,11.5,".269",".385",".356","0.741",".242",".354",".323",".295",".332","83.9","3.4",26.8,4.9,31.7,17.2,41.3,31.7,24.4,53.7,29.3,14.6
"Kimbrel, Craig",518886,2026,30,30,10,".269",".385",".333","0.718",".263",".334",".304",".282",".328","90.7","17.1",38.9,0,33.3,29.1,52.4,27.8,27.8,22.2,38.9,38.9
"Valdez, Framber",664285,2026,195,17.9,7.7,".261",".386",".333","0.719",".257",".410",".326",".328",".330","90.5","8.2",28.4,6.5,44.7,21.6,49.4,52.5,22,53.2,23.4,20.6
"Garcia, Robert",676395,2026,34,17.6,20.6,".185",".222",".353","0.575",".239",".310",".289",".335",".395","88.8","9.2",23.8,0,33.3,30.6,40.5,28.6,28.6,57.1,23.8,14.3
"Milner, Hoby",571948,2026,65,7.7,7.7,".190",".293",".277","0.570",".263",".443",".266",".347",".343","87.3","13.5",28.3,5.7,32.1,11.4,43.6,32.1,26.4,43.4,24.5,22.6
"Kirby, George",669923,2026,204,19.1,5.9,".237",".326",".289","0.615",".221",".321",".280",".267",".275","88.9","9.6",20.5,4,39.1,19.9,52.3,30.5,27.8,57.6,25.8,10.6
"Lange, Alex",656638,2026,67,28.4,14.9,".250",".429",".373","0.802",".231",".425",".363",".350",".358","91.4","11.4",43.2,18.9,45.9,33.8,46.5,51.4,13.5,35.1,32.4,32.4
"Lynch IV, Daniel",663738,2026,55,32.7,7.3,".100",".200",".182","0.382",".165",".311",".182",".248",".241","86","7.6",37.5,9.4,31.3,36.4,46.9,43.8,18.8,43.8,34.4,18.8
"Matz, Steven",571927,2026,149,18.8,8.7,".209",".388",".282","0.670",".268",".452",".298",".342",".335","88.8","15.3",43,11.2,37.4,24.4,49.1,29.9,28,38.3,26.2,28
"Avila, Luinder",679883,2026,44,20.5,9.1,".400",".650",".455","1.105",".317",".582",".479",".412",".379","91.4","9",38.7,12.9,48.4,23.7,42.7,29,19.4,41.9,32.3,25.8
"Henry, Cole",669371,2026,35,22.9,14.3,".276",".448",".400","0.848",".231",".361",".383",".334",".363","89.6","28.4",28.6,4.8,38.1,23.8,45.7,42.9,23.8,23.8,42.9,19
"Nikhazy, Doug",680951,2026,9,11.1,22.2,".143",".143",".333","0.476",".190",".208",".257",".293",".370","89","-8.3",0,0,33.3,33.3,30.8,100,0,83.3,16.7,0
"Shugart, Chase",663767,2026,42,21.4,4.8,".237",".316",".310","0.626",".219",".322",".290",".280",".293","86.7","10.3",17.2,3.4,34.5,20,41.1,37.9,20.7,51.7,27.6,13.8
"Schlittler, Cam",693645,2026,181,29.3,5,".187",".251",".228","0.479",".219",".340",".219",".263",".258","87.7","11",29.4,6.7,41.2,29.8,56.6,36.1,26.1,50.4,23.5,19.3
"Imanaga, Shota",684007,2026,159,27,6.3,".169",".304",".220","0.524",".214",".350",".234",".269",".263","89.7","18.6",35.8,8.5,41.5,31.7,50.9,43.4,24.5,35.8,32.1,22.6
"López, Reynaldo",625643,2026,106,21.7,11.3,".228",".402",".321","0.723",".249",".420",".324",".336",".340","86","15.5",35.7,7.2,35.7,20.4,43.2,37.1,30,35.7,27.1,28.6
"Ponce, Cody",664074,2026,10,30,10,".111",".222",".200","0.422",".177",".277",".199",".244",".259","87.9","6.1",33.3,0,33.3,51.7,61.7,50,33.3,50,16.7,33.3
"Higgins, P.J.",664731,2026,3,33.3,0,".000",".000",".000","0.000",".030",".045",".000",".034",".030","78","55.1",0,0,0,40,50,50,0,0,50,0
"Harris, Hogan",663687,2026,88,21.6,18.2,".214",".329",".364","0.693",".197",".316",".322",".310",".351","85.8","16.3",23.1,5.8,23.1,25,42.9,23.1,36.5,50,19.2,13.5
"Lambert, Peter",663567,2026,93,24.7,11.8,".188",".237",".301","0.538",".205",".315",".261",".291",".316","88.8","11.4",29.8,5.3,42.1,29,48,35.1,29.8,45.6,26.3,24.6
"Abner, Philip",691769,2026,8,12.5,12.5,".143",".143",".250","0.393",".167",".234",".201",".238",".271","83.6","6.2",50,0,16.7,9.1,32.4,33.3,0,50,16.7,33.3
"Yarbrough, Ryan",642232,2026,46,17.4,8.7,".200",".325",".304","0.629",".197",".276",".282",".260",".301","86.3","24.3",40.6,3.1,21.9,20.3,44.3,43.8,25,28.1,31.3,28.1
"De Jesus, Enmanuel",646241,2026,62,22.6,12.9,".358",".453",".443","0.896",".283",".391",".403",".346",".377","91.4","15.2",42.5,5,40,19.2,43.2,32.5,37.5,35,25,35
"Blubaugh, AJ",805123,2026,97,20.6,13.4,".228",".443",".333","0.776",".211",".400",".341",".334",".329","90.7","20.6",38.1,11.1,36.5,29.9,47.6,46,25.4,33.3,38.1,19
"Soriano, George",666277,2026,66,19.7,13.6,".164",".255",".288","0.543",".214",".389",".253",".324",".339","90.3","13.7",20.9,9.3,37.2,28.5,48.7,44.2,23.3,53.5,23.3,14
"Flaherty, Jack",656427,2026,141,22.7,17.7,".248",".440",".403","0.843",".225",".407",".382",".360",".386","90.7","23.3",33.8,10.1,46.3,25,39.1,43.8,27.5,33.8,27.5,23.8
"Mize, Casey",663554,2026,128,27.3,8.6,".228",".368",".297","0.665",".222",".369",".298",".295",".295","88.3","13.1",30.9,8.6,42,28.3,46.3,40.7,22.2,39.5,28.4,24.7
"Sterner, Justin",686993,2026,79,25.3,7.6,".278",".444",".333","0.777",".218",".325",".341",".264",".278","91.9","9.3",28.3,7.5,47.2,28,51.3,39.6,20.8,52.8,30.2,15.1
"King, Bryan",687911,2026,69,21.7,7.2,".262",".344",".348","0.692",".229",".286",".314",".276",".320","89","12.8",26.1,0,37,21.5,49.4,47.8,23.9,50,13,26.1
"Sims, Lucas",608371,2026,46,21.7,15.2,".257",".400",".386","0.786",".220",".356",".358",".332",".363","86.8","12.3",28.6,7.1,39.3,21.6,43.3,53.6,14.3,42.9,25,21.4
"Roupp, Landen",694738,2026,159,27,10.1,".186",".243",".278","0.521",".208",".256",".249",".260",".299","85.5","8.5",34.7,0,23.5,25.7,43,40.8,23.5,55.1,14.3,25.5
"Paez, Jedixson",699151,2026,16,0,18.8,".333",".833",".438","1.271",".352",".786",".505",".494",".453","95.3","23.5",23.1,23.1,46.2,16.7,46.2,30.8,30.8,30.8,53.8,7.7
"Holderman, Colin",670059,2026,45,24.4,4.4,".140",".209",".178","0.387",".229",".399",".178",".286",".264","86.2","11.5",31.3,12.5,50,25,46.3,28.1,21.9,46.9,21.9,21.9
"Junk, Janson",676083,2026,155,17.4,5.2,".221",".331",".266","0.597",".243",".372",".269",".290",".287","89.9","10.8",27.1,4.2,40.7,20.2,50.2,42.4,18.6,51.7,19.5,18.6
"France, J.P.",641585,2026,31,12.9,16.1,".240",".400",".387","0.787",".293",".534",".363",".422",".430","89.9","17.4",23.8,14.3,42.9,15.1,45.3,42.9,14.3,47.6,33.3,14.3
"Rolison, Ryan",669020,2026,32,31.3,6.3,".200",".367",".250","0.617",".206",".316",".274",".254",".256","91.6","19.3",40,5,40,12.7,44,45,25,40,35,20
"Watson, Ryan",670245,2026,96,15.6,8.3,".294",".482",".368","0.850",".301",".556",".378",".400",".375","89.8","14.1",35.2,14.3,40.8,22.9,46.1,45.1,28.2,45.1,21.1,23.9
"Ashcraft, Braxton",677952,2026,165,27.3,8.5,".211",".340",".280","0.620",".190",".302",".280",".260",".266","89.6","13.8",28.6,6.7,35.2,30.1,47.4,29.5,27.6,50.5,26.7,15.2
"Klassen, George",691946,2026,32,18.8,31.3,".318",".545",".531","1.076",".305",".567",".479",".474",".522","89.6","-0.5",50,25,50,33.9,40.7,37.5,12.5,56.3,18.8,25
"Messick, Parker",800048,2026,156,28.2,6.4,".193",".303",".250","0.553",".220",".330",".252",".270",".275","86","14.2",33.7,5,26.7,27,49.4,38.6,30.7,49.5,20.8,18.8
"Raley, Brooks",548384,2026,49,32.7,8.2,".159",".227",".229","0.456",".219",".399",".204",".291",".284","89","16.8",44.8,10.3,34.5,28.7,43,41.4,13.8,37.9,27.6,27.6
"Bradley, Taj",671737,2026,199,26.1,8.5,".219",".365",".293","0.658",".234",".395",".296",".312",".308","92.5","17.7",44.5,10.2,45.3,26.8,45.9,39.8,27.3,34.4,31.3,25.8
"Manaea, Sean",640455,2026,103,22.3,9.7,".292",".494",".373","0.867",".270",".471",".381",".359",".354","90.4","19.3",41.2,13.2,39.7,21.8,46.9,45.6,23.5,33.8,27.9,29.4
"Soto, Gregory",642397,2026,63,36.5,9.5,".107",".179",".206","0.385",".151",".217",".190",".221",".246","82.5","13.5",24.2,3,24.2,28.4,41.4,39.4,27.3,45.5,24.2,12.1
"Brown, Hunter",686613,2026,43,39.5,14,".135",".162",".256","0.418",".132",".183",".212",".216",".253","85.6","11.2",30,0,30,26,40.6,40,30,50,25,20
"Martinez, Nick",607259,2026,168,16.7,6,".212",".308",".257","0.565",".256",".421",".255",".313",".299","86.7","15.6",30,6.9,29.2,17.5,48.6,44.6,20.8,40,30,20.8
"Schultz, Paxton",687606,2026,56,21.4,3.6,".231",".404",".273","0.677",".265",".516",".299",".351",".305","89.9","20.1",37.5,12.5,35,20.5,42.5,35,35,35,42.5,17.5
"Martin, Davis",663436,2026,169,25.4,4.7,".233",".340",".278","0.618",".274",".426",".278",".324",".317","90.9","14.1",39.7,7.8,45.7,25.2,50,38.8,20.7,38.8,19.8,34.5
"Casparius, Ben",676508,2026,23,17.4,17.4,".316",".474",".435","0.909",".280",".466",".409",".386",".405","88.8","20",40,13.3,26.7,35,40.4,46.7,33.3,26.7,53.3,20
"Lugo, Seth",607625,2026,174,21.3,7.5,".256",".356",".310","0.666",".262",".420",".300",".320",".315","90.2","16.4",39.5,8.1,37.1,19.5,50.1,37.1,24.2,40.3,25.8,26.6
"Henderson, Logan",701656,2026,30,36.7,3.3,".207",".310",".233","0.543",".176",".222",".240",".191",".204","84.3","21.1",33.3,0,22.2,23.4,57.7,44.4,16.7,27.8,33.3,33.3
"Madden, Ty",680744,2026,20,35,0,".200",".200",".200","0.400",".176",".200",".180",".166",".176","84.3","3",7.7,0,23.1,28.9,46.9,46.2,23.1,69.2,15.4,7.7
"Bazardo, Eduard",660825,2026,61,19.7,8.2,".200",".273",".262","0.535",".222",".337",".245",".275",".284","89.7","23",38.6,6.8,40.9,19,43,25,27.3,29.5,22.7,34.1
"Wheeler, Zack",554430,2026,43,32.6,11.6,".162",".243",".256","0.499",".155",".247",".234",".250",".260","88.7","12.8",25,8.3,33.3,32.2,50.6,50,29.2,54.2,20.8,16.7
"Roberts, Ethan",681799,2026,10,20,0,".125",".125",".300","0.425",".269",".335",".238",".357",".415","98","9.4",33.3,0,66.7,16.7,41.9,50,0,50,16.7,33.3
"Morillo, Juan",666661,2026,61,31.1,6.6,".161",".250",".213","0.463",".156",".260",".210",".210",".209","86.8","9.7",26.3,5.4,34.2,33.6,49.8,26.3,36.8,55.3,23.7,13.2
"Eovaldi, Nathan",543135,2026,173,22.5,5.8,".269",".463",".318","0.781",".262",".443",".343",".330",".314","90.7","10.2",32.8,8.2,47.5,30,53.7,48.4,13.9,50.8,25.4,19.7
"Ashcraft, Graham",668933,2026,71,26.8,16.9,".186",".288",".324","0.612",".188",".272",".285",".284",".336","90.3","9.5",22.5,5.7,40,31.6,47.1,50,17.5,60,20,20
"Vesia, Alex",681911,2026,48,33.3,12.5,".095",".143",".208","0.351",".187",".279",".178",".264",".288","85.7","25.1",34.6,7.7,30.8,34.4,45.1,23.1,42.3,19.2,50,23.1
"Fernández, Julian",642759,2026,18,16.7,11.1,".200",".400",".278","0.678",".204",".414",".294",".302",".286","91.2","28.2",23.1,7.7,53.8,27.6,40.8,38.5,23.1,30.8,61.5,0
"Topa, Justin",623437,2026,67,13.4,9,".317",".500",".373","0.873",".300",".510",".383",".374",".361","90.7","7.7",30.8,10,38.5,10.7,44.8,26.9,17.3,53.8,23.1,21.2
"Kolek, Stephen",663568,2026,22,13.6,0,".182",".318",".182","0.500",".296",".395",".217",".298",".296","91.9","16.2",36.8,5.3,52.6,5.6,43.4,36.8,26.3,42.1,26.3,26.3
"May, Dustin",669160,2026,155,16.1,5.8,".331",".479",".381","0.860",".280",".397",".381",".323",".334","89.4","12",36.4,4.3,45.8,15.4,46,31.4,26.3,44.1,17.8,29.7
"Maxwell, Zach",687209,2026,8,12.5,25,".500","1.500",".625","2.125",".505","1.224",".809",".720",".629","98.1","20.3",80,40,60,16.7,42.9,40,20,0,40,60
"Montgomery, Mason",682254,2026,58,37.9,12.1,".216",".314",".310","0.624",".214",".342",".290",".295",".309","91.3","15.9",24.1,10.3,48.3,34.2,51.3,41.4,20.7,37.9,24.1,27.6
"De los Santos, Yerry",660787,2026,9,11.1,22.2,".429",".857",".556","1.413",".252",".299",".589",".347",".418","88.1","-10.5",16.7,0,16.7,0,40.9,50,0,83.3,16.7,0
"Rasmussen, Drew",656876,2026,147,25.2,4.1,".200",".350",".231","0.581",".237",".393",".256",".285",".266","87.5","7.9",26.9,10.6,34.6,23.1,48.8,46.2,16.3,51,24,17.3
"Kerkering, Orion",689147,2026,54,16.7,11.1,".196",".348",".302","0.650",".142",".214",".297",".227",".255","80.5","25.6",21.1,5.3,18.4,19.8,46.8,39.5,28.9,31.6,39.5,15.8
"Muñoz, Rolddy",691548,2026,12,25,8.3,".455",".727",".500","1.227",".315",".639",".533",".429",".372","94.2","-5.9",25,25,62.5,33.3,42.9,37.5,25,75,25,0
"Civale, Aaron",650644,2026,158,17.1,6.3,".271",".410",".318","0.728",".263",".429",".320",".324",".317","91.6","19.6",34.5,6.7,49.6,18.9,44.5,46.2,21.8,29.4,34.5,27.7
"Holton, Tyler",663947,2026,70,15.7,11.4,".328",".443",".414","0.857",".318",".430",".388",".373",".407","90.7","7.4",38,6.1,44,21.9,45.4,40,18,48,14,34
"Chapman, Aroldis",547973,2026,44,31.8,6.8,".175",".275",".250","0.525",".239",".433",".243",".325",".308","93.6","18.3",30.8,19.2,50,36.1,49.4,30.8,19.2,30.8,42.3,26.9
"Suárez, Albert",544150,2026,66,13.6,13.6,".196",".393",".303","0.696",".236",".438",".312",".348",".342","90.7","26.7",39.6,8.3,39.6,21.8,46.3,35.4,35.4,22.9,35.4,27.1
"Ribalta, Orlando",687377,2026,15,20,13.3,".154",".231",".267","0.498",".139",".190",".240",".219",".254","77.3","21.9",10,0,20,25.6,56.6,30,30,40,20,10
"Webb, Logan",657277,2026,208,20.2,7.2,".275",".413",".338","0.751",".280",".419",".336",".336",".343","90.9","2.8",31.3,6.8,49,20.4,48.3,37.4,20.4,58.5,14.3,25.2
"Varland, Louis",686973,2026,67,43.3,7.5,".213",".246",".269","0.515",".164",".190",".239",".196",".225","86.6","2.8",21.2,0,30.3,32.9,49.3,15.2,18.2,57.6,21.2,18.2
"Chivilli, Angel",683409,2026,13,23.1,23.1,".222",".667",".462","1.129",".144",".482",".478",".395",".407","82.9","18.5",33.3,16.7,33.3,35,33.3,50,0,50,33.3,0
"Jansen, Kenley",445276,2026,37,27,13.5,".250",".531",".351","0.882",".260",".460",".386",".359",".360","87.4","21.3",50,13.6,31.8,27.8,45.3,27.3,27.3,18.2,45.5,31.8
"Johnson, Ryan",696270,2026,21,9.5,19,".438",".688",".524","1.212",".290",".399",".509",".362",".412","93.7","26",33.3,0,60,26.2,52.5,40,20,26.7,40,26.7
"Pallette, Peyton",688883,2026,67,22.4,16.4,".204",".296",".358","0.654",".262",".385",".315",".362",".405","91.6","20.6",41,7.7,38.5,28.1,40.2,35.9,30.8,30.8,20.5,33.3
"Trevino, Jose",624431,2026,24,4.2,4.2,".500",".591",".542","1.133",".403",".596",".505",".453",".453","93","12.3",42.9,14.3,57.1,3.4,49.2,57.1,14.3,38.1,19,42.9
"Rivera, Eduardo",700842,2026,10,30,0,".100",".100",".100","0.200",".196",".224",".090",".187",".196","95.5","12.5",14.3,0,42.9,42.1,46.3,57.1,0,71.4,14.3,0
"McClanahan, Shane",663556,2026,121,24.8,10.7,".196",".262",".283","0.545",".230",".386",".257",".311",".313","88.1","12.1",33.8,10.4,39,27.6,47.5,44.2,23.4,41.6,27.3,24.7
"Schultz, Noah",702273,2026,85,23.5,14.1,".139",".250",".262","0.512",".206",".312",".244",".293",".321","87.9","14.8",35.8,3.8,30.2,23.9,39.9,34,24.5,37.7,22.6,32.1
"Harvey, Hunter",640451,2026,18,22.2,5.6,".294",".647",".333","0.980",".216",".563",".421",".345",".260","93.2","8.9",38.5,23.1,38.5,20,46.1,30.8,46.2,46.2,46.2,7.7
"Peterson, David",656849,2026,159,22,8.8,".297",".420",".361","0.781",".276",".392",".346",".342",".358","90.4","6.2",33.3,5.7,48.1,23.8,48.1,44.4,17.6,55.6,14.8,25.9
"Gibson, Cade",806188,2026,11,9.1,9.1,".556","1.000",".636","1.636",".379",".561",".683",".460",".492","90.8","17.6",37.5,12.5,50,9.5,42,37.5,12.5,37.5,12.5,37.5
"Buehler, Walker",621111,2026,137,21.2,8.8,".276",".382",".350","0.732",".278",".418",".333",".341",".352","90","9.5",39.4,5.3,38.3,21,42.8,41.5,21.3,45.7,20.2,30.9
"Soriano, José",667755,2026,186,29,10.2,".193",".289",".276","0.565",".234",".397",".260",".312",".313","88.6","8.2",33.6,10.7,35.4,33.8,46,44.2,15.9,52.2,26.5,18.6
"Bummer, Aaron",607481,2026,59,18.6,8.5,".294",".588",".362","0.950",".273",".566",".408",".385",".344","92.7","11.6",28.6,14.3,52.4,22.7,50.5,40.5,23.8,52.4,23.8,14.3
"Bachman, Sam",696147,2026,75,28,13.3,".169",".292",".280","0.572",".176",".275",".268",".263",".288","85.3","9.2",27.3,7.1,29.5,34.2,41.8,43.2,25,50,29.5,15.9
"Borucki, Ryan",621366,2026,51,17.6,7.8,".319",".532",".373","0.905",".268",".401",".396",".323",".325","86.8","12.6",18.4,5.3,42.1,28.4,49,44.7,28.9,47.4,26.3,18.4
"Megill, Trevor",656730,2026,53,24.5,9.4,".222",".311",".314","0.625",".215",".386",".290",".310",".308","91.1","15.7",32.4,8.8,41.2,33,48.8,50,17.6,44.1,32.4,17.6
"Sisk, Evan",681895,2026,55,29.1,7.3,".255",".319",".345","0.664",".184",".250",".309",".251",".285","85","12.6",34.4,0,37.5,25.3,41.1,28.1,31.3,37.5,18.8,31.3
"Muñoz, Roddery",682610,2026,25,24,24,".368",".947",".520","1.467",".291",".556",".594",".443",".461","95.5","19.6",38.5,15.4,76.9,43.5,41.1,15.4,23.1,23.1,38.5,30.8
"Cease, Dylan",656302,2026,166,33.7,10.8,".228",".283",".319","0.602",".215",".285",".283",".278",".312","86.9","9.2",33.3,3.4,35.6,36.9,45.9,40,21.1,51.1,12.2,28.9
"Rojas, Kendry",696070,2026,8,0,37.5,".400",".600",".625","1.225",".351",".631",".538",".523",".594","88.2","9.5",60,20,40,18.8,45.7,40,40,60,20,20
"Englert, Mason",669438,2026,60,16.7,6.7,".345",".655",".383","1.038",".344",".701",".433",".441",".382","93.8","21.3",47.8,17.4,54.3,21.2,55.1,45.7,8.7,23.9,37,32.6
"Seabold, Connor",657756,2026,49,22.4,8.2,".286",".476",".347","0.823",".202",".305",".357",".263",".277","87.6","16",36.4,6.1,30.3,25,50,27.3,27.3,42.4,33.3,21.2
"Bachar, Lake",669199,2026,70,28.6,10,".148",".262",".232","0.494",".169",".264",".229",".237",".251","89.3","16.9",28.6,4.8,35.7,36.6,49,45.2,21.4,38.1,33.3,19
"Weathers, Ryan",677960,2026,158,28.5,6.3,".245",".408",".293","0.701",".266",".476",".311",".340",".313","89.3","12.6",33,11.8,42.7,28.1,44.5,33,19.4,41.7,26.2,26.2
"Ureña, Walbert",700712,2026,79,21.5,16.5,".258",".348",".380","0.728",".206",".303",".335",".294",".337","87.4","7.6",20.4,6.1,34.7,24.3,46.2,34.7,22.4,51,22.4,16.3
"Kikuchi, Yusei",579328,2026,142,23.2,9.9,".282",".444",".352","0.796",".258",".446",".351",".341",".335","90.2","15.5",35.1,8.5,42.6,25.9,48.3,43.6,21.3,39.4,24.5,25.5
"Weaver, Luke",596133,2026,58,22.4,6.9,".212",".385",".263","0.648",".248",".449",".284",".320",".296","88.4","16.4",29.3,12.2,31.7,27.4,50.2,41.5,22,46.3,26.8,17.1
"Bird, Jake",656234,2026,49,24.5,6.1,".273",".432",".327","0.759",".223",".377",".334",".289",".283","90.4","6.2",27.3,9.1,39.4,29.9,41.4,45.5,6.1,51.5,18.2,21.2
"Corbin, Patrick",571578,2026,102,19.6,6.9,".270",".404",".337","0.741",".286",".497",".331",".370",".357","89.1","14.5",45.8,11.1,41.7,21,47.4,43.1,16.7,38.9,23.6,30.6
"Stratton, Hunter",676702,2026,3,33.3,0,".333",".333",".333","0.666",".200",".231",".301",".191",".200","94","-4.2",0,0,50,12.5,66.7,50,0,50,0,50
"Headrick, Brent",687396,2026,77,26,7.8,".250",".309",".311","0.620",".247",".343",".279",".285",".309","89.2","17.4",41.2,3.9,37.3,31.5,52,37.3,27.5,37.3,23.5,29.4
"Wrobleski, Justin",680736,2026,143,10.5,7,".197",".235",".259","0.494",".270",".412",".232",".325",".326","88.8","13.5",37.6,6,40.2,12.5,48,35,24.8,40.2,28.2,27.4
"Sewald, Paul",623149,2026,44,34.1,6.8,".150",".425",".209","0.634",".181",".480",".274",".305",".238","92.2","32.6",42.3,15.4,50,30,52.9,38.5,15.4,15.4,53.8,15.4
"Fitzpatrick, Brian",702153,2026,18,11.1,11.1,".375",".438",".444","0.882",".244",".326",".400",".298",".328","80.5","10.8",21.4,7.1,21.4,29,51.7,64.3,14.3,42.9,14.3,28.6
"Ray, Robbie",592662,2026,157,25.5,8.9,".197",".387",".268","0.655",".210",".447",".291",".314",".281","87.4","20.5",37.9,11.9,33,26.5,48.2,30.1,34,30.1,41.7,21.4
"Banks, Tanner",621383,2026,70,22.9,11.4,".355",".468",".429","0.897",".277",".374",".398",".324",".360","85.4","15.4",52.2,2.2,26.1,21.8,51.1,28.3,32.6,34.8,23.9,34.8
"Graceffo, Gordon",700669,2026,71,14.1,9.9,".177",".242",".282","0.524",".294",".524",".252",".394",".384","93.5","7",34.6,9.6,55.8,16.4,43.1,38.5,13.5,48.1,26.9,23.1
"Freeland, Kyle",607536,2026,111,21.6,7.2,".263",".434",".342","0.776",".262",".416",".348",".337",".343","89.9","12.5",25.3,5.4,42.7,26.3,50.8,37.3,21.3,48,24,20
"Teng, Kai-Wei",678906,2026,89,24.7,7.9,".183",".317",".247","0.564",".237",".352",".256",".289",".297","91.3","16.9",31.7,5,38.3,22.2,44.8,43.3,23.3,41.7,26.7,25
"Wells, Tyler",669330,2026,76,23.7,5.3,".261",".435",".307","0.742",".239",".404",".325",".302",".289","89.2","28.5",37.7,5.7,34,30.3,49.1,43.4,17,24.5,30.2,28.3
"Harrison, Kyle",690986,2026,120,29.2,7.5,".222",".315",".300","0.615",".236",".333",".284",".292",".312","88.5","13.2",32.9,5.5,30.1,27.7,51.4,41.1,28.8,41.1,24.7,26
"Shuster, Jared",694363,2026,25,4,12,".227",".318",".320","0.638",".193",".226",".278",".226",".290","88.4","8.9",4.8,0,38.1,5.9,42,28.6,28.6,57.1,33.3,4.8
"Fuentes, Didier",800311,2026,45,26.7,6.7,".231",".333",".289","0.622",".241",".408",".278",".309",".301","91","12.7",31,10.3,37.9,29.1,49.1,20.7,41.4,37.9,37.9,20.7
"Sasaki, Roki",808963,2026,134,19.4,11.2,".287",".557",".383","0.940",".266",".486",".411",".372",".365","90.3","16.7",36.7,12.2,44.4,28.7,46.2,35.6,28.9,38.9,33.3,18.9
"Smith, Cade",671922,2026,65,27.7,6.2,".267",".433",".308","0.741",".252",".411",".318",".304",".297","90.7","15.7",39.5,11.6,43.9,30.2,51,34.9,20.9,34.9,30.2,25.6
"Gausman, Kevin",592332,2026,185,23.2,4.9,".213",".339",".251","0.590",".243",".394",".264",".293",".280","87.7","14.6",33.8,8.3,36.8,27.5,51.5,41.4,24.8,40.6,20.3,28.6
"Little, Brendon",663893,2026,24,25,12.5,".500","1.100",".565","1.665",".300",".601",".686",".408",".392","93.1","1.9",40,13.3,53.3,27.5,43,33.3,13.3,53.3,20,26.7
"Samaniego, Tyler",701719,2026,45,17.8,11.1,".211",".237",".318","0.555",".249",".368",".270",".326",".352","90.2","12",22.6,3.2,38.7,15.9,39.4,41.9,25.8,54.8,22.6,16.1
"Gómez, Yoendrys",672782,2026,82,15.9,12.2,".275",".522",".370","0.892",".301",".568",".382",".413",".399","88.9","28.2",41.4,14,43.1,20.4,47.7,43.1,27.6,22.4,34.5,22.4
"Sands, Cole",663485,2026,50,22,8,".273",".477",".327","0.804",".254",".449",".349",".327",".310","94.4","14.1",31.4,8.6,51.4,24.4,47.5,40,20,45.7,31.4,22.9
"Crow, Coleman",689441,2026,21,19,4.8,".211",".368",".238","0.606",".262",".408",".257",".334",".324","88.5","18.5",37.5,12.5,31.3,7.7,50.6,37.5,18.8,43.8,25,12.5
"Romano, Jordan",605447,2026,42,28.6,14.3,".314",".514",".429","0.943",".225",".360",".419",".328",".354","88.9","16.7",43.5,8.7,43.5,32.5,40.1,47.8,21.7,34.8,21.7,30.4
"Bednar, David",670280,2026,71,25.4,7,".281",".375",".338","0.713",".219",".281",".314",".256",".285","86.2","3.6",21.3,2.1,36.2,27.2,50.5,55.3,12.8,59.6,17,17
"Bowlan, Jonathan",680742,2026,39,23.1,7.7,".324",".412",".359","0.771",".226",".310",".337",".274",".291","87.2","14.3",29.6,3.7,33.3,28.2,44.8,37,22.2,40.7,33.3,22.2
"Myers, Tobias",668964,2026,83,19.3,4.8,".190",".291",".229","0.520",".236",".328",".229",".260",".273","88.7","16.8",20.6,3.2,36.5,20.5,50.7,31.7,28.6,42.9,23.8,20.6
"Fedde, Erick",607200,2026,155,15.5,8.4,".219",".423",".292","0.715",".236",".419",".316",".319",".309","89.2","16.6",31.3,9.6,38.3,16.6,44.5,30.4,26.1,39.1,32.2,21.7
"Hoffmann, Andrew",694851,2026,59,20.3,13.6,".333",".583",".431","1.014",".243",".399",".439",".338",".357","89.9","18.1",29.7,8.1,43.2,19.1,38.7,40.5,32.4,35.1,29.7,27
"Woodford, Jake",663765,2026,73,19.2,4.1,".300",".371",".329","0.700",".330",".472",".315",".361",".358","90.8","15.1",51.8,7.1,50,21.5,47.5,26.8,21.4,37.5,21.4,35.7
"Oviedo, Johan",670912,2026,18,16.7,5.6,".400",".933",".444","1.377",".338",".767",".554",".485",".402","92.4","16.4",38.5,23.1,61.5,13.5,51.4,53.8,15.4,46.2,38.5,7.7
"Hancock, Emerson",676106,2026,159,28.9,3.8,".225",".404",".264","0.668",".232",".431",".295",".303",".272","89.8","12.9",28.6,10.7,40,24.7,54.4,48.6,19,46.7,27.6,17.1
"Javier, Cristian",664299,2026,48,8.3,18.8,".351",".541",".500","1.041",".290",".445",".465",".407",".453","89.6","24.1",33.3,12.1,36.4,22,46.6,45.5,33.3,33.3,39.4,18.2
"Hurt, Kyle",669165,2026,29,37.9,3.4,".111",".111",".172","0.283",".154",".182",".143",".186",".213","87.4","20.2",31.3,0,12.5,45.3,57.6,43.8,18.8,37.5,25,25
"Aldegheri, Sam",691951,2026,26,7.7,11.5,".273",".409",".346","0.755",".352",".592",".335",".423",".414","90.7","24.2",52.4,14.3,38.1,23.4,46.1,42.9,14.3,19,38.1,33.3
"Imai, Tatsuya",837227,2026,44,29.5,25,".219",".250",".432","0.682",".181",".222",".346",".321",".404","85.8","5.9",31.6,0,36.8,35.1,36.1,42.1,26.3,57.9,10.5,21.1
"Cabrera, Edward",665795,2026,171,21.6,8.2,".255",".386",".318","0.704",".255",".416",".315",".324",".320","91.7","11.6",36.1,12.6,39.5,27.2,48.5,49.6,25.2,44.5,21.8,28.6
"Ginkel, Kevin",656464,2026,62,29,6.5,".224",".328",".274","0.602",".216",".325",".272",".263",".267","90.1","9.7",25,7.5,42.5,29.4,48.2,50,22.5,52.5,20,20
"Anderson, Drew",623454,2026,84,26.2,11.9,".222",".417",".325","0.742",".225",".398",".329",".318",".329","90.8","10.9",31.4,10,45.1,30.1,46.8,37.3,33.3,49,19.6,19.6
"Baker, Bryan",641329,2026,53,28.3,5.7,".180",".300",".226","0.526",".177",".244",".237",".211",".223","84.8","13.8",22.9,2.9,25.7,35.7,50.7,51.4,28.6,48.6,17.1,22.9
"Faucher, Calvin",676534,2026,60,25,20,".191",".255",".356","0.611",".242",".386",".294",".352",".397","92.4","7.6",39.4,9.1,54.5,29.2,38.7,27.3,33.3,48.5,21.2,30.3
"Buttó, José",676130,2026,16,31.3,25,".500","1.083",".625","1.708",".319",".689",".686",".496",".489","84.2","10.8",42.9,14.3,42.9,40.9,34.9,42.9,14.3,14.3,42.9,42.9
"Winn, Cole",668390,2026,60,26.7,10,".226",".415",".300","0.715",".219",".385",".316",".308",".303","87","17.2",31.6,5.3,36.8,30.2,52.7,39.5,31.6,28.9,47.4,18.4
"O'Brien, Riley",676617,2026,67,28.4,1.5,".234",".250",".269","0.519",".208",".274",".240",".232",".243","86.9","-1.4",24.4,2.2,40,26.6,48.2,44.4,20,62.2,15.6,22.2
"Nunez, Anthony",689296,2026,73,26,6.8,".239",".478",".292","0.770",".257",".472",".335",".337",".309","87.9","7.8",40.8,10.2,40.8,34.1,50.6,53.1,20.4,51,22.4,20.4
"Woo, Bryan",693433,2026,166,17.5,3.6,".245",".413",".277","0.690",".257",".452",".301",".319",".290","89.9","21.7",35.7,10.1,48.1,22.2,53.3,35.7,33.3,31,36.4,21.7
"Pfaadt, Brandon",694297,2026,128,17.2,10.9,".252",".459",".336","0.795",".247",".443",".350",".343",".337","88.2","9.9",34.1,9.9,38.5,24.9,48.5,37.4,28.6,50.5,20.9,19.8
"Abreu, Bryan",650556,2026,65,30.8,24.6,".277",".596",".469","1.065",".212",".431",".463",".388",".422","90.9","11.9",32.1,14.3,53.6,35.6,39.4,57.1,21.4,53.6,28.6,17.9
"Senzatela, Antonio",622608,2026,82,24.4,7.3,".160",".187",".220","0.407",".236",".325",".187",".268",".290","87.3","11.2",39.3,5.4,33.9,26,51.3,26.8,25,46.4,28.6,21.4
"Pagán, Emilio",641941,2026,62,17.7,9.7,".264",".528",".339","0.867",".239",".489",".365",".341",".323","91.6","27.4",38.6,11.4,56.8,25.4,49.8,56.8,9.1,22.7,38.6,22.7
"Cruz, Fernando",518585,2026,62,32.3,16.1,".220",".340",".371","0.711",".206",".368",".336",".335",".360","86.1","20.4",30,10,30,42.6,41.4,33.3,23.3,33.3,46.7,13.3
"Kuhnel, Joel",669270,2026,49,10.2,8.2,".233",".256",".286","0.542",".309",".389",".249",".336",".359","89.4","12.6",25,0,40,21.3,50.3,47.5,20,47.5,15,27.5
"Abbott, Andrew",671096,2026,182,15.4,10.4,".290",".426",".363","0.789",".295",".448",".353",".360",".371","89.5","13.9",31.9,7.1,37,21,44.8,31.1,26.7,45.2,21.5,26.7
"Eisert, Brandon",685126,2026,14,14.3,7.1,".545",".818",".583","1.401",".347",".478",".604",".386",".401","92.4","-2.6",27.3,0,54.5,23.8,42.9,45.5,27.3,72.7,0,27.3
"Davis, Tyler",699823,2026,17,23.5,11.8,".000",".000",".118","0.118",".088",".099",".083",".156",".195","87.5","20.7",9.1,0,27.3,21.4,48.3,45.5,9.1,45.5,36.4,9.1
"Bradish, Kyle",680694,2026,157,22.3,13.4,".304",".504",".395","0.899",".255",".457",".394",".353",".354","88","8.8",30.7,13,40.6,24.6,44.7,32.7,25.7,48.5,23.8,19.8
"Urquidy, José",664353,2026,36,16.7,5.6,".441",".647",".472","1.119",".276",".401",".490",".314",".317","89.2","12.1",25,7.4,42.9,27.4,55.7,57.1,21.4,46.4,17.9,28.6
"Uribe, Abner",682842,2026,50,28,6,".213",".298",".260","0.558",".247",".360",".254",".288",".293","88.3","15.1",39.4,6.1,36.4,21.3,39.4,33.3,33.3,33.3,21.2,33.3
"Holmes, Clay",605280,2026,168,18.5,8.3,".184",".276",".256","0.532",".252",".367",".246",".309",".322","89.4","4.3",26.2,4.1,43.4,22.2,50,43.4,14.8,57.4,19.7,18
"Carrasco, Carlos",471911,2026,8,25,0,".125",".125",".125","0.250",".262",".310",".113",".252",".262","92.8","14.4",33.3,0,66.7,20,51.7,66.7,33.3,50,0,33.3
"Rea, Colin",607067,2026,142,21.1,6.3,".262",".362",".312","0.674",".264",".451",".304",".331",".315","92.9","7.1",32.4,8.8,50,23.2,48.5,29.4,25.5,52.9,24.5,19.6
"Lord, Brad",695418,2026,102,15.7,5.9,".247",".366",".304","0.670",".259",".428",".293",".319",".316","88.4","1.5",21.8,6.4,46.2,20.9,51.7,39.7,23.1,60.3,17.9,17.9
"King, Michael",650633,2026,159,24.5,11.3,".200",".311",".310","0.621",".226",".366",".290",".317",".334","88.4","15.1",35.1,11.3,34,27.6,44.3,46.4,19.6,47.4,21.6,23.7
"Erceg, Lucas",668674,2026,62,22.6,17.7,".196",".255",".339","0.594",".214",".303",".289",".310",".354","88.8","7",24.3,8.1,40.5,20.5,44.7,32.4,27,54.1,16.2,18.9
"Bello, Brayan",678394,2026,158,15.2,10.1,".338",".554",".401","0.955",".310",".560",".416",".401",".378","90.4","9.4",34.7,12.7,42.4,27.1,47.5,49.2,20.3,49.2,24.6,22.9
"Bender, Anthony",669622,2026,62,25.8,12.9,".216",".255",".339","0.594",".209",".268",".280",".277",".333","89.6","12.4",22.2,2.8,38.9,16.1,38.6,47.2,25,44.4,27.8,22.2
"Sugano, Tomoyuki",608372,2026,151,14.6,7.3,".225",".428",".278","0.706",".281",".551",".308",".383",".336","90.2","11.9",33.1,15.3,44.9,17.8,46.8,34.7,27.1,45.8,31.4,19.5
"Morán, Jovani",663558,2026,87,23,14.9,".181",".347",".310","0.657",".185",".348",".298",".297",".316","87.7","18.8",30.2,7.7,30.2,29.2,44,32.1,34,34,39.6,17
"Perkins, Jack",678022,2026,55,30.9,5.5,".220",".260",".291","0.551",".240",".343",".260",".294",".311","88.8","12.9",39.4,6.3,45.5,33.1,56.7,21.2,39.4,36.4,18.2,36.4
"Zeferjahn, Ryan",666171,2026,83,30.1,12,".162",".250",".293","0.543",".139",".207",".256",".234",".278","87.5","15.3",22.7,2.3,29.5,31.5,41.5,38.6,22.7,47.7,22.7,15.9
"Pomeranz, Drew",519141,2026,65,16.9,10.8,".304",".589",".391","0.980",".290",".523",".407",".370",".379","88.6","27.5",37,10.9,34.8,24.8,51.7,28.3,28.3,26.1,23.9,28.3
"Ohtani, Shohei",660271,2026,145,29,6.2,".160",".260",".229","0.489",".182",".264",".226",".236",".250","87.6","14.5",19.8,3.3,38.5,32,48.4,35.2,23.1,53.8,19.8,13.2
"Eflin, Zach",621107,2026,17,41.2,11.8,".267",".533",".353","0.886",".202",".404",".387",".308",".296","99.1","8.7",12.5,25,75,35.3,45.9,75,0,62.5,25,12.5
"Luzardo, Jesús",666200,2026,172,29.7,5.2,".267",".391",".314","0.705",".238",".353",".316",".284",".287","85.9","7",38.2,5.5,29.1,33.4,46.7,41.8,21.8,50,19.1,26.4
"Santos, Gregory",666619,2026,14,7.1,14.3,".250",".417",".357","0.774",".385",".489",".348",".423",".473","88.2","5.6",45.5,0,54.5,8.7,42.6,63.6,27.3,36.4,18.2,36.4
"Smith, Burch",572143,2026,42,35.7,7.1,".237",".368",".293","0.661",".206",".331",".296",".267",".266","89.5","6.2",37.5,4.3,41.7,29.3,49,25,33.3,50,25,25
"Finnegan, Kyle",640448,2026,66,19.7,15.2,".179",".304",".303","0.607",".181",".293",".284",".278",".305","88.4","10.9",18.6,7,34.9,25,43.6,39.5,23.3,51.2,25.6,14
"Thompson, Ryan",657044,2026,54,13,11.1,".191",".383",".296","0.679",".243",".375",".300",".315",".341","88.9","11.2",27.5,7.5,32.5,18.1,48,50,10,50,22.5,17.5
"Sulser, Cole",642121,2026,85,17.6,9.4,".253",".360",".321","0.681",".253",".452",".298",".328",".322","87.5","15.6",33.9,11.5,38.7,22.7,46.2,38.7,21,43.5,27.4,17.7
"Bellozo, Valente",678368,2026,48,16.7,14.6,".256",".641",".383","1.024",".316",".737",".426",".476",".433","91.3","20",43.8,15.6,50,29.5,45.9,43.8,25,28.1,40.6,21.9
"Medina, Luis",665622,2026,54,20.4,13,".196",".304",".315","0.619",".257",".486",".284",".368",".369","92.1","11",37.1,14.7,42.9,27.6,44.5,31.4,28.6,37.1,31.4,22.9
"Curvelo, Luis",681168,2026,21,14.3,4.8,".300",".650",".333","0.983",".264",".517",".407",".328",".299","91.3","25.7",41.2,11.8,47.1,26.3,56.7,47.1,23.5,23.5,47.1,23.5
"Scott, Christian",681035,2026,29,31,17.2,".136",".273",".345","0.618",".183",".334",".307",".340",".380","91","20.5",46.2,7.7,38.5,21.4,47.9,15.4,53.8,30.8,23.1,30.8
"Lauer, Eric",641778,2026,141,15.6,9.9,".264",".496",".336","0.832",".270",".497",".364",".362",".341","89.6","23.4",40.4,11.5,40.4,20.2,49.2,36.5,23.1,26.9,39.4,24
"Gordon, Colton",676467,2026,50,22,6,".467",".933",".500","1.433",".326",".587",".597",".410",".379","88.7","12.9",40,11.4,48.6,17.2,49,42.9,34.3,37.1,28.6,31.4
"Lee, Chase",695445,2026,5,20,0,".200",".800",".200","1.000",".274",".420",".416",".298",".274","87.1","20.6",50,25,50,22.2,42.9,50,25,25,50,25
"Baumler, Carter",691945,2026,27,22.2,22.2,".200",".400",".407","0.807",".206",".353",".376",".361",".412","91.8","20.9",35.7,7.1,50,30,42.7,57.1,35.7,28.6,42.9,21.4
"Lee, Dylan",669276,2026,61,37.7,3.3,".103",".207",".131","0.338",".164",".254",".148",".206",".196","87.5","17.9",27.8,5.6,41.7,41.3,57.2,38.9,22.2,36.1,36.1,22.2
"Nola, Aaron",605400,2026,161,24.8,8.1,".279",".469",".335","0.804",".261",".441",".354",".331",".320","89.1","13.3",37,9.3,39.8,26.5,44.2,43.5,17.6,38.9,21.3,30.6
"Winn, Keaton",676775,2026,54,24.1,9.3,".146",".229",".226","0.455",".157",".234",".205",".208",".236","88.2","12.7",30.6,2.8,30.6,27.7,48.1,38.9,22.2,41.7,36.1,19.4
"Newcomb, Sean",656794,2026,86,24.4,9.3,".260",".390",".329","0.719",".244",".327",".312",".281",".315","84.7","6.6",29.8,3.5,33.3,23.1,46.6,31.6,29.8,56.1,14,21.1
"Santillan, Tony",663574,2026,64,25,14.1,".200",".382",".313","0.695",".238",".473",".315",".357",".345","90.1","13.7",46.2,10.3,46.2,25.2,43.6,41,23.1,35.9,33.3,28.2
"Maton, Phil",664208,2026,40,25,12.5,".323",".548",".450","0.998",".255",".469",".435",".385",".399","88.6","9.1",31.8,13.6,40.9,24.7,46.8,18.2,27.3,50,27.3,22.7
"Hoffman, Jeff",656546,2026,77,37.7,9.1,".313",".418",".390","0.808",".206",".298",".356",".279",".306","89.4","7.9",25.6,7.9,33.3,40.5,53.4,43.6,20.5,51.3,15.4,23.1
"Varland, Gus",681402,2026,58,24.1,5.2,".283",".434",".316","0.750",".274",".447",".328",".333",".314","93.7","17.1",39,14.6,53.7,27.8,52.7,58.5,26.8,39,19.5,31.7
"Kelly, Zack",677161,2026,51,19.6,7.8,".227",".318",".280","0.598",".292",".442",".268",".365",".355","85.9","6.3",32.4,10.8,29.7,23,44.2,29.7,27,48.6,16.2,29.7
"Alcantara, Sandy",645261,2026,218,16.5,8.3,".241",".357",".307","0.664",".241",".354",".301",".296",".307","88.8","12.4",25.8,5.5,36.8,24.2,50.1,35,26.4,47.9,25.8,18.4
"Payamps, Joel",606303,2026,36,25,11.1,".281",".594",".361","0.955",".252",".548",".410",".378",".335","92.5","19.3",52.2,17.4,39.1,22.9,46.4,52.2,13,21.7,52.2,26.1
"Rogers, Taylor",573124,2026,63,15.9,9.5,".327",".418",".397","0.815",".303",".442",".366",".378",".385","88.6","21.5",58.7,6.5,30.4,17.1,44.7,45.7,28.3,21.7,32.6,41.3
"McLean, Nolan",690997,2026,153,33.3,7.2,".184",".270",".248","0.518",".195",".281",".239",".244",".258","85.1","9.6",36.7,5.6,32.2,27.5,42,36.7,26.7,45.6,20,26.7
"Vodnik, Victor",680767,2026,66,18.2,12.1,".339",".518",".424","0.942",".253",".419",".415",".340",".352","91.1","9.9",26.7,8.9,40,26.5,45.4,33.3,24.4,51.1,22.2,22.2
"Lucchesi, Joey",664192,2026,24,16.7,25,".412",".647",".583","1.230",".286",".491",".535",".443",".495","95.2","3.5",30.8,15.4,69.2,17.1,36.9,30.8,30.8,69.2,15.4,15.4
"Kittredge, Andrew",552640,2026,24,20.8,8.3,".476",".667",".500","1.167",".257",".349",".490",".272",".310","90.1","12.5",47.1,5.9,29.4,27.1,50,58.8,11.8,47.1,11.8,35.3
"Meyer, Max",676974,2026,154,26,8.4,".182",".285",".266","0.551",".242",".383",".255",".313",".320","89.6","11.2",33.7,9.3,41.8,29.6,50.3,36.7,24.5,44.9,24.5,23.5
"Rodriguez, Eduardo",593958,2026,169,17.2,11.2,".213",".353",".302","0.655",".255",".437",".298",".341",".339","88.9","11.2",34.7,8.3,38,19.3,41.8,38.8,25.6,44.6,26.4,24
"Richards, Trevor",670950,2026,19,26.3,15.8,".250",".375",".368","0.743",".230",".362",".341",".325",".351","86.6","31.2",36.4,9.1,18.2,16.7,52.2,45.5,45.5,27.3,18.2,27.3
"Sproat, Brandon",687075,2026,115,21.7,13,".286",".541",".381","0.922",".257",".460",".404",".358",".355","89.1","18.2",30.7,10.7,42.7,21.8,45.4,34.7,20,38.7,38.7,16
"Ferrer, Jose A.",678606,2026,81,18.5,3.7,".311",".365",".354","0.719",".216",".258",".327",".239",".266","84.8","13.5",31.1,0,27.9,24.8,56.3,23,36.1,45.9,27.9,21.3
"Martin, Chris",455119,2026,29,24.1,0,".393",".643",".414","1.057",".358",".547",".460",".398",".381","95.7","18.7",66.7,9.5,52.4,28.3,57.7,38.1,19,19,19,57.1
"Vásquez, Randy",681190,2026,161,22.4,8.1,".231",".385",".300","0.685",".250",".441",".305",".335",".320","88.8","13.9",34.5,12.7,40.9,24.6,50.4,46.4,20.9,44.5,27.3,23.6
"Beeter, Clayton",690925,2026,46,19.6,17.4,".139",".306",".304","0.610",".205",".373",".269",".341",".369","91.6","0.8",17.9,10.7,53.6,22.1,42.5,35.7,28.6,64.3,25,10.7
"Dodd, Dylan",689266,2026,16,25,6.3,".200",".267",".250","0.517",".243",".320",".205",".242",".290","88.8","16.1",27.3,0,27.3,19.2,52,45.5,9.1,36.4,27.3,27.3
"Schreiber, John",670167,2026,55,9.1,14.5,".256",".465",".370","0.835",".276",".493",".347",".360",".389","90.5","11.5",34.1,5,41.5,12,41.1,43.9,19.5,53.7,24.4,19.5
"Coulombe, Danny",543056,2026,36,13.9,8.3,".281",".375",".361","0.736",".293",".379",".338",".340",".372","85.3","7.1",33.3,3.7,29.6,16.2,45.6,33.3,18.5,44.4,29.6,22.2
"Klein, Will",694361,2026,62,24.2,8.1,".263",".316",".323","0.639",".244",".308",".280",".264",".307","88","6.8",35.7,2.4,33.3,19.4,45.2,14.3,21.4,45.2,9.5,31
"Sandlin, Nick",680704,2026,40,15,12.5,".290",".548",".425","0.973",".237",".463",".424",".378",".387","87","13",30.8,7.7,38.5,31.1,38.9,53.8,3.8,42.3,38.5,15.4
"Uberstine, Tyler",700413,2026,11,18.2,9.1,".300",".700",".364","1.064",".274",".551",".451",".379",".340","87.4","22.8",50,12.5,37.5,30.8,57.8,37.5,37.5,12.5,50,37.5
"Glasnow, Tyler",607192,2026,144,32.6,9,".146",".292",".222","0.514",".178",".312",".230",".248",".251","90.2","14.6",29.8,7.1,38.1,30.3,43.8,40.5,22.6,45.2,25,22.6
"Cameron, Noah",702070,2026,144,19.4,7.6,".301",".496",".354","0.850",".307",".538",".374",".386",".360","90.3","17.1",43.8,13.3,44.8,24.3,48.1,44.8,19,30.5,26.7,32.4
"Paddack, Chris",663978,2026,146,18.5,6.8,".308",".504",".359","0.863",".260",".438",".378",".329",".316","90.1","14.3",33.3,10.3,47.2,22.1,49.4,42.6,25.9,39.8,29.6,25
"Cleavinger, Garrett",664076,2026,18,22.2,22.2,".308",".308",".444","0.752",".251",".288",".337",".366",".436","88.3","16.1",40,10,50,28.1,53.3,30,30,40,30,30
"Bassitt, Chris",605135,2026,156,12.8,10.9,".333",".432",".423","0.855",".304",".412",".387",".365",".401","87.6","9",33.3,2.6,34.2,21.1,43.5,33.3,24.6,47.4,20.2,24.6
"Gibson, Trey",694346,2026,21,9.5,9.5,".211",".632",".286","0.918",".289",".673",".387",".431",".356","92.9","13.5",23.5,17.6,47.1,13.3,51.7,47.1,17.6,52.9,41.2,5.9
"Kay, Anthony",641743,2026,143,14,10.5,".289",".512",".385","0.897",".308",".537",".394",".416",".408","91","14.1",34,12.9,46.6,19.5,43,54.4,13.6,38.8,22.3,29.1
"Hurter, Brant",676428,2026,68,17.6,5.9,".161",".242",".221","0.463",".243",".344",".213",".294",".305","87.6","1.8",27.5,6,35.3,19,44.1,33.3,19.6,58.8,11.8,25.5
"Wacha, Michael",608379,2026,174,20.7,8.6,".204",".357",".277","0.634",".244",".436",".286",".327",".314","88.5","19.5",35.2,8.2,37.7,23.7,48.1,39.3,20.5,33.6,32.8,25.4
"Barnes, Charlie",656212,2026,17,5.9,17.6,".308",".385",".471","0.856",".301",".379",".403",".393",".466","92.5","7.5",41.7,0,41.7,10.5,30.6,25,16.7,41.7,8.3,41.7
"Legumina, Casey",668984,2026,70,14.3,7.1,".339",".458",".406","0.864",".295",".456",".378",".357",".373","90.1","15.8",38.5,8.2,47.9,18.4,47.5,34.6,28.8,34.6,32.7,26.9
"Suarez, Robert",663158,2026,59,27.1,3.4,".211",".211",".237","0.448",".243",".300",".207",".252",".269","84.2","13.3",39,0,26.8,26.8,54.4,29.3,34.1,43.9,22,24.4
"Martin, Riley",702303,2026,32,31.3,9.4,".179",".286",".258","0.544",".169",".312",".252",".251",".249","90.9","26.2",26.3,5.3,42.1,20.3,50,26.3,26.3,36.8,31.6,15.8
"Keller, Mitch",656605,2026,163,19,7.4,".208",".275",".270","0.545",".270",".366",".252",".308",".327","87","13.2",32.8,2.5,39.5,23,47.2,26.1,30.3,40.3,21,29.4
"Sousa, Bennett",656986,2026,17,23.5,29.4,".250",".250",".471","0.721",".258",".298",".367",".379",".476","83","25",62.5,0,12.5,22.2,37,50,25,12.5,62.5,25
"Smith, Shane",681343,2026,49,22.4,18.4,".316",".500",".458","0.958",".246",".294",".429",".335",".403","82.2","14.2",29.6,0,33.3,26,42.7,33.3,29.6,44.4,22.2,29.6
"Phillips, Connor",683175,2026,89,23.6,22.5,".167",".258",".382","0.640",".225",".359",".321",".369",".425","88.9","21.4",40,6.7,37.8,31.1,40,26.7,26.7,22.2,35.6,31.1
"Strahm, Matt",621381,2026,58,24.1,10.3,".196",".373",".293","0.666",".168",".246",".301",".243",".269","89","21.2",21.6,2.7,40.5,23.2,47.9,54.1,27,37.8,40.5,10.8
"Warren, Will",701542,2026,152,30.3,5.3,".224",".336",".270","0.606",".240",".384",".273",".293",".285","91","10.3",35.1,7.2,42.3,23.8,43.7,41.2,26.8,46.4,24.7,22.7
"Anderson, Jack",681252,2026,32,18.8,6.3,".267",".400",".313","0.713",".285",".542",".318",".373",".329","87.4","14",33.3,12.5,45.8,19.7,53.2,50,33.3,41.7,33.3,20.8
"Jacob, Alek",689690,2026,9,33.3,11.1,".143",".286",".333","0.619",".154",".407",".303",".342",".342","92.4","37.7",25,25,50,47.1,50,50,25,25,50,0
"Sheehan, Emmet",686218,2026,132,27.3,6.8,".264",".496",".318","0.814",".259",".443",".354",".328",".314","87.9","14.7",39.5,9.3,40.7,32.8,49.2,55.8,16.3,41.9,22.1,27.9
"Moll, Sam",594580,2026,64,21.9,14.1,".157",".235",".317","0.552",".191",".277",".275",".307",".356","85.8","9.1",18.9,3,24.3,23.2,37,29.7,24.3,62.2,13.5,16.2
"Nardi, Andrew",677053,2026,62,22.6,17.7,".280",".460",".410","0.870",".273",".512",".392",".401",".404","89.5","16.9",29.7,10.8,45.9,30.9,45.3,32.4,32.4,40.5,32.4,24.3
"Taillon, Jameson",592791,2026,164,22,8.5,".215",".470",".287","0.757",".219",".442",".329",".315",".291","87.2","19.9",31.9,12.4,33.6,25.5,43.4,43.4,30.1,34.5,37.2,18.6
"Hart, Kyle",606996,2026,68,14.7,8.8,".207",".310",".299","0.609",".232",".342",".281",".303",".325","85.7","6.5",30,4,26,17.2,44.8,56,16,60,12,20
"Yesavage, Trey",702056,2026,40,22.5,7.5,".243",".297",".300","0.597",".156",".216",".275",".201",".219","85.6","27.6",25,3.6,17.9,25.6,50,35.7,32.1,32.1,28.6,21.4
"Bruihl, Justin",677865,2026,78,11.5,15.4,".220",".322",".372","0.694",".282",".422",".327",".385",".427","86.4","9.7",39.6,5.7,41.5,17.6,39.6,39.6,24.5,49.1,13.2,28.3
"Bolton, Cody",675989,2026,56,25,16.1,".273",".386",".400","0.786",".280",".472",".361",".392",".412","90.1","13.6",43.8,9.4,43.8,19.1,38,31.3,21.9,40.6,25,28.1
"Leasure, Jordan",673929,2026,68,25,11.8,".200",".467",".294","0.761",".251",".593",".329",".390",".339","91.7","26.8",37.2,25.6,41.9,27.4,52.7,41.9,23.3,25.6,51.2,14
"Chandler, Bubba",696149,2026,152,20.4,17.1,".203",".390",".342","0.732",".234",".427",".332",".354",".367","89.3","16.7",34,9.6,37.2,24.1,47,35.1,24.5,35.1,31.9,22.3
"Halvorsen, Seth",678020,2026,8,25,25,".000",".000",".250","0.250",".270",".325",".177",".368",".452","94.9","2.4",25,0,50,18.8,47.1,25,50,75,0,25
"Bernardino, Brennan",657514,2026,57,21.1,5.3,".245",".396",".298","0.694",".256",".354",".302",".289",".309","85","11.3",34.1,5,26.8,22.9,51.5,31.7,29.3,46.3,17.1,29.3
"Ragans, Cole",666142,2026,138,29.7,15.2,".224",".517",".341","0.858",".228",".480",".374",".358",".344","89.3","20.2",32.9,17.1,39.5,31.4,44.9,40.8,25,35.5,38.2,18.4
"Alexander, Jason",669920,2026,11,9.1,27.3,".250",".625",".455","1.080",".217",".355",".464",".371",".430","87.1","7.2",42.9,14.3,28.6,10,32.3,57.1,28.6,57.1,28.6,0
"Santana, Dennis",642701,2026,67,14.9,11.9,".207",".379",".313","0.692",".280",".458",".309",".363",".377","87.5","18.7",43.8,10.4,37.5,22,46.3,50,16.7,29.2,29.2,31.3
"Lawrence, Justin",664875,2026,64,25,7.8,".211",".421",".297","0.718",".277",".473",".320",".363",".356","90.6","11.2",41.5,12.2,41.5,26.5,46.5,43.9,19.5,43.9,24.4,24.4
"Bennett, Jake",687562,2026,20,15,10,".278",".444",".350","0.794",".360",".668",".355",".465",".424","89.3","9.8",40,13.3,53.3,21.3,55.3,53.3,20,60,20,20
"Collyer, Gavin",686560,2026,29,24.1,10.3,".130",".130",".310","0.440",".141",".158",".243",".253",".318","87.8","14.2",18.8,0,12.5,21.7,35.7,50,37.5,56.3,18.8,6.3
"Morejon, Adrian",670970,2026,79,26.6,6.3,".270",".378",".316","0.694",".249",".364",".312",".292",".298","85.3","-2.1",32.1,3.8,32.1,34.8,51.1,41.5,26.4,64.2,11.3,22.6
"Kochanowicz, Jack",686799,2026,175,17.1,12,".192",".258",".297","0.555",".253",".389",".265",".333",".353","90.5","3.6",29.5,6.8,42.6,23.9,45,45.1,21.3,62.3,18,16.4
"Hill, Tim",657612,2026,51,11.8,3.9,".184",".245",".216","0.461",".255",".351",".210",".282",".284","91.5","-9.3",16.3,2.3,53.5,14.8,55,34.9,18.6,76.7,9.3,14
"Gamboa, Alec",687941,2026,3,66.7,0,".000",".000",".000","0.000",".054",".088",".000",".061",".054","81.4","27.7",100,0,0,28.6,50,0,0,0,0,100
"Dollander, Chase",801403,2026,156,26.9,7.7,".226",".365",".297","0.662",".203",".349",".297",".283",".281","91.4","12.4",24.2,10.1,52.5,29.4,49.4,28.3,26.3,51.5,23.2,17.2
"Scholtens, Jesse",669947,2026,94,18.1,6.4,".233",".407",".298","0.705",".265",".399",".313",".321",".327","86.8","16.6",33.3,7.2,34.8,19.5,49.4,49.3,14.5,42,21.7,24.6
"Rutledge, Jackson",671131,2026,12,16.7,16.7,".600",".900",".667","1.567",".315",".527",".660",".420",".429","85.2","3.4",25,12.5,37.5,34.8,52.3,50,25,75,12.5,12.5
"Miller, Mason",695243,2026,58,55.2,5.2,".127",".127",".172","0.299",".095",".112",".145",".122",".142","84.3","4",21.7,0,17.4,56.5,47,43.5,39.1,65.2,17.4,13
"Leiter Jr., Mark",643410,2026,71,22.5,8.5,".333",".476",".394","0.870",".325",".474",".381",".373",".389","88","19.2",47.9,6.3,37.5,28.2,49.1,39.6,16.7,31.3,27.1,33.3
"Ramírez, Yohan",670990,2026,95,25.3,11.6,".210",".358",".326","0.684",".227",".317",".293",".283",".341","85.2","9.8",28.1,5.3,31.6,26.4,47,36.8,24.6,47.4,24.6,22.8
"Cano, Yennier",666974,2026,43,25.6,2.3,".143",".262",".163","0.425",".244",".449",".187",".303",".261","90.7","0.4",29,9.7,51.6,29.1,49.1,48.4,3.2,64.5,16.1,19.4
"Gil, Luis",661563,2026,85,10.6,12.9,".211",".507",".341","0.848",".262",".498",".373",".386",".384","93.2","14.6",27.4,9.7,46.8,18.5,38.6,38.7,22.6,46.8,32.3,14.5
"Burns, Chase",695505,2026,161,28.6,8.1,".196",".318",".261","0.579",".206",".349",".263",".276",".272","89.3","16.4",22.5,8.2,39.2,34.8,49.5,42.2,26.5,49,24.5,16.7
"Anderson, Shaun",641312,2026,73,16.4,11,".270",".429",".361","0.790",".287",".463",".356",".370",".376","87","12.7",32.7,7.7,36.5,24.8,44,48.1,25,48.1,19.2,25
"Fermin, José",820862,2026,18,33.3,0,".125",".375",".222","0.597",".179",".328",".269",".272",".270","89.5","8.7",20,10,60,35.1,56.1,30,10,50,10,30
"Weiss, Ryan",680802,2026,131,22.9,15.3,".315",".568",".420","0.988",".270",".488",".432",".381",".381","90.3","16.8",39.5,11.1,49.4,23.7,44.5,42,27.2,33.3,27.2,30.9
"Castillo, Luis",622491,2026,160,19.4,8.1,".310",".472",".377","0.849",".304",".488",".377",".374",".372","92.2","18.1",39.8,12.4,49.6,23.8,51.6,46,23.9,34.5,24.8,31
"Fairbanks, Pete",664126,2026,41,31.7,9.8,".257",".457",".341","0.798",".190",".405",".341",".297",".291","93.6","34.9",39.1,18.2,43.5,27.3,45.8,43.5,26.1,8.7,52.2,21.7
"Ekness, Josh",694795,2026,6,33.3,0,".000",".000",".000","0.000",".294",".488",".000",".327",".294","89.3","0.5",50,25,50,30,45.5,25,0,50,0,50
"Lorenzen, Michael",547179,2026,164,14.6,5.5,".338",".536",".384","0.920",".311",".478",".403",".366",".361","90.4","9.1",37.5,8.7,50.8,21.5,44.7,46.9,19.5,46.9,22.7,27.3
"Griffin, Foster",656492,2026,163,20.2,8.6,".199",".336",".278","0.614",".252",".431",".280",".331",".326","88","13.5",34.2,11.4,36,23,45,44.7,19.3,44.7,29.8,18.4
"Kelly, Kevin",687330,2026,55,23.6,7.3,".140",".220",".218","0.438",".249",".391",".199",".309",".320","89.8","-3.4",32.4,11.4,45.9,25.2,47.2,43.2,10.8,64.9,13.5,21.6
"Fluharty, Mason",689254,2026,56,30.4,12.5,".277",".383",".364","0.747",".157",".272",".331",".237",".262","85.6","17.3",43.8,9.4,28.1,32.8,49.2,28.1,15.6,34.4,28.1,28.1
"Romero, JoJo",668941,2026,71,18.3,9.9,".242",".419",".329","0.748",".288",".497",".336",".376",".369","91.5","10.6",38,8,46,19.5,38.4,32,22,46,20,28
"Seymour, Ian",693855,2026,73,26,9.6,".270",".413",".347","0.760",".247",".437",".335",".329",".328","90.9","18.7",41.3,13,41.3,29.9,48.4,41.3,15.2,34.8,30.4,28.3
"Holmes, Grant",656550,2026,160,18.1,10.6,".225",".380",".306","0.686",".243",".423",".309",".329",".324","89.8","13",29.8,7.9,43,28.5,48.1,35.1,23.7,44.7,27.2,20.2
"Waldron, Matt",663362,2026,69,11.6,7.2,".361",".639",".426","1.065",".256",".433",".461",".338",".332","88.3","18.6",25.9,7.4,33.3,14.6,50,38.9,16.7,48.1,20.4,18.5
"Cecconi, Slade",677944,2026,164,17.1,7.9,".297",".503",".360","0.863",".286",".502",".377",".368",".353","87.2","13.3",37.5,11.8,36.7,21.5,47.9,35.8,25,45.8,25.8,20.8
"Mahle, Tyler",641816,2026,158,21.5,11.4,".268",".435",".350","0.785",".262",".425",".350",".340",".346","89.6","8.4",33,10.6,35.8,20.2,42.3,37.7,24.5,50,25.5,21.7
"Gallen, Zac",668678,2026,141,14.2,7.1,".302",".426",".350","0.776",".301",".475",".345",".356",".349","91.5","11.4",34.2,9,46.8,16.5,46.4,38.7,22.5,48.6,24.3,24.3
"Klein, John",804619,2026,3,0,0,".000",".000",".000","0.000",".068",".078",".000",".063",".068","72.5","23.5",0,0,0,0,50,33.3,66.7,33.3,33.3,0
"Soroka, Michael",647336,2026,136,26.5,6.6,".285",".431",".348","0.779",".282",".462",".349",".353",".345","90.5","14.7",43.2,11.4,42,22,48.3,45.5,19.3,39.8,27.3,27.3
"Assad, Javier",665871,2026,88,13.6,6.8,".275",".450",".322","0.772",".296",".443",".339",".349",".346","90.4","11.4",35.7,5.7,50,14.9,43.8,28.6,28.6,48.6,22.9,21.4
"Brogdon, Connor",641401,2026,60,21.7,3.3,".218",".436",".246","0.682",".252",".452",".296",".315",".278","90.9","17.8",31.1,11.1,42.2,28.7,49.8,37.8,26.7,44.4,31.1,15.6
"Ross, Joe",605452,2026,22,9.1,18.2,".389",".667",".500","1.167",".368",".608",".503",".469",".483","87.9","14.8",43.8,12.5,37.5,33.3,45.7,43.8,25,43.8,18.8,25
"Franco, Jose",683742,2026,59,18.6,16.9,".292",".500",".407","0.907",".250",".415",".399",".370",".387","86.2","15.7",31.6,11.1,34.2,17.6,45.7,39.5,21.1,39.5,26.3,26.3
"Severino, Luis",622663,2026,186,23.1,13.4,".247",".392",".357","0.749",".236",".393",".342",".333",".348","89","13.2",34.5,9.5,42.2,23.2,46,33.6,25,43.1,26.7,24.1
"Barnett, Mason",686930,2026,9,11.1,22.2,".143",".143",".333","0.476",".204",".257",".257",".312",".381","89.4","-4.6",33.3,0,33.3,16.7,41.9,50,16.7,66.7,16.7,16.7
"McGee, Easton",668834,2026,6,16.7,16.7,".200",".400",".333","0.733",".335",".501",".331",".416",".446","95.5","2.6",25,25,75,25,54.5,75,0,75,0,25
"Pérez, Cionel",672335,2026,73,12.3,15.1,".258",".371",".370","0.741",".318",".631",".342",".446",".421","93.2","4",26.4,15.1,56.6,19.2,40.7,30.2,28.3,58.5,20.8,15.1
"Boyd, Matthew",571510,2026,100,31,6,".266",".404",".310","0.714",".258",".443",".318",".322",".302","89.2","11.7",42.9,9.5,50.8,31.2,50.7,41.3,23.8,39.7,17.5,34.9
"Ferguson, Tyler",621053,2026,8,12.5,0,".500","1.375",".500","1.875",".371","1.189",".792",".641",".371","97.6","15.6",42.9,57.1,71.4,23.1,50,28.6,0,28.6,57.1,14.3
"Vanasco, Ricky",676568,2026,13,15.4,15.4,".364",".818",".462","1.280",".206",".294",".535",".291",".328","82.5","14.4",11.1,0,22.2,26.3,35.8,44.4,44.4,44.4,33.3,11.1
"Misiorowski, Jacob",694819,2026,155,38.1,9.7,".172",".276",".277","0.553",".197",".285",".261",".272",".300","87.7","12.5",39.5,3.9,36.8,39.8,48.4,30.3,34.2,39.5,26.3,27.6
"Davitt, Duncan",701474,2026,3,0,33.3,".000",".000",".333","0.333",".507","1.031",".236",".669",".671","101.4","16.3",50,50,100,0,42.9,50,0,50,50,0
"Hanifee, Brenan",669724,2026,25,16,4,".217",".217",".250","0.467",".224",".328",".217",".258",".258","87.3","5.1",20,5.3,25,13.5,42,30,25,65,20,10
"Speier, Gabe",642100,2026,56,21.4,8.9,".298",".447",".364","0.811",".261",".466",".350",".337",".334","87.5","11.5",31.6,10.5,28.9,23.9,53.6,28.9,31.6,44.7,26.3,23.7
"Crochet, Garrett",676979,2026,138,26.8,8,".270",".467",".350","0.817",".262",".442",".363",".345",".344","89.6","14.3",41.9,10.7,45.3,24,49,39.5,23.3,37.2,24.4,36
"Murphy, Chris",669684,2026,32,18.8,15.6,".333",".556",".438","0.994",".239",".335",".435",".320",".358","87.8","13.6",28.6,9.5,38.1,31.4,46.8,47.6,19,42.9,4.8,33.3
"Herget, Jimmy",623474,2026,60,23.3,5,".283",".415",".322","0.737",".246",".454",".323",".327",".300","90.1","27.5",31,14.3,42.9,29.6,51,38.1,23.8,28.6,40.5,19
"Poulin, PJ",676571,2026,74,16.2,12.2,".219",".406",".324","0.730",".249",".456",".330",".354",".350","92.6","14.8",25,9.6,51.9,16.4,43.2,42.3,30.8,48.1,30.8,9.6
"Miles, Spencer",693686,2026,75,21.3,6.7,".229",".329",".280","0.609",".256",".376",".276",".301",".306","86.2","7",25.9,5.6,29.6,21.1,45.9,38.9,35.2,50,24.1,22.2
"Waldichuk, Ken",686610,2026,40,20,12.5,".235",".588",".350","0.938",".243",".577",".405",".399",".356","89.3","18",26.9,19.2,38.5,27.4,41.6,42.3,38.5,42.3,34.6,11.5
"Blackburn, Paul",621112,2026,60,15,6.7,".268",".321",".317","0.638",".265",".365",".291",".301",".314","89.1","6.8",29.8,4.3,42.6,17,48,46.8,10.6,51.1,25.5,21.3
"Schweitzer, Tyler",805326,2026,7,14.3,14.3,".333",".667",".429","1.096",".225",".301",".466",".295",".336","93.2","28.3",20,0,40,33.3,46.2,0,40,20,40,40
"Cruz, Steven",674444,2026,26,26.9,15.4,".318",".864",".423","1.287",".255",".588",".526",".395",".369","87.5","23.4",33.3,26.7,33.3,30,45.9,33.3,33.3,40,40,6.7
"Rogers, Tyler",643511,2026,67,14.9,6,".194",".210",".242","0.452",".214",".244",".189",".210",".262","81","-12.7",18.9,0,17,13.9,52.3,22.6,43.4,71.7,9.4,15.1
"Prielipp, Connor",687570,2026,56,26.8,8.9,".163",".347",".250","0.597",".184",".413",".267",".296",".270","93.6","24.5",40,14.7,42.9,24.4,49.4,37.1,31.4,28.6,34.3,22.9
"Morgan, David",688158,2026,68,22.1,16.2,".315",".519",".448","0.967",".212",".287",".426",".305",".365","85.7","7.7",45,2.5,27.5,29.1,49,22.5,22.5,57.5,17.5,20
"Clarke, Taylor",664199,2026,63,12.7,3.2,".196",".304",".242","0.546",".214",".342",".236",".263",".266","85.2","4",19.6,5.9,25.5,18.7,46.9,47.1,23.5,62.7,17.6,11.8
"Eder, Jake",671109,2026,15,6.7,6.7,".231",".308",".267","0.575",".363",".746",".253",".460",".387","95.3","23.3",53.8,30.8,69.2,9.1,58.9,23.1,53.8,30.8,38.5,30.8
"Kremer, Dean",665152,2026,43,37.2,4.7,".195",".512",".233","0.745",".226",".496",".319",".321",".262","87.6","15.4",40,16,36,35.4,46.9,56,8,36,44,16
"Walker, Taijuan",592836,2026,115,14.8,9.6,".353",".657",".417","1.074",".309",".566",".461",".405",".379","87.5","13.4",37.2,12.9,36,16.8,45,24.4,27.9,39.5,33.7,22.1
"Koenig, Jared",657649,2026,13,30.8,15.4,".273",".455",".385","0.840",".224",".307",".314",".230",".344","98.5","2.4",28.6,0,71.4,35.3,37,42.9,14.3,57.1,14.3,28.6
"Ríos, Yacksel",605441,2026,5,40,0,".000",".000",".000","0.000",".345",".430",".000",".335",".345","90.8","18.9",33.3,0,33.3,33.3,46.2,33.3,33.3,33.3,33.3,33.3
"Hill, Jaden",677955,2026,62,24.2,14.5,".275",".392",".377","0.769",".267",".376",".343",".330",".371","89","10.9",40.5,2.7,32.4,31.2,46.4,40.5,27,43.2,21.6,29.7
"Basso, Brady",669620,2026,14,7.1,7.1,".417","1.000",".429","1.429",".388",".605",".564",".503",".453","93.6","18.5",83.3,16.7,58.3,16.7,53.3,33.3,16.7,16.7,33.3,50
"Helsley, Ryan",664854,2026,46,32.6,15.2,".179",".231",".304","0.535",".194",".276",".251",".271",".317","91.4","4.2",20.8,4.2,54.2,41.2,44.3,41.7,25,62.5,25,12.5
"Mey, Luis",682825,2026,13,38.5,15.4,".100",".400",".308","0.708",".141",".364",".325",".327",".339","93.3","3.1",40,20,60,36,42.4,60,0,60,20,20
"Foster, Cameron",671382,2026,39,23.1,15.4,".364",".394",".462","0.856",".216",".244",".396",".279",".337","86.8","20.7",20.8,0,25,32.4,46.1,33.3,29.2,50,4.2,16.7
"Yamamoto, Yoshinobu",808967,2026,170,23.5,5.9,".215",".361",".265","0.626",".259",".443",".279",".325",".306","89.5","13.6",33.6,10.1,40.3,30.1,48.9,44.5,23.5,40.3,31.1,23.5
"Gore, MacKenzie",669022,2026,151,29.8,11.9,".223",".369",".320","0.689",".235",".405",".313",".327",".331","89.3","13.6",34.5,12.6,42.5,25.7,47.2,43.7,23,41.4,26.4,27.6
"Acton, Garrett",670183,2026,28,32.1,10.7,".174",".261",".286","0.547",".191",".268",".241",".252",".303","95.6","20.9",40,6.7,40,35.4,41.7,46.7,33.3,33.3,33.3,26.7
"Quantrill, Cal",615698,2026,40,22.5,10,".257",".400",".325","0.725",".261",".514",".322",".358",".329","91.6","27.7",44.4,18.5,48.1,25.9,47.8,37,22.2,22.2,25.9,33.3
"Kinley, Tyler",641755,2026,67,26.9,11.9,".190",".310",".299","0.609",".196",".299",".278",".273",".306","81.1","15.1",37.5,2.6,20,28.1,44.2,50,22.5,35,25,27.5
"Rocker, Kumar",677958,2026,127,18.9,7.9,".278",".409",".339","0.748",".273",".451",".334",".345",".339","90.5","8.3",25,8.8,47.8,23.4,48.6,38,22.8,54.3,17.4,21.7
"Mikolas, Miles",571945,2026,127,15,8.7,".313",".565",".370","0.935",".261",".503",".406",".356",".324","88.3","8.9",27.8,12.6,44.3,17.9,45.5,38.1,23.7,49.5,30.9,15.5
"Black, Mason",696131,2026,22,22.7,9.1,".350",".400",".409","0.809",".291",".443",".368",".351",".356","88.2","19.4",46.7,13.3,33.3,17.8,45,20,40,20,33.3,40
"Hamilton, Ian",641656,2026,7,14.3,28.6,".400",".600",".571","1.171",".386",".464",".514",".466",".562","94.2","-6",50,0,50,25,38.7,50,25,50,0,50
"Phillips, Tyler",663969,2026,93,23.7,12.9,".212",".300",".323","0.623",".228",".365",".293",".318",".336","90.4","11.5",36.2,8.6,41.4,31.6,42.1,37.9,25.9,39.7,29.3,29.3
"Houser, Adrian",605288,2026,143,11.2,7,".323",".577",".373","0.950",".304",".521",".411",".377",".357","91","5.9",36.2,10.3,47.4,19.1,49.6,41.4,21.6,50,18.1,27.6
"Muñoz, Andrés",662253,2026,66,37.9,10.6,".241",".431",".318","0.749",".252",".454",".331",".350",".336","89","11.5",38.2,14.7,50,42.7,45.6,32.4,29.4,44.1,26.5,23.5
"Zerpa, Angel",672582,2026,55,14.5,10.9,".333",".521",".407","0.928",".328",".530",".410",".407",".403","92.4","0.3",24.4,7.3,51.2,17.8,41.7,39,22,61,14.6,19.5
"Elder, Bryce",693821,2026,195,23.1,8.2,".193",".284",".268","0.552",".207",".316",".255",".269",".280","89.5","12.5",31.1,3.8,38.6,23.5,46.7,37.9,29.5,44.7,27.3,22
"Jax, Griffin",643377,2026,62,22.6,14.5,".240",".440",".350","0.790",".264",".507",".346",".375",".372","91.4","12.7",25.6,12.8,46.2,31.7,47.9,43.6,25.6,51.3,30.8,15.4
"Okert, Steven",595345,2026,67,16.4,10.4,".259",".431",".333","0.764",".256",".470",".338",".348",".333","85.3","28.7",38.8,8.3,22.4,24.2,50,42.9,22.4,28.6,30.6,20.4
"Dobbins, Hunter",690928,2026,19,21.1,26.3,".143",".214",".368","0.582",".163",".386",".301",".356",".383","90.1","-3.7",20,20,50,31,36.7,40,30,60,20,10
"Suter, Brent",608718,2026,84,23.8,10.7,".253",".467",".333","0.800",".212",".395",".348",".302",".298","86.3","9.5",29.1,9.3,30.9,26,47.6,41.8,21.8,52.7,21.8,18.2
"Pérez, Martín",527048,2026,112,17,8.9,".184",".347",".270","0.617",".255",".414",".278",".333",".337","89.6","10.9",37,6.2,42,19.7,44.5,51.9,19.8,43.2,24.7,24.7
"Velasquez, Vince",592826,2026,8,12.5,0,".125",".250",".125","0.375",".122",".174",".160",".132",".122","85.4","35.2",14.3,0,14.3,13.3,48.4,28.6,57.1,14.3,57.1,14.3
"Early, Connelly",813349,2026,151,20.5,11.3,".231",".392",".331","0.723",".249",".478",".327",".360",".348","91.2","13.4",34,14,42,22.3,43.7,46,21,41,33,22
"Fried, Max",608331,2026,201,21.4,7.5,".176",".231",".245","0.476",".195",".263",".224",".244",".265","86.4","10.2",26.2,2.1,33.3,23.4,45.4,29.8,29.1,46.1,27,17.7
"Murray, Jayden",681151,2026,28,17.9,17.9,".318",".364",".429","0.793",".210",".253",".365",".285",".344","91.4","23.4",16.7,0,33.3,31.8,40.4,55.6,33.3,38.9,38.9,16.7
"Stanek, Ryne",592773,2026,76,26.3,17.1,".290",".387",".413","0.800",".227",".345",".370",".324",".361","91.7","16.8",31,7.1,45.2,36,47.4,45.2,28.6,40.5,21.4,28.6
"Spence, Mitch",687765,2026,21,14.3,23.8,".267",".600",".429","1.029",".218",".409",".430",".373",".401","90.8","12.8",23.1,7.7,38.5,19.4,36.9,46.2,7.7,53.8,23.1,15.4
"Laweryson, Cody",689520,2026,26,30.8,7.7,".143",".238",".269","0.507",".204",".262",".244",".301",".345","89.5","15.5",35.7,0,42.9,17.5,42.1,21.4,35.7,42.9,7.1,35.7
"Davila, Nick",689546,2026,4,25,25,".333",".333",".500","0.833",".268",".330",".402",".373",".451","93.3","21.2",50,0,50,20,31.3,0,0,0,50,50
"Duran, Jhoan",661395,2026,31,32.3,9.7,".214",".250",".290","0.540",".225",".325",".255",".283",".300","90.3","-3.1",27.8,5.6,50,36.2,47.2,44.4,16.7,61.1,16.7,16.7
"Martin, Trevor",694680,2026,21,19,4.8,".316",".579",".381","0.960",".264",".525",".418",".369",".334","91.4","2.9",26.7,20,53.3,25,45.1,26.7,20,53.3,33.3,13.3
"Devenski, Chris",606965,2026,12,25,0,".417",".667",".417","1.084",".274",".425",".474",".297",".274","94.7","10.6",44.4,22.2,55.6,21.1,48.7,33.3,0,44.4,11.1,33.3
"Roycroft, Chris",688297,2026,25,12,20,".421",".579",".542","1.121",".258",".336",".497",".353",".413","83.2","-8.5",23.5,5.9,29.4,10.3,40.2,29.4,23.5,70.6,11.8,17.6
"Suarez, Ranger",624133,2026,148,21.6,6.8,".197",".299",".250","0.549",".240",".378",".249",".296",".294","87.7","14.5",39.6,7.5,35.8,19.5,45.5,34.9,25.5,38.7,22.6,30.2
"Strider, Spencer",675911,2026,19,31.6,26.3,".286",".643",".474","1.117",".208",".413",".476",".380",".416","89","22.8",50,12.5,50,34.1,47.1,37.5,37.5,12.5,50,37.5
"Fleming, Josh",676596,2026,18,5.6,11.1,".429",".643",".500","1.143",".360",".632",".486",".472",".459","92.4","8.9",14.3,7.1,64.3,13.5,48.1,42.9,7.1,64.3,28.6,7.1
"Liberatore, Matthew",669461,2026,158,14.6,8.2,".291",".504",".344","0.848",".297",".516",".368",".373",".351","91.7","15",38.5,9,44.3,18.2,46.2,45.9,26.2,37.7,35.2,23.8
"Scott, Tanner",656945,2026,52,28.8,3.8,".160",".280",".192","0.472",".264",".424",".211",".309",".292","88.9","18.3",37.1,8.6,31.4,33.3,55.4,42.9,22.9,31.4,34.3,25.7
"Loáisiga, Jonathan",642528,2026,64,18.8,4.7,".254",".356",".297","0.653",".257",".413",".292",".326",".308","91.1","11.6",29.2,6.3,47.9,25.6,49.2,35.4,27.1,45.8,25,22.9
"Márquez, Germán",608566,2026,128,14.8,9.4,".272",".526",".344","0.870",".273",".508",".379",".368",".345","89.1","21.1",33.3,10.4,45.8,19.5,47.1,39.6,31.3,33.3,36.5,20.8
"Rogers, Trevor",669432,2026,133,20.3,7.5,".281",".421",".338","0.759",".243",".381",".338",".305",".307","88.4","19.5",34.7,6.4,31.6,27,49.1,37.9,23.2,38.9,21.1,24.2
"Slaten, Justin",686580,2026,14,35.7,14.3,".167",".167",".286","0.453",".175",".234",".230",".254",".293","88.5","12.4",42.9,0,14.3,26.9,46.4,85.7,14.3,28.6,42.9,28.6
"Iglesias, Raisel",628452,2026,35,37.1,2.9,".176",".235",".200","0.435",".167",".207",".196",".178",".191","86.7","23",23.8,0,28.6,39.5,61.9,38.1,19,38.1,28.6,23.8
"Leiter, Jack",683004,2026,164,26.2,7.9,".262",".443",".329","0.772",".263",".464",".343",".346",".331","88.6","12.1",39.6,13.2,44.3,29.7,48.6,43.4,25.5,42.5,31.1,23.6
"Quintana, Jose",500779,2026,105,11.4,10.5,".247",".461",".327","0.788",".284",".478",".344",".359",".359","88.7","20.5",40.7,9.9,33.3,21.9,45.3,46.9,25.9,32.1,33.3,24.7
"Morales, Luis",806960,2026,55,12.7,21.8,".405",".833",".545","1.378",".326",".620",".574",".474",".485","90.4","20.7",42.9,14.3,45.7,15.3,40.1,45.7,22.9,31.4,25.7,28.6
"Kent, Zak",687849,2026,20,10,25,".267",".800",".450","1.250",".326",".633",".511",".480",".495","94.7","15",38.5,23.1,61.5,25,39.5,61.5,15.4,38.5,30.8,30.8
"Woodruff, Brandon",605540,2026,121,20.7,5.8,".216",".369",".264","0.633",".221",".377",".277",".280",".272","89.7","22.9",29.5,8,33,22.8,51.8,27.3,37.5,30.7,39.8,19.3
"Petersen, Michael",656848,2026,54,27.8,9.3,".184",".245",".259","0.504",".193",".415",".238",".298",".268","91.2","23.4",26.5,14.7,38.2,26.5,46.2,38.2,23.5,32.4,44.1,11.8
"Tidwell, Blade",694918,2026,47,21.3,6.4,".233",".326",".298","0.624",".242",".352",".286",".296",".306","86.3","22.2",30.3,6.1,36.4,31,47.8,39.4,30.3,36.4,15.2,24.2
"Allard, Kolby",663465,2026,45,20,6.7,".390",".659",".444","1.103",".317",".533",".473",".386",".378","89.9","10.1",50,15.6,43.8,17.4,52,53.1,15.6,40.6,21.9,31.3
"Detmers, Reid",672282,2026,168,26.2,5.4,".242",".379",".292","0.671",".220",".335",".297",".269",".273","88.2","19.4",29.5,6.3,35.7,28.5,50.4,38.4,20.5,38.4,28.6,23.2
"Cavalli, Cade",676917,2026,165,24.2,10.3,".298",".390",".388","0.778",".238",".327",".355",".309",".340","89.1","8.6",37.9,6.8,35.9,25.7,44.9,35,30.1,44.7,24.3,27.2
"Williamson, Brandon",682227,2026,128,14.8,15.6,".255",".431",".383","0.814",".276",".486",".365",".390",".404","88.1","18.7",34.9,10.5,41.9,24.1,43.2,36,23.3,33.7,32.6,23.3
"McCullers Jr., Lance",621121,2026,133,24.8,12.8,".237",".430",".346","0.776",".238",".385",".348",".330",".347","91.6","13.2",39.5,8.6,48.1,27.9,42.2,49.4,18.5,45.7,23.5,22.2
"Nicolas, Kyle",693312,2026,42,16.7,31,".276",".414",".500","0.914",".272",".444",".428",".437",".509","87.2","27.5",36.4,5,31.8,23.7,29.8,40.9,27.3,27.3,31.8,27.3
"Peralta, Freddy",642547,2026,164,25.6,9.8,".207",".317",".294","0.611",".235",".358",".283",".305",".319","87.9","12.1",36.5,4.8,39.4,30.1,47,42.3,26.9,44.2,26,25
"Pivetta, Nick",601713,2026,66,36.4,9.1,".200",".267",".273","0.540",".154",".228",".251",".213",".231","86.2","24.1",25,2.8,30.6,26.1,48.8,30.6,33.3,33.3,33.3,16.7
"Kelly, Merrill",518876,2026,98,14.3,15.3,".358",".691",".454","1.145",".367",".712",".484",".487",".461","91.2","12.9",49.3,18.8,44.9,29.7,43.1,36.2,17.4,37.7,27.5,33.3
"De Los Santos, Enyel",660853,2026,61,19.7,6.6,".263",".404",".311","0.715",".242",".364",".318",".290",".292","88.9","19.5",46.7,4.4,37.8,28.2,55.3,42.2,24.4,26.7,37.8,28.9
"Kelly, Michael",547184,2026,22,18.2,18.2,".333",".611",".455","1.066",".303",".412",".461",".382",".430","85.6","20",42.9,14.3,42.9,25.7,44.3,57.1,21.4,28.6,14.3,35.7
"Pallante, Andre",669467,2026,138,18.8,10.1,".221",".369",".312","0.681",".239",".420",".309",".331",".328","88.5","6.9",32.3,8.3,39.6,25.3,43.2,34.4,27.1,51,25,20.8
"Wilcox, Cole",677961,2026,70,21.4,17.1,".309",".400",".443","0.843",".313",".487",".384",".409",".448","90.9","5.6",41.5,12.5,46.3,30,48.1,43.9,12.2,43.9,17.1,36.6
"Ginn, J.T.",669372,2026,123,18.7,11.4,".215",".393",".309","0.702",".227",".365",".315",".308",".319","86.9","10",22.4,7.1,34.1,25.1,45.2,42.4,23.5,48.2,27.1,15.3
"Akin, Keegan",669211,2026,22,18.2,0,".409",".773",".409","1.182",".378",".559",".508",".403",".378","91.7","24",50,5.6,38.9,20.5,50,33.3,22.2,27.8,33.3,27.8
"Hudson, Bryan",663542,2026,72,27.8,11.1,".254",".288",".343","0.631",".218",".276",".289",".269",".314","88.3","5.5",25.6,0,32.6,25.2,44.3,46.5,23.3,65.1,16.3,18.6
"Povich, Cade",700249,2026,68,16.2,7.4,".254",".460",".309","0.769",".282",".465",".338",".348",".336","91.5","14.7",23.1,9.6,44.2,28.1,46.4,40.4,25,44.2,28.8,19.2
"Irvin, Jake",663623,2026,154,25.3,9.7,".224",".358",".318","0.676",".243",".443",".309",".344",".336","89.4","15.9",34.4,12.5,47.9,26,44.9,42.7,25,37.5,30.2,24
"Mantiply, Joe",573009,2026,57,28.1,5.3,".280",".400",".327","0.727",".258",".441",".324",".327",".310","91","3.5",32.4,10.8,45.9,17.9,52.2,29.7,21.6,51.4,10.8,32.4
"Bibee, Tanner",676440,2026,172,20.9,9.3,".269",".429",".337","0.766",".249",".409",".342",".321",".319","91.4","13.7",29.2,8.3,47.5,27.3,46.5,38.3,20.8,43.3,23.3,23.3
"King, John",667463,2026,56,25,8.9,".063",".125",".179","0.304",".167",".281",".149",".246",".269","86.3","10.9",31.4,5.7,25.7,27.6,43.7,40,28.6,48.6,22.9,20
"Wiemer, Joey",686894,2026,7,0,14.3,".500",".500",".571","1.071",".417",".490",".464",".433",".526","91.2","16.5",40,0,20,0,38.1,60,40,40,40,20
"Pushard, Matt",690155,2026,7,14.3,14.3,".600",".600",".571","1.171",".449",".530",".488",".411",".466","85.2","27.2",20,0,40,15.4,41.9,0,40,20,60,20
"Scherzer, Max",453286,2026,84,11.9,9.5,".297",".608",".369","0.977",".291",".561",".419",".397",".367","89.1","24.7",40,13.8,38.5,13.8,50.7,49.2,16.9,27.7,29.2,24.6
"Whitlock, Garrett",676477,2026,62,27.4,9.7,".236",".400",".311","0.711",".256",".452",".319",".342",".330","89.4","12.9",30.8,10.3,30.8,26,51.6,33.3,30.8,43.6,28.2,17.9
"Arrighetti, Spencer",681293,2026,101,24.8,13.9,".195",".280",".337","0.617",".247",".424",".297",".371",".386","87.7","16.8",41.4,8.6,34.5,28.9,42,41.4,17.2,36.2,27.6,29.3
"Díaz, Edwin",621242,2026,33,30.3,15.2,".333",".444",".455","0.899",".244",".354",".402",".333",".386","89.2","16",41.2,6.3,35.3,20.7,43.9,58.8,5.9,35.3,35.3,29.4
"Johnson, Seth",686751,2026,21,19,14.3,".294",".353",".429","0.782",".253",".409",".369",".364",".395","84.9","16.4",38.5,15.4,30.8,17.5,44.4,61.5,0,38.5,15.4,30.8
"Edwards Jr., Carl",605218,2026,25,44,16,".143",".286",".280","0.566",".159",".250",".268",".260",".293","93.6","15.9",40,10,40,51.2,43.4,50,30,40,40,20
"Garcia, Rico",670329,2026,54,33.3,9.3,".020",".082",".111","0.193",".162",".234",".104",".220",".239","83.1","10.6",16.1,3.2,22.6,39,47.6,35.5,22.6,58.1,12.9,16.1
"Peralta, Wandy",593974,2026,69,20.3,8.7,".274",".500",".348","0.848",".255",".411",".372",".327",".330","87.5","11.1",47.9,6.3,33.3,25.5,53.9,39.6,25,39.6,22.9,33.3
"Dreyer, Jack",676263,2026,61,31.1,8.2,".204",".296",".283","0.579",".186",".341",".269",".273",".268","90.6","22.5",33.3,8.3,44.4,29.4,47.8,22.2,33.3,25,44.4,16.7
"Estrada, Jeremiah",669093,2026,39,33.3,12.8,".182",".333",".289","0.622",".228",".414",".286",".329",".330","82.8","18.9",57.1,14.3,47.6,35.7,46.4,19,38.1,28.6,28.6,28.6
"Silseth, Chase",681217,2026,54,18.5,18.5,".262",".381",".396","0.777",".236",".357",".357",".335",".376","88.8","12.9",32.4,5.9,35.3,35.2,47.7,38.2,32.4,44.1,23.5,29.4
"Skenes, Paul",694973,2026,133,29.3,5.3,".174",".306",".229","0.535",".182",".302",".241",".240",".237","86.1","12",31,6,31,24.9,51.3,42.9,23.8,48.8,20.2,20.2
"Gage, Matt",657424,2026,56,16.1,16.1,".156",".267",".291","0.558",".202",".348",".266",".316",".334","86.6","14.7",23.7,5.3,26.3,25.3,43.2,39.5,28.9,39.5,34.2,18.4
"Verlander, Justin",434378,2026,19,5.3,10.5,".353",".706",".421","1.127",".365",".690",".479",".475",".432","93.5","21.6",31.3,12.5,56.3,15.4,48.8,56.3,18.8,18.8,37.5,37.5
"Morris, Andrew",702193,2026,66,19.7,6.1,".300",".383",".338","0.721",".249",".356",".323",".285",".293","85.6","16",36.7,2,32.7,24.5,52.1,34.7,28.6,34.7,36.7,22.4
"Cantillo, Joey",676282,2026,145,24.8,11,".252",".433",".340","0.773",".237",".405",".346",".325",".327","89.3","12.8",28.3,9.8,42.4,27.3,43.4,39.1,25,45.7,28.3,18.5
"Palencia, Daniel",694037,2026,23,21.7,8.7,".190",".238",".261","0.499",".257",".408",".235",".322",".322","84.7","14.3",56.3,6.3,31.3,37.8,52.3,31.3,18.8,31.3,25,37.5
"Little, Luke",681432,2026,5,20,0,".400","1.000",".400","1.400",".338",".932",".596",".527",".338","90","-2.5",25,25,50,30,52.6,50,25,75,25,0
"Pop, Zach",647315,2026,31,19.4,9.7,".200",".320",".290","0.610",".248",".358",".274",".319",".338","93.3","11.1",23.8,4.8,47.6,15.4,40,33.3,28.6,52.4,28.6,19
"Drohan, Shane",675660,2026,59,16.9,10.2,".250",".288",".322","0.610",".258",".344",".283",".302",".329","87.1","11.1",30.2,4.7,32.6,23.4,48.9,46.5,18.6,51.2,20.9,23.3
"Weissert, Greg",669711,2026,62,29,6.5,".304",".554",".344","0.898",".255",".436",".382",".322",".312","89","6.1",43.6,7.7,43.6,24.1,47.1,41,17.9,43.6,20.5,30.8
"Doval, Camilo",666808,2026,55,27.3,5.5,".216",".451",".255","0.706",".224",".379",".304",".276",".262","90.5","7.9",16.2,5.4,51.4,34,48.8,37.8,32.4,54.1,21.6,16.2
"Skubal, Tarik",669373,2026,166,27.1,3.6,".222",".329",".253","0.582",".262",".354",".259",".284",".292","89.9","8.3",36,5.3,43,29.8,52.1,37.7,21.1,48.2,22.8,25.4
"Brown, Ben",676962,2026,101,23.8,7.9,".198",".253",".257","0.510",".215",".292",".236",".267",".281","89.1","6.9",26.1,4.3,34.8,24.9,44.1,37.7,21.7,52.2,18.8,18.8
"Ryan, Joe",657746,2026,157,25.5,6.4,".217",".364",".274","0.638",".213",".350",".284",".282",".275","89","19.8",31.4,10.5,38.1,24.7,50.2,46.7,24.8,36.2,29.5,21.9
"Brash, Matt",666374,2026,38,21.1,5.3,".091",".152",".162","0.314",".243",".394",".136",".308",".315","89.7","13.6",37,7.4,40.7,30,40.5,33.3,14.8,40.7,14.8,33.3
"Agnos, Zach",688642,2026,86,19.8,10.5,".293",".453",".365","0.818",".277",".429",".358",".337",".351","85.8","11.8",41.7,10,33.3,29.1,51.5,45,18.3,46.7,26.7,23.3
"Mattson, Isaac",676755,2026,72,16.7,12.5,".242",".274",".333","0.607",".313",".508",".287",".390",".395","91.6","22",49,11.8,49,19,46.8,23.5,43.1,17.6,37.3,37.3
"Mlodzinski, Carmen",669387,2026,154,26,8.4,".279",".390",".346","0.736",".264",".407",".331",".331",".335","92.2","13.5",34.7,9.2,54.1,22.9,43.9,39.8,23.5,45.9,18.4,27.6
"Roa, Christian",685005,2026,43,14,16.3,".313",".500",".465","0.965",".297",".493",".429",".418",".455","91.8","23.8",44.4,7.4,63,24.7,45.5,40.7,29.6,33.3,25.9,25.9
"Criswell, Cooper",681867,2026,56,25,5.4,".216",".392",".268","0.660",".246",".454",".284",".318",".298","92.3","7.9",23.7,10.5,52.6,26.6,48.9,39.5,21.1,55.3,34.2,10.5
"Keller, Brad",641745,2026,59,25.4,6.8,".222",".333",".288","0.621",".224",".312",".284",".273",".290","88.8","8.8",23.1,5.1,41,24.3,46.1,17.9,28.2,53.8,23.1,20.5
"Mears, Nick",683232,2026,50,20,14,".146",".268",".265","0.533",".268",".473",".249",".364",".368","89.1","11.4",33.3,15.6,51.5,22,43.3,36.4,18.2,51.5,27.3,18.2
"Petty, Chase",695534,2026,23,4.3,8.7,".190",".381",".261","0.642",".309",".526",".286",".385",".369","85.2","5.6",35,10,30,18.4,50.7,20,20,40,30,25
"Henriquez, Edgardo",683618,2026,46,21.7,13,".237",".368",".370","0.738",".214",".332",".343",".318",".351","84.5","10.7",14.3,3.6,28.6,24.1,45.9,50,25,57.1,17.9,10.7
"Young, Brandon",687064,2026,68,13.2,7.4,".290",".468",".338","0.806",".286",".535",".354",".372",".336","90.7","12.2",33.3,9.3,46.3,18.9,50.6,33.3,18.5,40.7,29.6,24.1
"Junis, Jakob",596001,2026,58,10.3,6.9,".135",".173",".224","0.397",".250",".354",".187",".301",".327","85","9.7",32.6,2.2,28.3,10.8,47.7,45.7,23.9,45.7,30.4,17.4
"Hicks, Jordan",663855,2026,66,12.1,18.2,".308",".385",".424","0.809",".248",".289",".360",".302",".380","91","11",21.7,0,32.6,13.9,43.3,37,26.1,54.3,26.1,17.4
"Warren, Austin",681810,2026,25,32,4,".208",".417",".240","0.657",".212",".303",".286",".239",".243","89.5","17.6",43.8,6.3,31.3,35.6,49.5,37.5,18.8,31.3,37.5,31.3
"McDonald, Trevor",686790,2026,24,33.3,0,".087",".217",".125","0.342",".212",".374",".155",".269",".245","90.8","0.8",20,6.7,46.7,24.4,50.6,33.3,6.7,66.7,13.3,13.3
"Alvarado, Elvis",665660,2026,44,20.5,15.9,".297",".514",".409","0.923",".252",".603",".408",".412",".371","91.3","15.2",39.3,25,50,34.8,50.5,28.6,14.3,35.7,50,14.3
"Gray, Sonny",543243,2026,99,13.1,5.1,".269",".430",".313","0.743",".301",".510",".329",".369",".346","88.1","6.1",33.8,12,37.5,18.6,44.1,48.8,15,53.8,21.3,21.3
"Burke, Brock",656271,2026,72,27.8,11.1,".254",".381",".347","0.728",".258",".392",".331",".334",".352","88","15.4",44.2,11.9,39.5,33.3,45.4,32.6,23.3,41.9,20.9,25.6
"Voth, Austin",608723,2026,12,8.3,8.3,".273",".364",".333","0.697",".236",".337",".316",".284",".300","91.9","22.2",40,0,40,11.1,36.7,30,20,30,20,30
"Lovelady, Richard",663992,2026,65,20,13.8,".273",".364",".375","0.739",".253",".364",".317",".302",".358","88.6","7.4",30.2,4.7,32.6,24.5,46.4,30.2,20.9,51.2,20.9,20.9
"Treinen, Blake",595014,2026,44,27.3,6.8,".275",".550",".341","0.891",".286",".536",".387",".382",".352","86.9","7.3",35.7,18.5,42.9,26.5,48,53.6,17.9,57.1,28.6,14.3
"Svanson, Matt",694335,2026,88,18.2,13.6,".320",".533",".420","0.953",".331",".529",".421",".418",".430","92.7","15.7",39,6.8,54.2,17.6,45.9,30.5,28.8,39,28.8,23.7
"Ober, Bailey",641927,2026,157,18.5,8.3,".211",".352",".287","0.639",".238",".387",".289",".310",".310","85.5","20.1",27.4,8,30.1,21.2,45.1,42.5,23,37.2,27.4,19.5
"Baz, Shane",669358,2026,176,18.8,9.1,".294",".490",".358","0.848",".274",".425",".367",".340",".347","89","13.8",40,8.8,38.4,22.6,46.5,36,32.8,37.6,23.2,32
"Lowder, Rhett",695076,2026,153,17,9.2,".252",".353",".320","0.673",".279",".421",".306",".339",".347","90.7","15.6",36.3,7.3,38.9,19.4,41.7,43.4,24.8,43.4,26.5,23.9
"Gusto, Ryan",687473,2026,3,33.3,0,".000",".000",".000","0.000",".397","1.000",".000",".579",".397","103.6","10.2",50,50,100,50,33.3,0,50,50,0,50
"Bido, Osvaldo",674370,2026,72,15.3,13.9,".250",".450",".375","0.825",".269",".461",".371",".377",".391","89.7","18.1",38.8,10.2,44.9,21.9,44.1,42.9,24.5,32.7,32.7,28.6
"Hall, DL",669084,2026,67,28.4,16.4,".164",".255",".313","0.568",".204",".322",".277",".311",".347","87","12",27.8,11.1,36.1,30.2,39.5,38.9,16.7,47.2,16.7,19.4
"García, Luis",472610,2026,48,8.3,8.3,".372",".535",".438","0.973",".357",".519",".430",".412",".427","89","11.4",43.6,2.7,51.3,21.3,52.8,25.6,35.9,43.6,20.5,35.9
"Mayza, Tim",641835,2026,75,24,9.3,".179",".284",".267","0.551",".202",".326",".250",".271",".287","90.1","5.5",30.6,4.1,44.9,23.4,43.5,28.6,26.5,53.1,26.5,20.4
"Sanders, Cam",676742,2026,15,26.7,13.3,".333",".500",".429","0.929",".136",".248",".413",".240",".259","90.4","29.3",33.3,11.1,22.2,16.7,42.1,33.3,44.4,33.3,22.2,22.2
"Hoffman, Nolan",676510,2026,15,13.3,6.7,".385",".385",".400","0.785",".296",".391",".348",".308",".324","84","19",16.7,0,25,20.8,43.6,33.3,41.7,41.7,16.7,25
"Singer, Brady",663903,2026,153,13.1,5.9,".333",".560",".379","0.939",".307",".526",".409",".382",".360","92.1","14.3",37.7,10.2,45.9,20,46.2,39.3,18.9,41,23.8,31.1
"Enns, Dietrich",608650,2026,27,29.6,22.2,".211",".316",".370","0.686",".249",".386",".319",".358",".405","94.7","19.4",46.2,7.7,53.8,38,37.6,30.8,15.4,23.1,38.5,38.5
"Webb, Jacob",657097,2026,63,25.4,11.1,".291",".491",".365","0.856",".293",".532",".376",".389",".371","92.5","11.6",35,12.8,50,31.3,48.1,42.5,15,47.5,25,22.5
"Sánchez, Cristopher",650911,2026,209,28.7,6.7,".266",".370",".317","0.687",".224",".356",".309",".281",".279","89.7","1.9",31.3,9.7,44,32.1,50.5,37.3,23.1,58.2,14.9,22.4
"Molina, Anthony",683627,2026,6,0,16.7,".000",".000",".167","0.167",".159",".308",".118",".283",".299","86.1","-10.7",0,0,40,27.3,42.3,60,0,80,20,0
"Feltner, Ryan",663372,2026,88,19.3,9.1,".275",".563",".341","0.904",".278",".573",".390",".390",".344","89.5","13.2",33.3,15.9,49.2,25.5,50.6,38.1,23.8,42.9,33.3,20.6
"Burke, Sean",680732,2026,156,20.5,5.1,".219",".349",".265","0.614",".250",".372",".274",".293",".293","88.6","13.3",33,4.3,36.5,18.8,49.3,36.5,25.2,44.3,23.5,24.3
"Fisher, Braydon",680755,2026,70,25.7,10,".226",".371",".314","0.685",".247",".394",".305",".319",".333","88.9","15.4",36.4,11.4,40.9,29.6,44.6,54.5,13.6,34.1,29.5,29.5
"Springs, Jeffrey",605488,2026,158,22.2,7.6,".213",".383",".278","0.661",".201",".355",".293",".285",".276","87.5","18.3",31.2,8.3,31.2,27,43.6,41.3,24.8,35.8,33,20.2
"Gilbert, Logan",669302,2026,185,23.2,5.4,".275",".497",".324","0.821",".277",".467",".359",".343",".326","91.6","16",40.3,10.1,48.8,29,48.5,47.3,17.1,38.8,29.5,26.4
"Granillo, Andre",701552,2026,50,6,16,".333",".538",".449","0.987",".295",".440",".433",".396",".426","91","21.3",36.8,13.2,39.5,9.5,37.4,42.1,15.8,34.2,36.8,23.7
"Farris, Mitch",815083,2026,51,17.6,7.8,".319",".426",".373","0.799",".306",".420",".359",".343",".360","85.2","11.2",44.7,2.6,28.9,30.4,50,36.8,21.1,42.1,10.5,39.5
"Marinaccio, Ron",676760,2026,83,16.9,7.2,".286",".429",".337","0.766",".253",".416",".341",".316",".307","86.2","15",30.2,4.8,31.7,26.9,48.3,39.7,15.9,46,23.8,20.6
"Sale, Chris",519242,2026,164,29.9,7.3,".176",".297",".256","0.553",".195",".325",".256",".270",".273","87.8","11",27.3,8.1,32.3,27.6,50.2,42.4,18.2,46.5,29.3,18.2
"Adam, Jason",592094,2026,39,12.8,5.1,".167",".250",".231","0.481",".174",".295",".224",".240",".237","82.5","6.3",16.1,6.5,32.3,30.1,55.4,54.8,16.1,51.6,29,9.7
"Taylor, Grant",691799,2026,73,34.2,8.2,".254",".343",".315","0.658",".207",".304",".299",".260",".273","90","13.6",38.1,7.3,45.2,27.3,48.9,31,23.8,40.5,26.2,28.6
"Domínguez, Seranthony",622554,2026,60,28.3,15,".167",".375",".317","0.692",".232",".462",".309",".367",".378","91.5","20.8",40.6,12.5,40.6,30.2,41.2,37.5,25,34.4,31.3,25
"Parker, Mitchell",680730,2026,55,21.8,7.3,".229",".313",".302","0.615",".263",".376",".284",".316",".332","92.3","8.3",39.5,5.3,52.6,34.3,52,47.4,18.4,52.6,13.2,28.9
"Beeks, Jalen",656222,2026,61,23,6.6,".214",".339",".267","0.606",".238",".419",".266",".302",".289","89.5","13.3",27.9,9.3,44.2,25.3,43.4,34.9,18.6,48.8,30.2,16.3
"Rangel, Alan",660604,2026,12,41.7,0,".250",".333",".250","0.583",".293",".326",".257",".273",".293","86.1","28.7",42.9,0,14.3,31.6,43.2,42.9,14.3,28.6,14.3,28.6
"Suarez, José",660761,2026,79,26.6,15.2,".328",".388",".430","0.818",".244",".322",".378",".316",".359","90.2","13.4",34.8,2.2,43.5,28,50,45.7,10.9,45.7,15.2,32.6
"Falter, Bailey",663559,2026,20,20,10,".444",".722",".500","1.222",".251",".332",".528",".295",".326","86.9","16.6",57.1,0,21.4,28.6,41.2,50,21.4,21.4,28.6,50
"Leahy, Kyle",681517,2026,159,17,8.2,".310",".500",".380","0.880",".301",".495",".389",".378",".372","91.5","4.8",34.8,11.3,50.4,20.3,43.9,35.7,20,51.3,19.1,26.1
"Johnson, Pierce",572955,2026,57,22.8,7,".294",".529",".339","0.868",".322",".630",".374",".420",".366","91.9","17.4",47.5,15,42.5,22.6,43.9,32.5,32.5,25,37.5,32.5