"last_name, first_name","player_id","year","player_age","ab","pa","hit","single","double","triple","home_run","strikeout","walk","k_percent","bb_percent","batting_avg","slg_percent","on_base_percent","on_base_plus_slg","isolated_power","xba","xslg","woba","xwoba","xobp","xiso","avg_swing_speed","fast_swing_rate","blasts_contact","blasts_swing","squared_up_contact","squared_up_swing","avg_swing_length","swords","attack_angle","attack_direction","ideal_angle_rate","vertical_swing_path","exit_velocity_avg","launch_angle_avg","sweet_spot_percent","barrel","barrel_batted_rate","hard_hit_percent","avg_best_speed","avg_hyper_speed","whiff_percent","swing_percent","pull_percent","straightaway_percent","opposite_percent","groundballs_percent","flyballs_percent","linedrives_percent"
"Benintendi, Andrew",643217,2026,31,76,82,17,9,4,2,2,28,5,34.1,6.1,".224",".408",".268","0.676","0.184",".245",".437",".296",".312",".289",".193","69.4",5.8,13.3,9,35.2,23.9,"7.1",2,19,-8,44.5,31.3,"89.9","23.1",42.9,6,12.2,59.2,"99.557842917","94.867658333",34.3,53.1,61.2,28.6,10.2,26.5,36.7,28.6
"Caglianone, Jac",695506,2026,23,75,83,19,13,4,1,1,25,6,30.1,7.2,".253",".373",".325","0.698","0.120",".265",".424",".318",".335",".336",".159","76",63.8,28.1,19.7,37.1,26,"7.9",3,6.8,0.2,44.9,29.9,"95.1","1.9",38,8,16,54,"107.6357408","98.5218776",33.1,46.3,30,54,16,48,18,32
"Rice, Ben",700250,2026,27,79,100,25,9,7,0,9,29,19,29,19,".316",".747",".450","1.197","0.431",".295",".632",".498",".444",".433",".337","72.4",22.8,24.8,18.6,36.7,27.6,"7.5",3,12,-6,55.2,31.7,"95.5","12.9",43.1,11,21.6,64.7,"103.906270385","97.671555098",27.3,37.1,51,35.3,13.7,43.1,29.4,25.5
"Torkelson, Spencer",679529,2026,26,81,98,17,10,4,0,3,28,16,28.6,16.3,".210",".370",".347","0.717","0.160",".235",".454",".332",".364",".368",".219","73.2",25.3,15.2,11.6,29.5,22.6,"7.8",2,15.4,-7.9,52.1,37.2,"90.4","16.6",45.3,7,13.2,47.2,"101.114604815","95.230202264",27.8,37,47.2,37.7,15.1,30.2,35.8,30.2
"O'Hoppe, Logan",681351,2026,26,75,90,16,14,1,0,1,22,11,24.4,12.2,".213",".267",".333","0.600","0.054",".186",".305",".290",".294",".318",".119","71.8",21.9,14.5,10.6,27.3,19.9,"7.7",6,14.6,-7.9,57,32.3,"87.6","16.7",27.8,5,9.3,40.7,"100.299817407","94.303260556",29.4,46.8,53.7,25.9,20.4,42.6,29.6,16.7
"Alvarez, Francisco",682626,2026,24,70,84,17,11,2,0,4,16,9,19,10.7,".243",".443",".341","0.784","0.200",".258",".532",".351",".382",".356",".274","74.7",48.9,16,12.4,29.2,22.6,"7.3",3,9.5,-2.6,64.2,28.1,"88.6","8",29.1,9,16.4,40,"100.883668571","94.589068364",25.2,45.9,47.3,40,12.7,50.9,25.5,16.4
"Norby, Connor",681393,2026,26,78,90,19,11,5,0,3,24,7,26.7,7.8,".244",".423",".333","0.756","0.179",".208",".370",".340",".301",".303",".162","70.1",3.9,7.1,5.3,34.5,25.7,"7",6,17.1,4.5,32.9,40.3,"88.8","17.3",29.1,5,9.1,40,"97.809302143","93.382881818",29,48,34.5,43.6,21.8,40,36.4,14.5
"Contreras, Willson",575929,2026,34,88,105,21,15,2,0,4,32,12,30.5,11.4,".239",".398",".362","0.760","0.159",".238",".463",".350",".366",".363",".225","76.2",66,21.5,14.2,27.1,17.9,"7.9",8,11.1,-6.6,53.4,32,"91.5","16.9",30.4,8,14.3,44.6,"104.119012593","96.311638333",38.6,44.4,48.2,35.7,16.1,39.3,26.8,23.2
"Carroll, Corbin",682998,2026,25,81,96,24,11,6,4,3,25,14,26,14.6,".296",".580",".396","0.976","0.284",".270",".505",".421",".382",".374",".235","75.1",55.9,12.6,8.6,28.2,19.1,"7.6",2,12.2,0.7,65.1,27.2,"90.3","10.2",36.8,7,12.3,38.6,"99.929242069","94.069263509",34.3,44.4,42.1,35.1,22.8,40.4,28.1,26.3
"Butler, Lawrence",671732,2026,25,82,91,15,11,2,0,2,25,9,27.5,9.9,".183",".280",".264","0.544","0.097",".245",".347",".249",".296",".320",".103","73.8",38,17.2,12,28.3,19.7,"7.1",4,4.9,5.6,38,31.6,"89.8","4",28.1,3,5.3,49.1,"103.615002143","96.177168393",30.3,45.8,33.3,38.6,28.1,50.9,19.3,24.6
"Gorman, Nolan",669357,2026,26,81,92,18,13,2,0,3,26,9,28.3,9.8,".222",".358",".293","0.651","0.136",".195",".346",".289",".270",".271",".152","72.1",21.2,12,7.9,30.6,20,"7.6",3,19.1,-8.2,47,32.4,"88.1","21.4",36.8,3,5.3,40.4,"99.145875862","93.734547018",33.7,48.2,43.9,31.6,24.6,31.6,35.1,28.1
"Hernández, Teoscar",606192,2026,33,86,93,20,12,4,0,4,29,6,31.2,6.5,".233",".419",".280","0.699","0.186",".238",".418",".308",".305",".286",".180","72",22.6,14.4,9.7,31.7,21.3,"7.8",5,11.3,1.3,49.7,33.5,"89.5","11.7",34.5,7,12.1,37.9,"99.256381379","93.794725614",34.5,47.2,36.2,41.4,22.4,48.3,25.9,20.7
"Duran, Jarren",680776,2026,29,81,88,16,10,5,0,1,23,6,26.1,6.8,".198",".296",".261","0.557","0.098",".214",".350",".257",".280",".278",".137","74.7",47.6,20.2,12.6,34.8,21.7,"7.7",0,8.9,-4.8,58,26.8,"89.6","9.7",22.4,7,12.1,39.7,"102.459131071","95.40573375",38.8,50.6,41.4,36.2,22.4,55.2,19,13.8
"Schmitt, Casey",669477,2026,27,75,81,21,12,7,0,2,18,2,22.2,2.5,".280",".453",".321","0.774","0.173",".258",".465",".342",".330",".302",".207","71.7",22.2,16.8,12.6,36.6,27.4,"7.5",3,10.1,-7.4,48.9,33.7,"91.2","21",39.7,7,12.1,50,"101.329116897","95.377323509",25.8,52.9,48.3,31,20.7,34.5,37.9,19
"Grisham, Trent",663757,2026,29,74,92,12,7,1,1,3,17,17,18.5,18.5,".162",".324",".315","0.639","0.162",".224",".433",".300",".359",".368",".209","69.6",4.7,23.9,20.8,45.7,39.6,"7.4",1,16.7,-0.4,50.9,28.3,"91.2","14.6",24.1,6,10.3,53.4,"101.107754138","95.533873966",16.9,34.2,41.4,46.6,12.1,43.1,34.5,15.5
"Carter, Evan",694497,2026,23,78,95,17,10,4,0,3,22,14,23.2,14.7,".218",".385",".333","0.718","0.167",".239",".403",".327",".336",".352",".163","70.5",16.1,10.6,8.1,33,25,"7.1",3,7.2,-6.7,43.5,32.4,"90.2","21.5",40.7,6,10.2,44.1,"99.853760357","94.380103571",24,39.3,33.9,44.1,22,30.5,33.9,25.4
"Ramos, Heliot",671218,2026,26,90,96,24,17,5,0,2,30,6,31.3,6.3,".267",".389",".313","0.702","0.122",".264",".435",".311",".321",".311",".172","71.5",16.2,14,10.1,27.9,20.1,"6.7",2,7.2,4.7,46.4,33.8,"92.8","8.3",36.7,9,15,53.3,"104.715377931","97.206695",28.7,52,35,40,25,50,23.3,23.3
"Smith, Josh",669701,2026,28,75,88,15,13,2,0,0,16,11,18.2,12.5,".200",".227",".307","0.534","0.027",".227",".347",".255",".306",".332",".120","69.3",2.8,10.5,8.3,32.5,25.7,"7",4,11.8,-6.8,51.4,35.5,"88","15.2",36.7,4,6.7,36.7,"98.872111","93.820686949",23.2,47.5,35,35,30,35,35,21.7
"Walker, Jordan",691023,2026,24,93,102,26,14,4,0,8,33,9,32.4,8.8,".280",".581",".343","0.924","0.301",".273",".590",".401",".392",".337",".317","77.6",74,24.1,16.2,30.2,20.2,"8.2",6,9.1,-6.1,59.5,32.1,"94.8","14.7",43.3,13,21.7,56.7,"106.488146","98.096575167",36.4,50.3,33.3,41.7,25,35,35,25
"Caratini, Victor",605170,2026,32,68,84,16,14,1,0,1,11,8,13.1,9.5,".235",".294",".333","0.627","0.059",".277",".405",".294",".367",".390",".129","70.6",8.9,13.8,11.6,39.4,33,"7",1,10.8,0.7,58.9,35.1,"88.1","10.6",39.3,3,4.9,34.4,"97.813420968","93.240773443",16.7,40.3,44.3,34.4,21.3,47.5,18,31.1
"Suárez, Eugenio",553993,2026,34,91,100,21,15,3,0,3,30,9,30,9,".231",".363",".300","0.663","0.132",".204",".337",".301",".276",".278",".134","70.8",10.3,9.4,6.4,26.4,17.9,"7.7",5,16.5,-2.8,46.2,38.2,"84.8","18.6",37.7,5,8.2,20,"96.595455172","92.448644561",32.6,44.9,49.2,26.2,24.6,37.7,24.6,26.2
"Sánchez, Jesús",660821,2026,28,74,83,20,14,3,0,3,15,5,18.1,6,".270",".432",".325","0.757","0.162",".330",".557",".331",".397",".380",".227","72.2",34.8,14.7,11.3,33,25.5,"6.8",1,6.5,5.8,44,30.1,"93.1","10",37.7,6,9.8,50.8,"102.67256","96.03925459",23.4,54.9,29.5,42.6,27.9,42.6,23,31.1
"Stanton, Giancarlo",519317,2026,36,90,96,23,14,6,0,3,29,6,30.2,6.3,".256",".422",".302","0.724","0.166",".245",".466",".322",".326",".292",".221","79.3",92.9,22.2,14.2,30.3,19.4,"8.4",3,11.6,-0.9,72.3,27.2,"94.1","21.5",37.7,11,18,44.3,"104.792676774","97.001259672",38.7,45.1,39.3,42.6,18,29.5,27.9,29.5
"Judge, Aaron",592450,2026,34,93,114,22,10,3,0,9,32,19,28.1,16.7,".237",".559",".372","0.931","0.322",".262",".623",".404",".428",".393",".360","75.8",59.1,18.9,12.9,30.7,21,"8.1",5,13.8,-6.6,45.7,38,"92.2","13.6",34.4,15,24.6,52.5,"104.666055161","97.228247377",33.3,41.6,49.2,29.5,21.3,41,31.1,16.4
"Bauers, Jake",641343,2026,30,79,86,19,12,2,0,5,17,7,19.8,8.1,".241",".456",".302","0.758","0.215",".271",".494",".327",".348",".330",".224","76.2",71,25.2,19.8,38.8,30.5,"7.6",7,10.5,-1.5,48.9,34.1,"93.2","10.6",27.4,6,9.7,54.8,"103.675273871","97.110917903",25.2,46.8,41.9,32.3,25.8,45.2,27.4,21
"Nuñez, Nasim",683083,2026,25,78,91,14,13,1,0,0,18,10,19.8,11,".179",".192",".281","0.473","0.013",".214",".269",".235",".272",".311",".056","67.5",2,6.8,5.2,28,21.6,"6.7",3,4.9,8.8,45.1,31.8,"84.4","6.8",33.9,0,0,19.4,"94.221328276","91.232777193",22.4,48.4,27.4,48.4,24.2,51.6,19.4,25.8
"Happ, Ian",664023,2026,31,96,112,24,13,4,0,7,33,15,29.5,13.4,".250",".510",".357","0.867","0.260",".219",".473",".380",".348",".330",".255","72",19.6,18.9,12.9,35.1,23.9,"7",2,11.9,-7.2,48.5,32.6,"89.7","10.3",31.7,10,15.9,41.3,"101.34047625","95.036321111",33.7,42.3,46,30.2,23.8,44.4,33.3,19
"Lee, Brooks",686797,2026,25,80,87,21,15,2,0,4,17,6,19.5,6.9,".263",".438",".322","0.760","0.175",".224",".347",".339",".282",".287",".123","69.9",8.6,7.3,5.9,32.5,26.3,"7.1",5,12.4,-7.7,54.6,31.3,"89.6","15.6",36.5,3,4.8,36.5,"97.767500645","93.095653443",22.3,49.7,38.1,39.7,22.2,39.7,25.4,25.4
"Johnston, Troy",687859,2026,29,82,90,26,18,6,0,2,19,6,21.1,6.7,".317",".463",".371","0.834","0.146",".267",".413",".373",".325",".325",".146","70.3",7,17,13.3,45,35.2,"6.8",1,11.3,-1.3,49.2,34.6,"89.8","10.4",46.9,2,3.1,40.6,"98.965867419","93.832116393",21.8,47.1,31.3,45.3,23.4,39.1,21.9,35.9
"House, Brady",691781,2026,23,96,102,23,16,4,0,3,32,6,31.4,5.9,".240",".375",".284","0.659","0.135",".241",".399",".296",".300",".286",".158","73.4",29.5,13,9.1,26,18.2,"7.5",5,8.1,4.2,47.2,37.3,"89.1","3.2",28.1,7,10.9,42.2,"101.28097875","94.675533906",32.2,49.8,29.7,50,20.3,56.3,25,18.8
"Swanson, Dansby",621020,2026,32,86,109,18,10,1,1,6,25,19,22.9,17.4,".209",".453",".349","0.802","0.244",".226",".465",".355",".364",".365",".240","71",7.3,14.4,10.4,39.8,28.7,"7.5",3,14.9,-2.8,61,34.2,"90.6","14.3",37.5,9,14.1,51.6,"100.933033438","95.045367344",29.6,39.2,51.6,32.8,15.6,39.1,35.9,18.8
"Dingler, Dillon",693307,2026,27,80,92,20,11,4,0,5,16,6,17.4,6.5,".250",".487",".333","0.820","0.237",".317",".641",".364",".440",".394",".324","71.3",11.6,19,15.1,37.1,29.5,"7.6",3,11.8,3.3,59.6,41.4,"91.5","9",43.8,12,18.8,54.7,"101.905436875","95.928042222",22.2,49.1,40.6,40.6,18.8,46.9,28.1,23.4
"Lowe, Brandon",664040,2026,31,89,102,22,10,5,0,7,24,12,23.5,11.8,".247",".539",".343","0.882","0.292",".248",".448",".386",".349",".344",".200","72.6",33,15.3,10.4,30.6,20.9,"7",8,15,-2.4,48.4,33.5,"86.5","16.5",33.8,8,12.3,40,"99.805306364","94.075954308",36.8,48.2,41.5,30.8,27.7,35.4,29.2,20
"Trout, Mike",545361,2026,34,90,120,21,9,4,0,8,25,28,20.8,23.3,".233",".544",".425","0.969","0.311",".283",".704",".421",".481",".464",".421","75",53.5,16.2,13.5,25.4,21.2,"7.5",7,6.9,-3.5,45.9,34.5,"91.3","21.3",36.9,16,24.6,46.2,"104.093774375","96.5076575",21.5,36.3,43.1,29.2,27.7,32.3,43.1,18.5
"Varsho, Daulton",662139,2026,29,80,88,20,13,4,0,3,14,7,15.9,8,".250",".412",".318","0.730","0.162",".264",".375",".324",".311",".331",".111","73.4",31.5,7.6,6.2,21.8,17.8,"7.6",0,8.9,-1.3,56.2,27.9,"85.2","17.8",34.8,4,6.1,34.8,"97.50377303","92.756727879",17.4,55.3,39.4,39.4,21.2,34.8,24.2,31.8
"Aranda, Jonathan",666018,2026,28,89,112,21,11,4,0,6,26,19,23.2,17,".236",".483",".366","0.849","0.247",".239",".475",".371",".373",".376",".236","70.4",9,13.2,10.7,35.4,28.7,"7.1",2,8.4,3.5,50.6,34.2,"92.3","16.8",39.4,8,12.1,47,"100.654744242","94.822859545",20.9,42.9,31.8,40.9,27.3,33.3,36.4,25.8
"Seager, Corey",608369,2026,32,91,108,20,10,4,0,6,27,14,25,13,".220",".462",".324","0.786","0.242",".243",".477",".340",".350",".345",".235","71.9",13,14.3,9.7,34.1,23.2,"6.7",7,15.3,0.8,57.8,33.3,"90.4","14.5",37.9,10,15.2,43.9,"101.599661212","95.096655758",32.9,51.2,40.9,34.8,24.2,40.9,28.8,22.7
"Smith, Cam",701358,2026,23,91,107,21,13,5,0,3,26,12,24.3,11.2,".231",".385",".321","0.706","0.154",".270",".467",".318",".358",".356",".197","78",78.6,15.7,11.2,24.6,17.6,"7.9",2,11.7,-3.8,41.8,36.2,"89.2","9.4",31.3,10,14.9,44.8,"102.525633333","95.463390152",28.6,46.5,29.9,38.8,31.3,43.3,28.4,23.9
"Friedl, TJ",670770,2026,30,88,102,14,12,2,0,0,22,10,21.6,9.8,".159",".182",".260","0.442","0.023",".178",".231",".220",".245",".281",".053","70.8",10.2,8.7,7,34,27.3,"6.9",5,10,-7,66.4,28.7,"86.5","17.3",20.6,1,1.5,23.5,"96.503644138","92.251822069",23.1,41.8,32.4,41.2,26.5,51.5,20.6,17.6
"McLain, Matt",680574,2026,26,94,112,20,13,5,0,2,26,16,23.2,14.3,".213",".330",".339","0.669","0.117",".237",".404",".314",".345",".361",".166","71.9",13.9,9.5,7.6,31,24.7,"6.9",4,10,1.6,57,31.2,"87.8","23.7",33.8,7,10.3,30.9,"97.715448529","93.066166418",22.2,42.1,32.4,38.2,29.4,33.8,36.8,14.7
"Marsh, Brandon",669016,2026,28,85,90,25,17,4,0,4,18,4,20,4.4,".294",".482",".322","0.804","0.188",".295",".477",".353",".343",".323",".182","71.2",15.4,16.9,14,37.3,30.8,"7.2",0,9.9,-2.2,43.4,37.2,"91.6","11.2",45.6,4,5.9,50,"100.684712059","95.045717015",19.5,51.9,36.8,32.4,30.9,45.6,27.9,26.5
"Cruz, Oneil",665833,2026,27,107,117,29,16,5,0,8,39,9,33.3,7.7,".271",".542",".333","0.875","0.271",".276",".568",".377",".381",".338",".292","78.9",78.1,31.1,18.9,41.2,25,"7.7",0,7.2,-6.4,42.3,34.5,"97.3","8.9",36.8,16,23.5,64.7,"108.718410294","100.312070735",39.4,46.5,50,33.8,16.2,45.6,26.5,25
"Tatis Jr., Fernando",665487,2026,27,92,108,23,19,4,0,0,28,11,25.9,10.2,".250",".293",".327","0.620","0.043",".268",".399",".289",".351",".359",".131","74.3",47.9,26,18.9,39,28.4,"7.2",3,5.8,5.5,49.1,30.2,"93.7","4.1",39.7,9,13.2,66.2,"105.259689706","98.463635522",30.4,47.2,20.6,44.1,35.3,48.5,19.1,29.4
"Durbin, Caleb",702332,2026,26,81,91,12,7,5,0,0,13,8,14.3,8.8,".148",".210",".242","0.452","0.062",".209",".266",".219",".263",".297",".057","68.2",0.9,10.2,8.6,43.9,37.1,"6.8",2,9,-2.7,63.8,27.9,"87","3.8",20.6,1,1.5,32.4,"97.239829091","92.679164848",15.9,40.4,50,36.8,13.2,66.2,10.3,17.6
"Jung, Josh",673962,2026,28,83,92,25,13,9,0,3,16,7,17.4,7.6,".301",".518",".359","0.877","0.217",".294",".421",".384",".343",".354",".128","71.1",10.8,17.1,14.4,38.5,32.4,"7",4,11.8,1.5,59,35.9,"91","11.4",39.7,2,2.9,51.5,"100.622487647","94.858370882",18.9,46.9,27.9,44.1,27.9,44.1,20.6,30.9
"Greene, Riley",682985,2026,25,95,111,28,17,8,0,3,26,16,23.4,14.4,".295",".474",".396","0.870","0.179",".292",".557",".390",".410",".394",".265","75.6",56.9,20.6,14.9,27.9,20.2,"7.3",4,14.9,0,45.2,43.4,"89.8","13.8",42,10,14.5,47.8,"102.651840571","95.83530087",27.7,43.6,30.4,43.5,26.1,40.6,33.3,23.2
"Crow-Armstrong, Pete",691718,2026,24,98,107,24,19,3,1,1,30,6,28,5.6,".245",".327",".302","0.629","0.082",".220",".334",".284",".270",".278",".114","73.7",39.8,16.4,12.6,25.3,19.4,"7.3",9,15.8,-8.1,51.3,34.1,"90.6","20.9",21.7,4,5.8,46.4,"102.410838438","95.631231875",28.4,57.7,46.4,29,24.6,44.9,27.5,14.5
"Buxton, Byron",621439,2026,32,101,111,22,12,4,1,5,32,7,28.8,6.3,".218",".426",".279","0.705","0.208",".208",".416",".311",".297",".270",".209","73.2",34.6,14.7,10.4,27.1,19.2,"8",5,14.6,-10.6,53.3,34.9,"88.3","25",34.3,11,15.7,47.1,"100.541288857","94.559597143",33.3,52.3,44.3,31.4,24.3,24.3,37.1,22.9
"O'Hearn, Ryan",656811,2026,32,84,100,28,20,4,0,4,16,13,16,13,".333",".524",".420","0.944","0.191",".307",".516",".413",".400",".405",".209","70.8",9.9,13.1,11.1,32.8,27.8,"7.1",4,10,2,47.5,31.3,"90.6","12",32.9,6,8.6,47.1,"100.716996857","95.142449714",17.9,42.7,40,31.4,28.6,45.7,27.1,25.7
"Pages, Andy",681624,2026,25,93,102,31,21,5,0,5,24,7,23.5,6.9,".333",".548",".382","0.930","0.215",".295",".461",".408",".357",".352",".166","73",30,19.7,15.8,28.3,22.6,"7.7",5,5.8,-1.6,41.6,41.5,"90.1","15.4",35.7,5,7.1,55.7,"102.311798857","95.788184429",22.6,49.5,35.7,34.3,30,37.1,22.9,30
"Bell, Josh",605137,2026,33,87,101,22,14,5,0,3,18,12,17.8,11.9,".253",".414",".347","0.761","0.161",".248",".433",".343",".342",".343",".185","71.6",22.8,14.8,11.1,32.8,24.7,"7.9",0,10.5,-2.6,66,33.8,"88.3","16.5",38.6,6,8.6,41.4,"98.908132","93.670425714",25.4,46.3,51.4,28.6,20,31.4,30,30
"Merrill, Jackson",701538,2026,23,95,106,20,11,6,0,3,26,8,24.5,7.5,".211",".368",".279","0.647","0.157",".233",".444",".288",".320",".299",".211","73.5",30.6,12.3,8.7,21.7,15.3,"7.7",3,10.1,-0.3,45.9,39.7,"88.6","12.6",31,9,12.7,46.5,"100.699196286","94.676137971",29.9,56.9,35.2,38,26.8,43.7,25.4,23.9
"Meidroth, Chase",805367,2026,24,91,106,23,17,5,0,1,22,12,20.8,11.3,".253",".341",".340","0.681","0.088",".246",".359",".315",".313",".334",".113","67",1.4,13.6,11.4,42.4,35.7,"6.5",2,8.9,4.6,52.1,31.7,"88.9","7.2",29.6,3,4.2,39.4,"98.510428824","93.613186765",17.2,36.1,38,29.6,32.4,53.5,21.1,22.5
"Rocchio, Brayan",677587,2026,25,82,95,23,17,3,0,3,10,10,10.5,10.5,".280",".427",".372","0.799","0.147",".271",".388",".363",".338",".365",".118","69.7",7.3,8.7,6.7,32.5,25,"7.3",3,8.6,-8.2,53.7,27.2,"86.3","12",28.8,2,2.7,30.1,"97.696740571","92.863721571",22.5,47.7,39.7,37,23.3,46.6,17.8,23.3
"Busch, Michael",683737,2026,28,96,108,20,15,3,0,2,24,11,22.2,10.2,".208",".302",".287","0.589","0.094",".214",".321",".273",".277",".292",".107","67.4",1.9,9.7,7.5,36.3,28.3,"6.9",7,15.6,-2.9,55.3,34.3,"84.1","11.8",26,5,6.8,31.5,"96.439284865","92.283433425",24.4,46,39.7,27.4,32.9,50.7,31.5,13.7
"Semien, Marcus",543760,2026,35,92,102,21,15,5,0,1,20,7,19.6,6.9,".228",".315",".287","0.602","0.087",".238",".384",".275",".302",".299",".146","68.1",1.2,9.3,7.4,38.8,30.7,"7.8",7,15.3,-4,64.4,33.9,"86.8","20.9",35.1,6,8.1,33.8,"97.31385","92.692306389",23.7,50.4,45.9,41.9,12.2,29.7,39.2,24.3
"Lindor, Francisco",596019,2026,32,93,105,21,15,2,2,2,19,11,18.1,10.5,".226",".355",".314","0.669","0.129",".253",".433",".306",".341",".339",".180","73",27.6,14.5,10.8,29,21.6,"7.5",3,13,-2.8,55.1,34.2,"90.9","14.8",31.1,7,9.5,43.2,"100.295103784","94.53938",25.8,45.5,41.9,33.8,24.3,39.2,25.7,28.4
"Dubón, Mauricio",643289,2026,31,92,99,26,17,7,0,2,18,6,18.2,6.1,".283",".424",".333","0.757","0.141",".250",".380",".339",".302",".303",".130","69",2.6,11.5,9.7,34.4,29.2,"7.6",2,4.8,1.6,37,30.5,"87.2","18.3",35.1,5,6.8,31.1,"97.338211351","92.68421473",17.8,48.1,29.7,40.5,29.7,36.5,28.4,24.3
"Pasquantino, Vinnie",686469,2026,28,94,109,15,9,2,1,3,23,11,21.1,10.1,".160",".298",".248","0.546","0.138",".213",".352",".249",".287",".294",".140","69.7",4.3,10.6,8.7,31.1,25.5,"7.2",3,11.2,-12.9,63,28.1,"89.2","19.2",31.1,6,8.1,36.5,"98.956727297","93.730593562",18.3,47.4,50,24.3,25.7,35.1,31.1,21.6
"Arozarena, Randy",668227,2026,31,97,113,28,19,7,0,2,23,12,20.4,10.6,".289",".423",".381","0.804","0.134",".263",".396",".364",".342",".363",".132","69.5",15.7,12.2,8.7,36.6,26.2,"7.1",1,8.3,4.7,60.5,26.4,"89.4","4.9",33.3,6,8,36,"99.448528947","94.084576933",27.7,44.9,34.7,34.7,30.7,56,17.3,24
"Rodríguez, Julio",677594,2026,25,102,116,24,20,3,0,1,27,12,23.3,10.3,".235",".294",".328","0.622","0.059",".234",".358",".290",".307",".327",".124","76.2",65.9,13.1,9.1,21.4,14.9,"7.7",4,7.2,-2.8,40.9,31.3,"87.8","7.2",28,4,5.3,37.3,"100.064676579","94.139727467",31.1,50.1,37.3,46.7,16,52,20,21.3
"Henderson, Gunnar",683002,2026,25,111,124,23,10,4,1,8,37,11,29.8,8.9,".207",".477",".282","0.759","0.270",".233",".417",".331",".318",".307",".184","74.5",47.6,15.2,11.5,26.9,20.3,"7.5",5,13.5,-3.3,49.3,30.8,"90.8","18.4",33.3,9,12,50.7,"101.162293947","95.359873467",27,47.3,52,30.7,17.3,38.7,29.3,22.7
"Torres, Gleyber",650402,2026,29,95,118,22,19,2,0,1,20,21,16.9,17.8,".232",".284",".373","0.657","0.052",".244",".331",".318",".333",".383",".087","67.2",1.2,5,4,32.9,26.6,"7",1,8,8.9,57.8,35.1,"83.2","4.3",35.5,4,5.3,23.7,"94.302314474","91.166286316",20.3,38.6,13.2,42.1,44.7,50,26.3,23.7
"Walker, Christian",572233,2026,35,95,110,26,14,7,0,5,19,13,17.3,11.8,".274",".505",".364","0.869","0.231",".251",".436",".380",".340",".344",".185","74.1",40.3,19.9,15.3,33.1,25.6,"7.3",8,7.5,-3.2,46.6,28.7,"89.7","12.3",32.5,9,11.7,46.8,"101.842928205","95.299442338",26.8,47.5,37.7,33.8,28.6,45.5,24.7,20.8
"Riley, Austin",663586,2026,29,102,116,22,14,5,0,3,24,12,20.7,10.3,".216",".353",".310","0.663","0.137",".229",".396",".305",".320",".322",".167","74.9",49.5,15.6,11.3,32,23,"7.5",3,11.4,-4.5,48,31,"90.4","20.3",28.2,7,9,44.9,"101.190658974","94.959215513",30.4,46.4,42.3,29.5,28.2,42.3,26.9,17.9
"Rumfield, TJ",681198,2026,26,94,105,25,17,4,1,3,17,9,16.2,8.6,".266",".426",".333","0.759","0.160",".273",".448",".339",".343",".340",".175","69.4",10.3,11.7,9.2,31,24.5,"6.7",1,11.2,-4.8,47.3,35.5,"86.4","12.9",39.7,7,9,38.5,"98.577042821","93.28852141",21,51.2,48.7,30.8,20.5,39.7,26.9,28.2
"Naylor, Josh",647304,2026,29,96,108,19,14,2,0,3,19,10,17.6,9.3,".198",".313",".278","0.591","0.115",".246",".394",".268",".312",".321",".148","70.4",8,11.8,9.2,37,28.8,"7.6",3,11.9,-12.6,55.8,29.1,"87.1","14.6",32.1,5,6.4,37.2,"98.048997949","93.326259091",22.2,56.3,47.4,32.1,20.5,43.6,20.5,21.8
"Contreras, William",661388,2026,28,90,101,25,17,6,0,2,12,11,11.9,10.9,".278",".411",".356","0.767","0.133",".276",".436",".344",".346",".355",".160","73.3",34,17.2,14.3,36.9,30.6,"7.2",1,10.5,-0.4,66.7,26.9,"90.6","12.9",26.9,6,7.7,43.6,"101.247295641","94.878383718",17.6,44.7,42.3,34.6,23.1,41,21.8,24.4
"Olson, Matt",621566,2026,32,108,122,31,13,11,0,7,30,13,24.6,10.7,".287",".583",".361","0.944","0.296",".247",".578",".405",".379",".326",".331","74.7",45.4,21,16.6,30.2,23.9,"7.6",4,10.3,-1.7,53.2,34.2,"92.1","15.8",35.4,14,17.7,48.1,"104.2331045","96.533101646",23.7,43.4,36.7,38,25.3,41.8,31.6,15.2
"Hicks, Liam",689414,2026,27,82,92,26,18,3,0,5,6,5,6.5,5.4,".317",".537",".359","0.896","0.220",".321",".458",".387",".363",".369",".138","67.9",0.8,15,14.1,42.5,39.8,"6.8",0,8.2,-4.6,51.6,31.4,"87.7","12.9",36.7,5,6.3,39.2,"98.48453475","93.401043544",6.8,43.7,39.2,40.5,20.3,39.2,21.5,32.9
"Lopez, Otto",672640,2026,27,97,106,32,22,5,2,3,19,6,17.9,5.7,".330",".515",".377","0.892","0.185",".298",".483",".393",".360",".349",".185","71.9",24.8,25.2,20.3,39,31.4,"6.8",6,5.3,-2.8,45.1,30.3,"92.9","4.8",24.1,9,11.4,54.4,"103.368475385","96.602417564",21,46.8,36.7,41.8,21.5,53.2,24.1,21.5
"Lee, Jung Hoo",808982,2026,27,91,100,25,17,6,0,2,14,7,14,7,".275",".407",".320","0.727","0.132",".283",".372",".323",".316",".333",".089","68.6",3.9,10.6,9.2,41.7,36.2,"7.6",1,4.7,-4.9,32.2,39.1,"88.9","12.6",36.7,1,1.3,36.7,"97.63575725","93.148847975",14.5,43.9,29.1,41.8,29.1,45.6,20.3,30.4
"Guerrero Jr., Vladimir",665489,2026,27,93,107,30,23,5,0,2,13,13,12.1,12.1,".323",".441",".411","0.852","0.118",".317",".484",".378",".383",".406",".167","76.3",62.4,22,17.6,34.8,27.9,"7.4",0,2.7,-1.8,37,29.1,"92.4","5.1",31.3,10,12.5,45,"103.85876625","96.188809875",21.4,48.4,36.3,41.3,22.5,55,16.3,23.8
"Altuve, Jose",514888,2026,36,101,116,27,17,7,0,3,21,15,18.1,12.9,".267",".426",".362","0.788","0.159",".257",".391",".353",".330",".353",".134","69.2",11,11.1,8.6,38.9,30.1,"7.7",3,15.6,-4.2,50.9,28.6,"85.8","7",33.8,6,7.5,37.5,"97.82325725","92.986806375",24.2,45.3,43.8,48.8,7.5,50,17.5,25
"Witt Jr., Bobby",677951,2026,26,99,114,28,20,8,0,0,21,13,18.4,11.4,".283",".364",".360","0.724","0.081",".312",".482",".323",".381",".395",".169","73.3",36.7,18.6,13.3,31,22.2,"7",3,6.1,-2.1,51.1,27.9,"92.4","19.1",37.5,9,11.3,53.8,"104.22879775","96.834291772",27,49,28.7,41.3,30,32.5,20,32.5
"Bogaerts, Xander",593428,2026,33,90,101,26,20,2,0,4,10,11,9.9,10.9,".289",".444",".366","0.810","0.155",".304",".486",".365",".378",".380",".182","71.7",23.4,17.3,13.7,38.8,30.6,"7.3",2,11.4,-4.5,58.9,32.5,"90.2","10.1",35,6,7.5,42.5,"100.71421125","94.8478415",20.4,43.2,46.3,32.5,21.3,47.5,25,21.3
"Acuña Jr., Ronald",660670,2026,28,102,123,24,16,5,1,2,22,16,17.9,13,".235",".363",".350","0.713","0.128",".268",".514",".325",".393",".383",".247","75.5",57.2,17.1,13.4,28.5,22.4,"7.6",8,10.7,5.8,58.7,38.1,"88.6","16.6",32.9,11,13.4,42.7,"101.715663659","95.145176098",25,46.2,39,29.3,31.7,42.7,28,19.5
"Ramírez, José",608070,2026,33,98,118,23,12,5,0,6,16,20,13.6,16.9,".235",".469",".364","0.833","0.234",".299",".552",".367",".415",".418",".252","70",15.7,13.8,11.5,29.4,24.6,"7.2",3,9.7,-10.6,59.7,31.3,"90.4","25.5",37.8,10,12.2,45.1,"100.923547073","94.892016707",17.3,44.7,45.1,39,15.9,22,45.1,20.7
"Schanuel, Nolan",694384,2026,24,96,108,22,15,4,0,3,16,10,14.8,9.3,".229",".365",".296","0.661","0.136",".247",".332",".297",".292",".317",".085","67.7",4.7,9.5,8,38.9,32.7,"6.7",4,7,-2.9,49.7,33.2,"86.9","9.6",30.5,2,2.4,30.5,"96.76872","92.386174634",17,40.9,36.6,36.6,26.8,50,19.5,25.6
"Chapman, Matt",656305,2026,33,102,109,29,23,4,1,1,20,7,18.3,6.4,".284",".373",".330","0.703","0.089",".249",".320",".318",".278",".299",".070","75.5",58,16,12.7,29.6,23.6,"7.3",2,2.9,-1,38.9,26.4,"88","4.1",20.7,3,3.7,33.3,"100.569578","94.430207595",20.5,44.4,40.2,35.4,24.4,54.9,12.2,22
"McGonigle, Kevin",805808,2026,21,97,113,31,18,10,2,1,15,15,13.3,13.3,".320",".495",".416","0.911","0.175",".309",".559",".406",".416",".407",".250","71.5",22.9,14.5,13.1,33.3,30.3,"6.9",5,15.8,-1.8,53.1,38.1,"88.1","18.5",45.1,10,12.2,37.8,"99.443526829","93.838377561",12.2,42.3,42.7,35.4,22,29.3,35.4,29.3
"Díaz, Yandy",650490,2026,34,98,112,33,26,3,1,3,14,10,12.5,8.9,".337",".480",".420","0.900","0.143",".302",".437",".400",".363",".389",".135","72.9",30,18,15.9,32,28.2,"7.6",2,1.6,9.6,29.4,23.3,"89.6","5.5",26.2,4,4.8,41.7,"101.716933095","95.012505238",14.3,46.1,13.1,51.2,35.7,51.2,17.9,25
"Bichette, Bo",666182,2026,28,109,115,26,20,5,0,1,26,5,22.6,4.3,".239",".312",".270","0.582","0.073",".288",".393",".262",".311",".317",".105","69.4",11.9,13.4,10.4,34.4,26.7,"7",1,1.1,5.1,24.8,36.7,"91.1","6.7",34.5,3,3.6,45.2,"101.123902619","95.267066786",22.7,56.7,19,38.1,42.9,54.8,16.7,26.2
"Freeman, Freddie",518692,2026,36,95,105,27,16,7,1,3,10,9,9.5,8.6,".284",".474",".352","0.826","0.190",".317",".612",".367",".424",".382",".295","71.2",11.7,18.1,15.4,41.3,35.1,"6.9",3,8.5,-0.2,45.7,42.3,"92.4","13.1",38.8,13,15.3,49.4,"101.731773953","95.385857294",17.2,51.7,35.3,37.6,27.1,41.2,32.9,23.5
"Keaschall, Luke",807712,2026,23,99,106,20,16,3,0,1,15,6,14.2,5.7,".202",".263",".245","0.508","0.061",".229",".339",".233",".270",".273",".110","69.5",7.9,10.6,9.4,32.5,28.8,"6.8",5,9.3,-5.3,56.8,36,"85.2","17.9",29.4,3,3.5,25.9,"96.344136905","92.1739825",13.5,42,34.1,38.8,27.1,42.4,28.2,17.6
"Edwards, Xavier",669364,2026,26,98,113,34,25,6,2,1,13,14,11.5,12.4,".347",".480",".429","0.909","0.133",".299",".440",".407",".366",".386",".142","67.4",0,10.9,9.3,48.8,41.7,"6.5",4,6.5,1,49,28.1,"90.6","9.7",36,5,5.8,44.2,"98.129388372","93.685075059",16.3,40.9,33.7,37.2,29.1,46.5,20.9,26.7
"Adell, Jo",666176,2026,27,109,117,29,24,2,0,3,23,3,19.7,2.6,".266",".367",".308","0.675","0.101",".269",".404",".305",".313",".311",".136","77.2",72.7,15.5,12,28,21.5,"7.9",3,11.9,-6.1,48.8,35,"90.8","18.1",24.1,4,4.6,47.1,"102.187686744","95.491577209",25.1,54.8,35.6,35.6,28.7,40.2,32.2,21.8
"Baldwin, Drake",686948,2026,25,112,125,34,23,4,0,7,24,11,19.2,8.8,".304",".527",".376","0.903","0.223",".290",".558",".399",".395",".364",".268","74.8",50.5,18.2,14.5,32.4,25.7,"7.3",2,12.7,3.7,50.9,33.5,"90.5","13.3",40.9,14,15.9,46.6,"102.024905682","95.589321136",20.8,49.8,34.1,46.6,19.3,43.2,25,25
"Albies, Ozzie",645277,2026,29,105,115,32,24,3,0,5,15,7,13,6.1,".305",".476",".348","0.824","0.171",".246",".381",".363",".296",".295",".135","69.4",4.2,9.9,7.8,38.4,30.2,"7.2",3,11.3,-5.2,59.9,34.7,"86.2","16.4",34.8,3,3.3,29.3,"96.844381304","92.429297065",22.2,54.1,40.2,39.1,20.7,37,31.5,25
"Wilson, Jacob",805779,2026,24,108,109,29,22,5,0,2,13,1,11.9,0.9,".269",".370",".275","0.645","0.101",".263",".337",".287",".265",".270",".074","63.7",0.6,5.7,5,37.6,32.6,"6.1",2,3.5,0.5,35.7,34.4,"85.1","7.9",28.4,2,2.1,34.7,"96.694046809","92.463011935",14.6,59.7,35.8,44.2,20,50.5,20,24.2
"Simpson, Chandler",802415,2026,25,99,108,31,29,0,2,0,7,5,6.5,4.6,".313",".354",".343","0.697","0.041",".283",".321",".315",".285",".316",".038","64.7",0,3.1,2.9,43,39.9,"6.4",2,2.6,6.4,34.1,29,"83.2","1",29.2,0,0,13.5,"92.920671556","90.531540222",10.1,48.4,20.8,43.8,35.4,61.5,8.3,26
"Clement, Ernie",676391,2026,30,104,105,33,22,11,0,0,7,1,6.7,1,".317",".423",".324","0.747","0.106",".285",".366",".331",".285",".292",".081","67",2.7,9.8,8.7,45.5,40,"7.2",8,12.3,-6.7,66,29.9,"87.2","14.8",34,0,0,26.8,"96.352622292","92.203508125",15.7,57.4,45.4,39.2,15.5,36.1,21.6,30.9
"Arraez, Luis",650333,2026,29,97,106,31,28,1,2,0,4,6,3.8,5.7,".320",".371",".352","0.723","0.051",".307",".375",".325",".318",".342",".068","62.1",0,0.6,0.6,42.7,39.2,"5.7",1,7.7,4.6,53.2,36.6,"85.9","13.6",34.4,0,0,18.8,"93.519048298","90.82137734",8.5,49.1,29.2,39.6,31.3,45.8,25,22.9
"Harper, Bryce",547180,2026,33,97,110,25,13,5,1,6,18,13,16.4,11.8,".258",".515",".345","0.860","0.257",".281",".600",".378",".411",".366",".319","73.5",39.5,16,11.4,30.5,21.6,"7.4",2,14.4,-6.3,47,37.1,"88.5","15.8",38,11,13.9,39.2,"101.01233675","94.615705443",28.9,53.3,32.9,40.5,26.6,39.2,31.6,22.8
"Garcia, Maikel",672580,2026,26,98,110,26,18,6,0,2,20,11,18.2,10,".265",".388",".336","0.724","0.123",".274",".393",".327",".338",".351",".119","72.1",20.6,18.2,15.6,36.4,31.2,"7.2",3,5.2,-0.8,49.6,26.9,"90.1","10.7",34.2,7,8.9,44.3,"100.908217436","94.820157692",17,37,40.5,39.2,20.3,43,24.1,25.3
"Steer, Spencer",668715,2026,28,82,91,19,10,5,0,4,27,6,29.7,6.6,".232",".439",".297","0.736","0.207",".235",".486",".325",".342",".303",".251","71.2",9.4,15.9,12.2,32.7,25.2,"7.5",3,13.2,-3,58.3,29.4,"89.5","19.6",41.1,10,17.9,37.5,"100.404310741","94.492088519",26.8,46,48.2,33.9,17.9,33.9,42.9,17.9
"Burger, Jake",669394,2026,30,104,109,24,15,4,0,5,31,3,28.4,2.8,".231",".413",".257","0.670","0.182",".232",".411",".294",".288",".258",".179","74",43.6,19.2,13.8,29.2,21,"7.3",11,8.8,-7.5,62.4,25.6,"88.5","7.1",29.7,7,9.5,45.9,"102.203332973","95.224220811",32.5,51.9,43.2,41.9,14.9,51.4,23,23
"DeLauter, Chase",800050,2026,24,85,99,19,8,5,1,5,11,13,11.1,13.1,".224",".482",".323","0.805","0.258",".260",".463",".353",".360",".357",".203","71.7",19.4,15.4,12.9,35.9,30.2,"7.3",4,5.7,-2.8,53.2,29.3,"89.4","17",33.3,8,10.7,38.7,"99.923195263","94.043287467",16.8,40.5,45.3,26.7,28,34.7,24,24
"Perez, Salvador",521692,2026,36,97,103,16,10,3,0,3,24,4,23.3,3.9,".165",".289",".204","0.493","0.124",".214",".366",".216",".270",".258",".152","71.7",15.8,14.3,10.8,27.3,20.7,"7.8",6,12.2,-6,58.6,35.5,"88.1","16.9",28.4,7,9.5,40.5,"100.262673514","94.258966486",26.3,57.7,37.8,32.4,29.7,40.5,27,18.9
"Wallner, Matt",670242,2026,28,82,93,16,11,2,0,3,36,8,38.7,8.6,".195",".329",".290","0.619","0.134",".223",".349",".287",".301",".315",".126","74.9",52.6,14,8.6,25.2,15.4,"7.4",12,10.7,-5.5,60,27.2,"89.7","9.2",30.4,4,8.7,47.8,"102.39124913","95.549730217",42.9,50.5,45.7,41.3,13,47.8,19.6,28.3
"Robert Jr., Luis",673357,2026,28,82,94,19,14,3,0,2,17,12,18.1,12.8,".232",".341",".330","0.671","0.109",".252",".391",".311",".331",".347",".139","75.9",61.6,18.8,14.6,29.9,23.2,"7.7",3,9.7,-4.3,51.7,34.9,"90.5","12.3",21.5,2,3.1,44.6,"102.38801","95.805021538",25.6,46.7,36.9,43.1,20,49.2,26.2,18.5
"García Jr., Luis",671277,2026,26,85,90,22,15,5,1,1,13,4,14.4,4.4,".259",".376",".289","0.665","0.117",".267",".419",".295",".313",".299",".153","73.7",38.9,16.9,14.8,30.8,26.8,"7.4",2,10.1,-3.7,65.1,27.2,"91.4","12.3",27.4,4,5.5,42.5,"100.835913889","94.864267042",15.2,52.9,31.5,41.1,27.4,47.9,20.5,24.7
"Machado, Manny",592518,2026,33,82,101,16,12,2,0,2,21,17,20.8,16.8,".195",".293",".327","0.620","0.098",".219",".324",".290",".312",".353",".106","73.1",26.5,14.3,11,28.6,21.9,"7.7",3,4,3.8,43.9,27.3,"87.4","8.4",28.6,3,4.8,38.1,"99.2334025","93.807332381",26,42.9,41.3,34.9,23.8,42.9,17.5,28.6
"Bohm, Alec",664761,2026,29,89,101,14,11,2,0,1,16,8,15.8,7.9,".157",".213",".238","0.451","0.056",".226",".312",".216",".285",".305",".086","70.8",12,13.6,11.3,40,33.1,"7.3",2,6.8,2,55.6,29.1,"88.8","10.1",38.7,1,1.3,38.7,"99.089201053","93.745844133",17.8,41,24,53.3,22.7,50.7,17.3,22.7
"Tovar, Ezequiel",678662,2026,24,97,102,21,12,8,0,1,29,3,28.4,2.9,".216",".330",".255","0.585","0.114",".252",".404",".263",".302",".289",".152","71.6",15.4,11.5,8,28.1,19.4,"7.6",3,11.2,-2.1,44.3,36.3,"88.3","15.7",44.1,6,8.8,39.7,"99.768690294","94.019791618",30.8,64.2,38.2,39.7,22.1,35.3,27.9,29.4
"Abreu, Wilyer",677800,2026,27,95,103,28,18,5,1,4,20,8,19.4,7.8,".295",".495",".350","0.845","0.200",".279",".472",".373",".351",".336",".192","74",39.9,17.5,14.5,31.5,26,"7.2",3,6.9,0.8,49.1,32.8,"90.4","14.9",30.7,9,12,49.3,"102.196394595","95.689913108",20.1,49,40,34.7,25.3,40,30.7,22.7
"Abrams, CJ",682928,2026,25,93,113,26,16,3,0,7,19,13,16.8,11.5,".280",".538",".398","0.936","0.258",".282",".521",".408",".396",".400",".239","72.2",23.2,21.3,15.3,33.9,24.3,"7.7",6,13,-6.4,58.4,29.8,"89.6","14.9",32,10,13.3,46.7,"101.456575789","95.052361333",29.4,49.5,37.3,37.3,25.3,40,33.3,18.7
"Devers, Rafael",646240,2026,29,104,109,23,18,3,0,2,35,5,32.1,4.6,".221",".308",".257","0.565","0.087",".228",".366",".252",".272",".263",".138","71.2",15.8,16.7,11.3,34.1,23.2,"7.5",3,9.7,5.4,62.6,30.9,"90.8","13.7",34.8,6,8.7,46.4,"101.520005588","95.238234706",31.9,52.9,29,50.7,20.3,39.1,29,26.1
"Soderstrom, Tyler",691016,2026,24,100,113,22,9,9,1,3,22,12,19.5,10.6,".220",".420",".301","0.721","0.200",".242",".448",".316",".331",".320",".207","74",43.4,18.5,14.3,33.3,25.7,"7.4",4,10.2,-2.7,54.3,28.5,"90.2","14",30.4,10,12.7,48.1,"102.172299","95.380642025",23.7,48.1,36.7,44.3,19,40.5,32.9,19
"Kurtz, Nick",701762,2026,23,87,115,22,14,3,0,5,36,28,31.3,24.3,".253",".460",".435","0.895","0.207",".274",".588",".402",".442",".451",".314","77.6",75,24.8,16.1,30.8,20,"7.8",6,13.3,4,50.6,37.5,"98.7","16.6",45.1,12,23.5,66.7,"107.739495769","100.386975098",37.7,38.3,35.3,35.3,29.4,35.3,37.3,25.5
"Adames, Willy",642715,2026,30,106,112,23,10,10,0,3,34,5,30.4,4.5,".217",".396",".259","0.655","0.179",".215",".384",".290",".279",".257",".169","72.4",24.7,14.9,11.5,27.7,21.4,"8.1",3,15.1,-2.2,68.7,33.5,"88.4","23.5",37.5,8,11.1,37.5,"98.906621667","93.566481944",24.8,44.6,45.8,27.8,26.4,31.9,29.2,23.6
"Goodman, Hunter",696100,2026,26,91,102,24,12,6,0,6,38,8,37.3,7.8,".264",".527",".343","0.870","0.263",".227",".431",".379",".322",".311",".204","75.5",56,16.3,10.2,27.9,17.5,"7.4",4,14.6,-8.3,64.5,24.1,"93.2","25.2",39.6,7,13.2,50.9,"103.244508519","96.529370755",37.4,53.7,54.7,24.5,20.8,20.8,43.4,28.3
"Frelick, Sal",686217,2026,26,78,90,16,13,2,0,1,12,10,13.3,11.1,".205",".269",".303","0.572","0.064",".223",".291",".273",".284",".319",".068","67.6",3.8,8.6,7.7,37.1,33.1,"7.1",4,6.3,0.3,54.6,26.4,"85.2","10.1",24.2,1,1.5,22.7,"95.849844242","91.990324615",12.8,41.1,43.9,33.3,22.7,54.5,18.2,13.6
"Moncada, Yoán",660162,2026,31,69,86,12,8,0,1,3,29,15,33.7,17.4,".174",".333",".337","0.670","0.159",".150",".298",".317",".294",".320",".149","71.9",27.1,14.5,10.2,30.1,21.2,"7.5",2,11.3,-2.9,37.3,37.4,"90.7","13.7",27.5,3,7.5,42.5,"99.9465385","94.335789487",30.1,35.5,40,40,20,40,42.5,15
"Paredes, Isaac",670623,2026,27,78,90,17,11,4,0,2,17,8,18.9,8.9,".218",".346",".322","0.668","0.128",".210",".300",".310",".286",".316",".090","67.4",5.3,5.8,4.7,35.8,28.7,"7.8",1,16.1,-14.7,51.3,33.8,"88.5","27.3",34.4,2,3.3,27.9,"96.71765129","92.628149344",20.1,45.4,55.7,26.2,18,24.6,34.4,26.2
"Marte, Ketel",606466,2026,32,96,104,23,16,3,0,4,19,8,18.3,7.7,".240",".396",".298","0.694","0.156",".312",".501",".311",".376",".365",".190","74.3",41.7,21.7,16.7,31.8,24.4,"7.7",1,8.9,-6.9,56,31.7,"92.9","9.1",33.8,8,10.4,49.4,"104.499167105","96.634292368",24,49.5,53.2,31.2,15.6,45.5,20.8,29.9
"Hoerner, Nico",663538,2026,29,107,123,32,21,7,0,4,12,11,9.8,8.9,".299",".477",".374","0.851","0.178",".293",".395",".377",".340",".370",".102","68.2",2.4,6.5,6,37.3,34.3,"7.3",4,6.2,-3.1,50,32.4,"85.9","14.9",36.1,3,3.1,26.8,"95.687211042","91.894768526",10.6,42.6,41.2,37.1,21.6,36.1,26.8,26.8
"Rafaela, Ceddanne",678882,2026,25,78,87,19,15,3,0,1,18,5,20.7,5.7,".244",".321",".322","0.643","0.077",".217",".319",".299",".282",".300",".102","69.7",5.1,10.1,7.4,38.4,27.9,"7.3",2,11.1,0.4,66.2,32.4,"88","10.6",31.7,4,6.7,35,"97.696555517","92.905230172",27.3,47.5,35,36.7,28.3,45,18.3,28.3
"Ozuna, Marcell",542303,2026,35,85,92,14,10,2,0,2,24,6,26.1,6.5,".165",".259",".228","0.487","0.094",".229",".423",".226",".310",".289",".194","73.9",34.4,15.6,11.3,30.3,21.9,"7.5",1,15.3,-5.4,52.3,36.8,"88.5","26.2",39.3,6,9.8,39.3,"99.911326667","94.0361125",27.2,43.9,39.3,29.5,31.1,24.6,29.5,26.2
"Arenado, Nolan",571448,2026,35,84,88,22,16,2,0,4,19,3,21.6,3.4,".262",".429",".284","0.713","0.167",".261",".396",".313",".295",".285",".135","71",10.2,9.8,7.3,30.4,22.6,"8.4",4,12.9,-11,59.1,32.7,"83.9","23.2",34.8,5,7.6,25.8,"95.455906667","91.824745",27.5,44.1,39.4,45.5,15.2,31.8,27.3,25.8
"Caissie, Owen",683357,2026,23,74,82,17,9,6,0,2,35,5,42.7,6.1,".230",".392",".280","0.672","0.162",".217",".397",".297",".299",".279",".180","75.2",54.5,17.2,11.4,28.7,18.9,"7.2",8,12,-3,37.1,36.1,"92.3","19.2",46.3,6,14.6,48.8,"103.425798","96.380356",37.6,43.2,22,53.7,24.4,34.1,26.8,34.1
"Raley, Luke",670042,2026,31,74,81,21,11,4,1,5,30,5,37,6.2,".284",".568",".346","0.914","0.284",".312",".641",".398",".429",".372",".329","75.4",60.8,25.7,12.8,32.4,16.2,"7.3",1,16,-3,54.1,32.2,"94","15.9",50,10,22.7,54.5,"104.540927727","97.040740233",47.4,53.6,50,29.5,20.5,38.6,29.5,29.5
"Bellinger, Cody",641355,2026,30,90,107,24,17,3,1,3,14,15,13.1,14,".267",".422",".364","0.786","0.155",".287",".477",".353",".376",".383",".191","70.1",4.1,10.9,8.8,39.5,32,"7.9",0,14.4,-3.1,61.2,33,"88.3","19.9",37.2,6,7.7,38.5,"98.183067179","93.266184026",19.3,42.1,41,33.3,25.6,34.6,35.9,17.9
"Chisholm Jr., Jazz",665862,2026,28,89,100,19,12,5,0,2,30,10,30,10,".213",".337",".300","0.637","0.124",".182",".264",".293",".250",".273",".082","72.7",24,12.8,9.3,32.1,23.3,"7.8",5,14.6,-8,67.3,31.8,"88.6","18.9",23.7,3,5.1,37.3,"98.956581034","93.645206491",30.3,43.9,50.8,27.1,22,42.4,25.4,18.6
"Langeliers, Shea",669127,2026,28,102,112,30,18,4,0,8,29,10,25.9,8.9,".294",".569",".357","0.926","0.275",".281",".543",".401",".377",".345",".262","74.9",48.5,15.1,11,27.4,20,"7.3",0,11.3,-2.2,62,30.7,"92.5","19.9",38.4,9,12.3,49.3,"103.69802973","96.235702466",26.1,53.1,32.9,35.6,31.5,30.1,37,23.3
"Kwan, Steven",680757,2026,28,97,112,22,18,3,0,1,12,12,10.7,10.7,".227",".289",".315","0.604","0.062",".238",".304",".284",".291",".328",".066","62.7",0,1.6,1.5,41.4,40.2,"6.3",2,3.4,-4,42.4,35.5,"82","13.8",34.5,1,1.1,9.2,"91.214795952","89.809005181",5.7,35.3,28.7,36.8,34.5,47.1,21.8,21.8
"Marsee, Jakob",805300,2026,25,101,120,18,13,2,2,1,25,16,20.8,13.3,".178",".267",".300","0.567","0.089",".204",".295",".271",".289",".323",".091","70.5",5.5,10.6,9.2,31,27,"6.7",2,6,-6.4,48.5,29.1,"87.8","17.6",29.9,2,2.6,37.7,"98.639591316","93.432493733",13.9,37.3,46.8,32.5,20.8,36.4,27.3,26
"Muncy, Max",571970,2026,35,89,101,26,15,3,0,8,27,12,26.7,11.9,".292",".596",".376","0.972","0.304",".292",".579",".420",".406",".376",".287","71.3",8.9,16.3,10.8,38.5,25.5,"7",1,15.9,-6.7,48.4,33.6,"92.2","13.1",32.3,11,17.7,53.2,"102.473781935","95.801537903",30.9,45.9,51.6,29,19.4,43.5,35.5,19.4
"Jackson, Jeremiah",669236,2026,26,82,86,23,16,2,0,5,19,2,22.1,2.3,".280",".488",".302","0.790","0.208",".268",".451",".345",".323",".295",".183","73",32.5,16.1,11.7,38.4,27.9,"7.7",7,10.3,-2.3,62.3,26.5,"88.6","2.9",32.8,6,9.4,34.4,"99.881016563","94.279763333",30,61.4,43.8,31.3,25,54.7,23.4,18.8
"Story, Trevor",596115,2026,33,105,113,21,14,5,0,2,35,6,31,5.3,".200",".305",".239","0.544","0.105",".222",".321",".244",".258",".263",".099","71.1",15.6,14,9.9,34.6,24.5,"7.4",3,9.9,-3.1,55.2,28.6,"89.2","10.4",31.9,3,4.2,44.4,"99.563623056","94.05513125",30.6,53.9,41.7,38.9,19.4,48.6,22.2,25
"De La Cruz, Elly",682829,2026,24,106,117,29,16,5,0,8,33,11,28.2,9.4,".274",".547",".342","0.889","0.273",".281",".537",".388",".381",".350",".256","74.9",49.1,27.7,19.8,39.5,28.1,"7",4,10,-2,52.1,33.8,"95.8","13.8",31.5,11,15.1,56.2,"106.308854571","98.55324",30.9,40,35.6,42.5,21.9,49.3,28.8,20.5
"Tucker, Kyle",663656,2026,29,97,111,23,17,3,0,3,25,13,22.5,11.7,".237",".361",".324","0.685","0.124",".224",".361",".313",".305",".315",".137","71.5",24.2,9.2,7.2,30.3,23.7,"7.4",4,9.5,-7.5,42.8,35.3,"88","14.7",32.9,5,6.8,38.4,"98.112443243","93.279848904",24.4,51.5,42.5,38.4,19.2,38.4,31.5,23.3
"Langford, Wyatt",694671,2026,24,80,84,19,13,3,2,1,19,4,22.6,4.8,".237",".362",".274","0.636","0.125",".249",".356",".284",".282",".285",".107","72.6",24.1,12.3,9.2,38.7,29.1,"6.8",3,8.4,-4.8,46.1,31,"90.8","13.2",26.2,3,4.9,37.7,"99.820527742","94.388533115",25,47.1,31.1,37.7,31.1,45.9,21.3,21.3
"Montgomery, Colson",695657,2026,24,92,106,22,10,5,0,7,32,10,30.2,9.4,".239",".522",".340","0.862","0.283",".212",".446",".373",".328",".316",".235","76.2",61.4,17,11.1,21.4,14,"7.8",6,12.1,-7.7,53.8,33.5,"89.3","21.4",40,9,15,38.3,"101.334545333","94.755791667",36.1,47.5,50,35,15,35,33.3,20
"Young, Jacob",696285,2026,26,84,89,20,14,4,0,2,13,3,14.6,3.4,".238",".357",".273","0.630","0.119",".294",".419",".283",".326",".326",".125","70",4,15.8,12.9,48.5,39.5,"7.1",2,10,1.9,60.5,31,"90.1","9.1",40.3,4,5.6,34.7,"98.325282857","93.536900435",19.2,46.1,37.5,40.3,22.2,40.3,22.2,30.6
"Gonzales, Nick",693304,2026,27,81,86,23,20,3,0,0,15,4,17.4,4.7,".284",".321",".326","0.647","0.037",".292",".376",".297",".315",".333",".084","70.3",9,10.8,8.4,30,23.2,"7.5",2,8.8,1.2,44.5,35.3,"87.3","5.1",30.3,1,1.5,40.9,"99.037405455","93.647984091",22.8,58.1,40.9,30.3,28.8,54.5,16.7,24.2
"Caminero, Junior",691406,2026,22,100,114,27,16,3,0,8,18,13,15.8,11.4,".270",".540",".351","0.891","0.270",".284",".515",".389",".379",".363",".231","79.6",85.9,24.8,18.8,27.9,21.2,"8.5",2,7.1,-5.2,61.2,21.8,"91.6","15.9",26.5,10,12,44.6,"104.264604286","96.470357349",24.9,43.7,41,37.3,21.7,39.8,24.1,20.5
"Alonso, Pete",624413,2026,31,99,115,21,12,6,0,3,30,15,26.1,13,".212",".364",".322","0.686","0.152",".218",".382",".315",".319",".327",".165","73.7",36.7,21.4,15.6,35.1,25.6,"7.2",4,11.2,1.2,57.2,33.7,"94.3","12.9",30.4,5,7.2,53.6,"102.132692286","96.387481304",28.6,42.7,29,53.6,17.4,42,31.9,23.2
"Cronenworth, Jake",630105,2026,32,78,91,13,10,2,0,1,19,12,20.9,13.2,".167",".231",".286","0.517","0.064",".233",".346",".252",".315",".342",".114","72",22.4,14.3,10.4,27.6,20.1,"7.1",1,8.7,-1.9,30.6,32.3,"88.8","8.5",28.8,3,5.1,35.6,"98.798303793","93.503896667",26.8,43.4,27.1,47.5,25.4,55.9,16.9,18.6
"Mullins, Cedric",656775,2026,31,80,89,12,7,2,1,2,19,4,21.3,4.5,".150",".275",".207","0.482","0.125",".155",".276",".219",".217",".212",".121","70.2",7.3,10.6,8.7,33.3,27.3,"7.3",3,12.3,-4.7,60.7,30.4,"88.3","31.2",25.4,2,3.2,33.3,"97.607916","92.959777667",20.9,51.5,41.3,38.1,20.6,25.4,34.9,20.6
"Correa, Carlos",621043,2026,31,91,104,25,18,6,0,1,18,12,17.3,11.5,".275",".374",".356","0.730","0.099",".284",".432",".329",".348",".364",".148","73.5",38.2,15.3,12.1,27,21.4,"7.2",1,7.5,-1.5,36.4,35.2,"88.5","7.1",36.5,6,8.1,37.8,"101.191516757","94.609644865",20.8,45.4,40.5,31.1,28.4,48.6,13.5,32.4
"García, Adolis",666969,2026,33,91,103,22,15,4,0,3,27,9,26.2,8.7,".242",".385",".320","0.705","0.143",".240",".373",".319",".315",".324",".134","71.7",23.7,15.1,11.2,32.5,24.3,"7.6",5,9.3,0,58,29,"92.8","14.4",35.4,6,9.2,49.2,"101.282320909","95.370311692",29,44.9,38.5,29.2,32.3,40,23.1,27.7
"Young, Cole",702284,2026,22,94,106,22,17,2,1,2,24,11,22.6,10.4,".234",".340",".321","0.661","0.106",".246",".369",".305",".315",".331",".123","72.2",26.6,8.4,6.4,31.3,23.7,"6.9",3,6.9,-3.5,56.6,28.5,"87.3","19.2",34.3,4,5.7,38.6,"98.509156286","93.292767",26,45.8,51.4,32.9,15.7,35.7,24.3,25.7
"Yastrzemski, Mike",573262,2026,35,81,90,16,12,3,1,0,23,8,25.6,8.9,".198",".259",".278","0.537","0.061",".210",".279",".253",".261",".289",".069","70.6",4.2,10.9,8.5,35.5,27.5,"7.3",7,10,-1.8,61.3,30.4,"91.2","10.8",25.9,2,3.4,44.8,"99.451147586","94.553204912",26.1,44.5,46.6,31,22.4,51.7,25.9,19
"Harris II, Michael",671739,2026,25,86,91,28,18,4,0,6,15,5,16.5,5.5,".326",".581",".363","0.944","0.255",".362",".714",".413",".470",".398",".352","75",50.9,27,20.8,40.2,30.8,"8.1",2,6.6,-0.2,45.3,31.3,"95.4","7.1",32.4,14,19.7,57.7,"105.875112286","98.183125571",25,54.2,38,52.1,9.9,49.3,21.1,25.4
"Ramírez, Agustín",682663,2026,24,93,104,21,13,5,1,2,23,9,22.1,8.7,".226",".366",".298","0.664","0.140",".224",".322",".295",".275",".297",".098","76.1",61.2,11.2,7.9,25.6,18,"7.7",5,9,-6.2,54.5,24.5,"88.2","10.5",28.2,4,5.6,35.2,"100.134720833","94.168521127",31.7,51,35.2,45.1,19.7,46.5,16.9,23.9
"Soler, Jorge",624585,2026,34,82,99,18,10,3,0,5,33,12,33.3,12.1,".220",".439",".333","0.772","0.219",".214",".395",".345",".323",".329",".181","74.4",49.7,14.4,9.6,20.3,13.6,"8",2,13.5,-9.8,52.5,34.3,"89.3","19.6",35.3,6,11.8,43.1,"101.319403462","94.790284118",37.2,45.9,56.9,25.5,17.6,37.3,27.5,25.5
"Neto, Zach",687263,2026,25,106,126,25,14,6,0,5,35,19,27.8,15.1,".236",".434",".357","0.791","0.198",".220",".420",".355",".338",".344",".200","70.1",5.6,9.8,7,27.5,19.5,"7.1",1,23.4,-7.4,31.6,40.5,"89.4","22.2",36.6,8,11.3,38,"99.156768286","93.874039429",27.5,47.2,46.5,32.4,21.1,32.4,40.8,22.5
"Laureano, Ramón",657656,2026,31,91,100,24,14,4,2,4,27,7,27,7,".264",".484",".320","0.804","0.220",".270",".503",".351",".358",".327",".233","72",21,14.2,10.3,28.4,20.5,"7",5,14.8,-2.2,47.7,33,"89.6","9.7",35.4,10,15.4,49.2,"101.054826667","95.316570769",28.5,54.3,33.8,40,26.2,43.1,33.8,20
"Wetherholt, JJ",802139,2026,23,91,114,20,15,2,0,3,23,15,20.2,13.2,".220",".341",".360","0.701","0.121",".208",".339",".329",".330",".358",".132","72.2",21.9,8.3,6.6,29,23,"7.6",8,14.3,2.3,65,32.3,"88","14.3",35.7,4,5.7,38.6,"98.308651714","93.335341739",25.6,42.7,50,31.4,18.6,41.4,32.9,21.4
"Turang, Brice",668930,2026,26,85,107,23,13,5,1,4,24,20,22.4,18.7,".271",".494",".406","0.900","0.223",".270",".519",".397",".401",".408",".249","70.9",13.7,18,15.1,36.1,30.1,"6.8",2,8.5,7.8,51.4,36.4,"92.8","9.3",39.7,6,9.5,52.4,"102.13386129","96.098432787",17.5,37.6,22.2,39.7,38.1,46,27,25.4
"Schwarber, Kyle",656941,2026,33,95,116,18,6,4,0,8,40,17,34.5,14.7,".189",".484",".336","0.820","0.295",".212",".491",".365",".371",".355",".279","76.4",70.9,15.6,11.4,25.8,18.9,"7.5",9,13.9,-9.8,70.9,28.9,"92.9","23.3",32.7,12,21.8,52.7,"102.134749643","95.930098909",32.2,41.6,47.3,27.3,25.5,30.9,41.8,18.2
"Jensen, Carter",695600,2026,22,73,83,21,13,2,0,6,22,8,26.5,9.6,".288",".562",".361","0.923","0.274",".260",".487",".401",".359",".339",".227","75",50.4,16.7,11.6,30,20.9,"7.1",8,6.1,-7.8,47.3,24.3,"90.9","12.9",32.7,7,13.5,44.2,"103.762123846","96.191087308",34.7,42.1,51.9,28.8,19.2,40.4,32.7,23.1
"Perdomo, Geraldo",672695,2026,26,81,99,21,14,3,3,1,12,14,12.1,14.1,".259",".407",".361","0.768","0.148",".240",".318",".345",".318",".359",".079","65.4",0,8.9,7.9,37.4,33.1,"6.8",3,6.5,1.2,50.4,36.8,"86.8","9.7",31.5,2,2.7,26,"96.685565294","92.440108088",11.4,40.4,43.8,41.1,15.1,52.1,19.2,24.7
"Muncy, Max",691777,2026,23,90,101,22,13,5,2,2,35,5,34.7,5,".244",".411",".307","0.718","0.167",".229",".400",".318",".306",".296",".171","74.7",55.4,22.3,15.3,32.2,22,"7.7",6,11.6,-8.9,57.1,31.1,"92.5","10.5",35.1,7,12.3,56.1,"103.570102069","96.772631228",35.4,50.9,47.4,31.6,21.1,49.1,26.3,19.3
"Vargas, Miguel",678246,2026,26,91,111,19,10,3,1,5,16,17,14.4,15.3,".209",".429",".342","0.771","0.220",".243",".471",".347",".369",".370",".228","72.9",32.7,15.6,13.1,33.3,28,"7.5",1,10.9,-0.9,60.1,34.5,"88.6","17.1",39.5,10,13.2,43.4,"100.47313","94.666863289",16.5,42.3,38.2,38.2,23.7,35.5,35.5,22.4
"Winn, Masyn",691026,2026,24,74,86,20,13,5,1,1,18,9,20.9,10.5,".270",".405",".360","0.765","0.135",".253",".333",".346",".311",".346",".080","69.9",6.8,9.6,7.5,28.8,22.6,"7.5",2,6,-2.9,49.6,28.3,"85.9","16.7",35.1,2,3.5,26.3,"96.909466429","92.454733214",21.9,41.7,42.1,38.6,19.3,42.1,17.5,24.6
"Ward, Taylor",621493,2026,32,103,124,32,18,13,0,1,19,19,15.3,15.3,".311",".466",".419","0.885","0.155",".299",".446",".398",".381",".410",".147","68.1",1.4,17.2,14.5,47.5,40,"6.8",6,6.3,0.4,55.2,29.4,"90.6","16.6",40,5,5.9,40,"99.910558372","94.290331529",17.8,31.9,34.1,40,25.9,37.6,27.1,29.4
"Nimmo, Brandon",607043,2026,33,106,119,31,19,7,1,4,25,11,21,9.2,".292",".491",".370","0.861","0.199",".288",".493",".379",".371",".366",".204","72.4",29.6,17.9,13.8,37.9,29.1,"7",4,7.1,0.5,52.9,29.5,"90.8","12.6",35.8,10,12.3,46.9,"100.969687805","95.201257901",24.4,49.3,35.8,43.2,21,40.7,24.7,28.4
"Burleson, Alec",676475,2026,27,93,107,25,16,6,0,3,14,13,13.1,12.1,".269",".430",".355","0.785","0.161",".276",".543",".349",".386",".363",".267","71.8",16.3,16.8,13.9,37.2,30.7,"7.4",1,11.8,4.7,53,35.4,"92","9.4",28.7,9,11.3,48.8,"101.744744","95.507889873",20,49.9,43.8,36.3,20,50,28.7,16.3
"Ohtani, Shohei",660271,2026,31,97,120,23,14,4,0,5,31,17,25.8,14.2,".237",".433",".361","0.794","0.196",".253",".500",".342",".381",".383",".247","74.4",47.6,19.3,14.1,36.3,26.5,"7.8",3,12.9,0.2,56.2,37.6,"94.1","12.6",36.8,15,22.1,51.5,"103.546214706","96.690903971",28.2,45.3,57.4,22.1,20.6,42.6,38.2,16.2
"Manzardo, Kyle",700932,2026,25,77,86,14,12,1,0,1,30,7,34.9,8.1,".182",".234",".267","0.501","0.052",".218",".344",".241",".290",".300",".126","70.3",11.9,9.6,6.6,29.8,20.5,"7.4",3,17.3,-0.3,55,37.9,"88.9","16.4",31.9,4,8.5,27.7,"97.545863478","92.901525",33.3,47.4,44.7,38.3,17,44.7,21.3,21.3
"Turner, Trea",607208,2026,33,105,116,24,16,5,0,3,22,11,19,9.5,".229",".362",".302","0.664","0.133",".236",".344",".302",".293",".309",".108","71.7",18.5,6.1,4.3,37.9,27.2,"7.8",3,10.3,-8.6,67.9,25.8,"88.8","17.8",34.9,4,4.8,33.7,"97.786279048","93.011334819",27.8,47.9,30.1,39.8,30.1,37.3,36.1,20.5
"Anthony, Roman",701350,2026,22,80,97,18,13,3,1,1,25,16,25.8,16.5,".225",".325",".361","0.686","0.100",".263",".405",".320",".358",".393",".142","75.2",50.8,24,17.4,39.6,28.8,"7.5",4,11.8,-0.8,46.2,33.3,"92.7","9.3",41.8,6,10.9,47.3,"102.97704037","96.308257593",29.7,36.4,32.7,43.6,23.6,47.3,23.6,27.3
"Alvarez, Yordan",670541,2026,29,98,121,35,16,8,0,11,11,19,9.1,15.7,".357",".776",".471","1.247","0.419",".381",".871",".517",".556",".494",".490","75.2",53.5,24.3,19.8,34.3,27.9,"7.7",2,10.5,-7.8,50.6,35.8,"94.2","21.3",47.7,18,20.5,50,"105.767722045","97.313819545",18.7,42,50,30.7,19.3,23.9,45.5,23.9
"Herrera, Iván",671056,2026,26,90,115,21,14,4,0,3,16,18,13.9,15.7,".233",".378",".391","0.769","0.145",".279",".464",".347",".388",".428",".185","74.2",44,18.2,15.5,35,29.8,"7.9",4,8.4,-3.7,52.4,30,"90.1","8.5",32,7,9.3,48,"101.927692632","95.665094",17.5,42.1,36,36,28,50.7,21.3,20
"Stewart, Sal",701398,2026,22,95,113,27,14,5,0,8,21,16,18.6,14.2,".284",".589",".381","0.970","0.305",".305",".621",".415",".435",".405",".316","71.1",19.9,18.6,14.5,31,24.2,"7.4",7,9.7,7.3,55.9,32.5,"91.3","13",40.8,18,23.7,49.3,"103.208888378","96.142889178",24.2,48,31.6,32.9,35.5,40.8,35.5,18.4
"Smith, Will",669257,2026,31,79,89,21,17,1,0,3,15,9,16.9,10.1,".266",".392",".337","0.729","0.126",".250",".435",".330",".341",".329",".185","69.9",5.6,10.6,9.2,31.7,27.5,"7.1",4,11.4,3.8,69,33.4,"89.1","19.4",38.5,7,10.8,35.4,"98.890654242","93.714893231",15.1,39.8,29.2,44.6,26.2,32.3,38.5,21.5
"Crawford, Justin",702222,2026,22,73,82,18,12,5,1,0,15,7,18.3,8.5,".247",".342",".329","0.671","0.095",".240",".302",".309",".289",".323",".062","68.5",3.1,13.5,10.9,38.5,31,"6.9",1,5.2,11.9,44.2,28.9,"88.5","-3.2",25.9,1,1.7,34.5,"98.058506897","93.290671754",21,50,24.1,39.7,36.2,65.5,13.8,17.2
"Karros, Kyle",691720,2026,23,74,91,15,11,3,0,1,16,16,17.6,17.6,".203",".284",".341","0.625","0.081",".276",".421",".300",".368",".401",".144","70",5.2,6.6,5.2,35.8,28.1,"7",5,6.1,-5.6,45.9,37,"90.2","14.2",45.8,4,6.8,37.3,"99.444459667","93.991605593",23.9,39.8,32.2,42.4,25.4,37.3,16.9,37.3
"Okamoto, Kazuma",672960,2026,30,90,101,20,14,2,0,4,33,11,32.7,10.9,".222",".378",".307","0.685","0.156",".230",".420",".311",".324",".314",".190","73.3",32.7,19.3,13.5,31.1,21.6,"7.9",3,15.3,-5.2,61.4,29.6,"91.8","16.2",33.3,7,12.3,52.6,"103.50784069","96.339152105",33.7,44.4,50.9,36.8,12.3,43.9,19.3,24.6
"Caballero, José",676609,2026,29,88,93,23,16,5,0,2,23,4,24.7,4.3,".261",".386",".301","0.687","0.125",".227",".312",".308",".258",".268",".085","68.5",3.9,9.3,6.5,32.7,22.6,"6.8",2,10.7,1,48.4,31.1,"84.5","10.7",33.8,2,3.1,32.3,"97.279203125","92.726793333",29.8,49.2,47.7,35.4,16.9,50.8,20,21.5
"Giménez, Andrés",665926,2026,27,90,96,26,17,5,1,3,14,4,14.6,4.2,".289",".467",".316","0.783","0.178",".243",".343",".343",".277",".280",".100","67.6",5.2,7.6,5.9,37.8,29.4,"6.9",1,7.8,3.6,40.6,32.7,"87","9.8",28.2,3,3.8,29.5,"96.777612564","92.445803766",19.6,58.4,35.9,32.1,32.1,48.7,28.2,19.2
"Wood, James",695578,2026,23,104,132,26,10,6,0,10,41,26,31.1,19.7,".250",".596",".409","1.005","0.346",".273",".652",".426",".446",".427",".379","76.5",64.3,26.8,18.7,32.3,22.5,"7.4",10,12.7,1.7,45.1,39.7,"96.9","8.8",34.9,19,30.2,65.1,"108.24316375","100.32248381",35,36.7,27,38.1,34.9,44.4,28.6,25.4
"Carpenter, Kerry",681481,2026,28,68,81,15,8,1,0,6,29,9,35.8,11.1,".221",".500",".321","0.821","0.279",".184",".391",".357",".300",".291",".207","72.3",22.4,12.5,8,35,22.4,"7.6",4,20.3,-2.8,40.8,37.3,"93.2","20.8",31.7,5,12.2,53.7,"100.756507143","95.454704146",39.9,43.9,46.3,29.3,24.4,36.6,43.9,14.6
"Murakami, Munetaka",808959,2026,26,90,113,23,12,0,0,11,36,22,31.9,19.5,".256",".622",".398","1.020","0.366",".254",".657",".430",".433",".398",".404","74.5",51.4,26.6,16.8,35.8,22.5,"7.8",5,17.7,-1.1,49.1,34.2,"96.4","17.6",36.4,14,25.5,65.5,"106.73913037","99.431233333",40.5,40.2,47.3,41.8,10.9,36.4,43.6,14.5
"Raleigh, Cal",663728,2026,29,104,118,20,11,4,0,5,34,13,28.8,11,".192",".375",".280","0.655","0.183",".204",".442",".295",".319",".291",".237","74.7",49.2,10,7.1,20,14.2,"7.8",3,16.5,-4.2,48.8,34.8,"86.1","23.7",35.2,9,12.7,29.6,"98.610294167","93.395804507",31,51.1,50.7,26.8,22.5,26.8,49.3,12.7
"McNeil, Jeff",643446,2026,34,79,91,23,17,5,0,1,12,8,13.2,8.8,".291",".392",".367","0.759","0.101",".302",".383",".345",".343",".377",".082","68",1.8,7.1,6,35.5,29.9,"7.2",6,5.8,-1,34.1,36,"87.6","10.1",36.2,1,1.4,37.7,"97.407432647","92.751784853",17.9,55.1,37.7,36.2,26.1,47.8,10.1,34.8
"Bregman, Alex",608324,2026,32,109,123,29,22,3,1,3,19,13,15.4,10.6,".266",".394",".341","0.735","0.128",".251",".405",".329",".320",".329",".153","70.1",5.8,16.3,14,44.9,38.4,"7.1",2,14.4,-4.8,68,28.2,"90","16",26.4,7,7.7,44,"99.628227778","94.259056",15.8,39.4,44,37.4,18.7,42.9,22,20.9
"Reynolds, Bryan",668804,2026,31,94,115,23,17,2,1,3,31,19,27,16.5,".245",".383",".374","0.757","0.138",".239",".415",".342",".345",".369",".176","72.9",26.8,13.1,9.5,27.7,20.1,"7",7,9.4,3.6,44.7,38.5,"91.5","8.4",34.4,6,9.4,43.8,"102.165595625","95.369132656",30.1,44.2,45.3,28.1,26.6,46.9,23.4,26.6
"Lile, Daylen",695734,2026,23,108,118,32,22,7,0,3,17,10,14.4,8.5,".296",".444",".356","0.800","0.148",".315",".474",".358",".370",".374",".159","70.7",6.5,15.4,11.9,37.8,29.2,"7.5",1,11.9,-0.9,52.4,40.8,"88.2","15.2",41.8,5,5.5,41.1,"98.840466","93.470839444",21.6,54.8,39.6,34.1,26.4,37.4,34.1,27.5